{
  "relative_l1_mean": 0.05954352393746376,
  "relative_l1_median": 0.038055431097745895,
  "relative_l1_std": 0.06054255738854408,
  "relative_l1_min": 0.01298156101256609,
  "relative_l1_max": 0.6429275274276733,
  "l1_mean": 10.475847244262695,
  "l1_median": 6.702773571014404,
  "l1_std": 10.58137035369873,
  "l1_min": 2.3138461112976074,
  "l1_max": 111.71272277832031,
  "relative_l2_mean": 0.12228579819202423,
  "relative_l2_median": 0.0712793692946434,
  "relative_l2_std": 0.1432328075170517,
  "relative_l2_min": 0.017572542652487755,
  "relative_l2_max": 1.4968297481536865,
  "l2_mean": 0.11858026683330536,
  "l2_median": 0.06919008493423462,
  "l2_std": 0.13873763382434845,
  "l2_min": 0.016976986080408096,
  "l2_max": 1.4483907222747803,
  "predictions_mean_abs_div": 0.008229956030845642,
  "predictions_median_abs_div": 0.001871395856142044,
  "predictions_max_abs_div": 0.7309818267822266,
  "predictions_std_abs_div": 0.019145576283335686,
  "labels_mean_abs_div": 0.007234357763081789,
  "labels_median_abs_div": 0.0008423924446105957,
  "labels_max_abs_div": 0.7179279327392578,
  "labels_std_abs_div": 0.01920442283153534,
  "divergence_ratio": 1.1376208070718437
}