{
  "relative_l1_mean": 0.05924159660935402,
  "relative_l1_median": 0.03788479417562485,
  "relative_l1_std": 0.06067245453596115,
  "relative_l1_min": 0.012119821272790432,
  "relative_l1_max": 0.6426958441734314,
  "l1_mean": 10.422406196594238,
  "l1_median": 6.670831680297852,
  "l1_std": 10.604511260986328,
  "l1_min": 2.1602487564086914,
  "l1_max": 111.67247009277344,
  "relative_l2_mean": 0.12213210016489029,
  "relative_l2_median": 0.07110637426376343,
  "relative_l2_std": 0.14332732558250427,
  "relative_l2_min": 0.016725976020097733,
  "relative_l2_max": 1.4965019226074219,
  "l2_mean": 0.11843133717775345,
  "l2_median": 0.06898065656423569,
  "l2_std": 0.1388292908668518,
  "l2_min": 0.016159111633896828,
  "l2_max": 1.4480736255645752,
  "predictions_mean_abs_div": 0.008172588422894478,
  "predictions_median_abs_div": 0.0017760694026947021,
  "predictions_max_abs_div": 0.7315940856933594,
  "predictions_std_abs_div": 0.019158238545060158,
  "labels_mean_abs_div": 0.007234357763081789,
  "labels_median_abs_div": 0.0008423924446105957,
  "labels_max_abs_div": 0.7179279327392578,
  "labels_std_abs_div": 0.01920442283153534,
  "divergence_ratio": 1.1296909245533244
}