{
  "ppq_metrics": {
    "relative_l1_mean": 14.312963485717773,
    "relative_l1_median": 14.716118812561035,
    "relative_l1_std": 5.365679740905762,
    "relative_l1_min": 6.033743858337402,
    "relative_l1_max": 23.258779525756836,
    "l1_mean": 2523.7353515625,
    "l1_median": 2595.6552734375,
    "l1_std": 939.8780517578125,
    "l1_min": 1057.32958984375,
    "l1_max": 4101.0390625,
    "relative_l2_mean": 22.55698013305664,
    "relative_l2_median": 24.556438446044922,
    "relative_l2_std": 8.742005348205566,
    "relative_l2_min": 8.441118240356445,
    "relative_l2_max": 35.42981719970703,
    "l2_mean": 21.87818145751953,
    "l2_median": 23.839609146118164,
    "l2_std": 8.488686561584473,
    "l2_min": 8.180665016174316,
    "l2_max": 34.358924865722656,
    "predictions_mean_abs_div": 0.31251609325408936,
    "predictions_median_abs_div": 0.24103552103042603,
    "predictions_max_abs_div": 5.241506576538086,
    "predictions_std_abs_div": 0.2962465286254883,
    "labels_mean_abs_div": 0.007234357763081789,
    "labels_median_abs_div": 0.0008423924446105957,
    "labels_max_abs_div": 0.7179279327392578,
    "labels_std_abs_div": 0.01920442283153534,
    "divergence_ratio": 43.19887116020544
  },
  "dynamic_weight_metrics": {
    "relative_l1_mean": 0.14549772441387177,
    "relative_l1_median": 0.1339419186115265,
    "relative_l1_std": 0.07340081036090851,
    "relative_l1_min": 0.05977417528629303,
    "relative_l1_max": 0.7115126848220825,
    "l1_mean": 25.637744903564453,
    "l1_median": 23.61419677734375,
    "l1_std": 12.816129684448242,
    "l1_min": 10.677239418029785,
    "l1_max": 123.62983703613281,
    "relative_l2_mean": 0.21692782640457153,
    "relative_l2_median": 0.18518823385238647,
    "relative_l2_std": 0.14876091480255127,
    "relative_l2_min": 0.06671620160341263,
    "relative_l2_max": 1.4683482646942139,
    "l2_mean": 0.21037034690380096,
    "l2_median": 0.17969390749931335,
    "l2_std": 0.1441371738910675,
    "l2_min": 0.06454315781593323,
    "l2_max": 1.4208309650421143,
    "predictions_mean_abs_div": 0.011075956746935844,
    "predictions_median_abs_div": 0.005310099571943283,
    "predictions_max_abs_div": 0.7226591110229492,
    "predictions_std_abs_div": 0.01922256126999855,
    "labels_mean_abs_div": 0.007234357763081789,
    "labels_median_abs_div": 0.0008423924446105957,
    "labels_max_abs_div": 0.7179279327392578,
    "labels_std_abs_div": 0.01920442283153534,
    "divergence_ratio": 1.5310214059852383
  },
  "dynamic_weight_activation_metrics": {
    "relative_l1_mean": 0.27084946632385254,
    "relative_l1_median": 0.2576691508293152,
    "relative_l1_std": 0.0737171396613121,
    "relative_l1_min": 0.178852379322052,
    "relative_l1_max": 0.90779048204422,
    "l1_mean": 47.76564407348633,
    "l1_median": 45.5250358581543,
    "l1_std": 12.807866096496582,
    "l1_min": 31.823148727416992,
    "l1_max": 157.73434448242188,
    "relative_l2_mean": 0.34654441475868225,
    "relative_l2_median": 0.3074190020561218,
    "relative_l2_std": 0.15318498015403748,
    "relative_l2_min": 0.19356338679790497,
    "relative_l2_max": 1.848901391029358,
    "l2_mean": 0.33605751395225525,
    "l2_median": 0.29846781492233276,
    "l2_std": 0.14847823977470398,
    "l2_min": 0.18716365098953247,
    "l2_max": 1.7890690565109253,
    "predictions_mean_abs_div": 0.02034316398203373,
    "predictions_median_abs_div": 0.014934007078409195,
    "predictions_max_abs_div": 0.7220878601074219,
    "predictions_std_abs_div": 0.021517353132367134,
    "labels_mean_abs_div": 0.007234357763081789,
    "labels_median_abs_div": 0.0008423924446105957,
    "labels_max_abs_div": 0.7179279327392578,
    "labels_std_abs_div": 0.01920442283153534,
    "divergence_ratio": 2.8120206889195383
  },
  "comparison_vs_baseline": {
    "l1_mean": {
      "baseline": 10.475847244262695,
      "ppq": 2523.7353515625,
      "dynamic_weight": 25.637744903564453,
      "dynamic_weight_activation": 47.76564407348633,
      "ppq_diff": 2513.2595043182373,
      "ppq_ratio": 240.90990377360004,
      "dynamic_weight_diff": 15.161897659301758,
      "dynamic_weight_ratio": 2.4473194678934465,
      "dynamic_weight_activation_diff": 37.28979682922363,
      "dynamic_weight_activation_ratio": 4.559597229679114
    },
    "relative_l1_mean": {
      "baseline": 0.05954352393746376,
      "ppq": 14.312963485717773,
      "dynamic_weight": 0.14549772441387177,
      "dynamic_weight_activation": 0.27084946632385254,
      "ppq_diff": 14.25341996178031,
      "ppq_ratio": 240.37817278852597,
      "dynamic_weight_diff": 0.085954200476408,
      "dynamic_weight_ratio": 2.4435524602849976,
      "dynamic_weight_activation_diff": 0.21130594238638878,
      "dynamic_weight_activation_ratio": 4.548764473593575
    },
    "l2_mean": {
      "baseline": 0.11858026683330536,
      "ppq": 21.87818145751953,
      "dynamic_weight": 0.21037034690380096,
      "dynamic_weight_activation": 0.33605751395225525,
      "ppq_diff": 21.759601190686226,
      "ppq_ratio": 184.5010307498326,
      "dynamic_weight_diff": 0.0917900800704956,
      "dynamic_weight_ratio": 1.7740755061527713,
      "dynamic_weight_activation_diff": 0.2174772471189499,
      "dynamic_weight_activation_ratio": 2.834008751404104
    },
    "relative_l2_mean": {
      "baseline": 0.12228579819202423,
      "ppq": 22.55698013305664,
      "dynamic_weight": 0.21692782640457153,
      "dynamic_weight_activation": 0.34654441475868225,
      "ppq_diff": 22.434694334864616,
      "ppq_ratio": 184.46115956532554,
      "dynamic_weight_diff": 0.0946420282125473,
      "dynamic_weight_ratio": 1.7739412884410164,
      "dynamic_weight_activation_diff": 0.22425861656665802,
      "dynamic_weight_activation_ratio": 2.8338892976899324
    },
    "divergence_ratio": {
      "baseline": 1.1376208070718437,
      "ppq": 43.19887116020544,
      "dynamic_weight": 1.5310214059852383,
      "dynamic_weight_activation": 2.8120206889195383,
      "ppq_diff": 42.0612503531336,
      "ppq_ratio": 37.972996706484594,
      "dynamic_weight_diff": 0.39340059891339463,
      "dynamic_weight_ratio": 1.3458099539552502,
      "dynamic_weight_activation_diff": 1.6743998818476946,
      "dynamic_weight_activation_ratio": 2.471843580423789
    }
  }
}