{
  "ppq_metrics": {
    "relative_l1_mean": 14.31277847290039,
    "relative_l1_median": 14.724910736083984,
    "relative_l1_std": 5.365787029266357,
    "relative_l1_min": 6.033295154571533,
    "relative_l1_max": 23.26820945739746,
    "l1_mean": 2523.703125,
    "l1_median": 2594.001953125,
    "l1_std": 939.8959350585938,
    "l1_min": 1055.2587890625,
    "l1_max": 4104.16845703125,
    "relative_l2_mean": 22.557167053222656,
    "relative_l2_median": 24.554889678955078,
    "relative_l2_std": 8.741665840148926,
    "relative_l2_min": 8.413677215576172,
    "relative_l2_max": 35.41753387451172,
    "l2_mean": 21.87836456298828,
    "l2_median": 23.845603942871094,
    "l2_std": 8.488357543945312,
    "l2_min": 8.154069900512695,
    "l2_max": 34.34701156616211,
    "predictions_mean_abs_div": 0.3125379979610443,
    "predictions_median_abs_div": 0.2410191297531128,
    "predictions_max_abs_div": 5.271463394165039,
    "predictions_std_abs_div": 0.2962643504142761,
    "labels_mean_abs_div": 0.007234357763081789,
    "labels_median_abs_div": 0.0008423924446105957,
    "labels_max_abs_div": 0.7179279327392578,
    "labels_std_abs_div": 0.01920442283153534,
    "divergence_ratio": 43.20189903183822
  },
  "dynamic_weight_metrics": {
    "relative_l1_mean": 0.14542925357818604,
    "relative_l1_median": 0.13393795490264893,
    "relative_l1_std": 0.07339872419834137,
    "relative_l1_min": 0.05964905768632889,
    "relative_l1_max": 0.7112341523170471,
    "l1_mean": 25.625707626342773,
    "l1_median": 23.611209869384766,
    "l1_std": 12.815885543823242,
    "l1_min": 10.654890060424805,
    "l1_max": 123.58143615722656,
    "relative_l2_mean": 0.21692870557308197,
    "relative_l2_median": 0.1852916181087494,
    "relative_l2_std": 0.1487850397825241,
    "relative_l2_min": 0.06655097007751465,
    "relative_l2_max": 1.468430519104004,
    "l2_mean": 0.21037116646766663,
    "l2_median": 0.17983418703079224,
    "l2_std": 0.14416053891181946,
    "l2_min": 0.06438330560922623,
    "l2_max": 1.4209104776382446,
    "predictions_mean_abs_div": 0.011011381633579731,
    "predictions_median_abs_div": 0.005227148532867432,
    "predictions_max_abs_div": 0.7214937210083008,
    "predictions_std_abs_div": 0.01922552101314068,
    "labels_mean_abs_div": 0.007234357763081789,
    "labels_median_abs_div": 0.0008423924446105957,
    "labels_max_abs_div": 0.7179279327392578,
    "labels_std_abs_div": 0.01920442283153534,
    "divergence_ratio": 1.522095235262381
  },
  "dynamic_weight_activation_metrics": {
    "relative_l1_mean": 0.27096375823020935,
    "relative_l1_median": 0.25957047939300537,
    "relative_l1_std": 0.07342877238988876,
    "relative_l1_min": 0.1793397217988968,
    "relative_l1_max": 0.8898837566375732,
    "l1_mean": 47.78590393066406,
    "l1_median": 45.697410583496094,
    "l1_std": 12.757580757141113,
    "l1_min": 31.72885513305664,
    "l1_max": 154.6229248046875,
    "relative_l2_mean": 0.3465874493122101,
    "relative_l2_median": 0.30857881903648376,
    "relative_l2_std": 0.15254735946655273,
    "relative_l2_min": 0.19326022267341614,
    "relative_l2_max": 1.8197729587554932,
    "l2_mean": 0.33609938621520996,
    "l2_median": 0.29923927783966064,
    "l2_std": 0.14786148071289062,
    "l2_min": 0.18674933910369873,
    "l2_max": 1.7608834505081177,
    "predictions_mean_abs_div": 0.020318759605288506,
    "predictions_median_abs_div": 0.014922857284545898,
    "predictions_max_abs_div": 0.7203884124755859,
    "predictions_std_abs_div": 0.0215016920119524,
    "labels_mean_abs_div": 0.007234357763081789,
    "labels_median_abs_div": 0.0008423924446105957,
    "labels_max_abs_div": 0.7179279327392578,
    "labels_std_abs_div": 0.01920442283153534,
    "divergence_ratio": 2.808647289758603
  },
  "comparison_vs_baseline": {
    "l1_mean": {
      "baseline": 10.422406196594238,
      "ppq": 2523.703125,
      "dynamic_weight": 25.625707626342773,
      "dynamic_weight_activation": 47.78590393066406,
      "ppq_diff": 2513.2807188034058,
      "ppq_ratio": 242.14208095482175,
      "dynamic_weight_diff": 15.203301429748535,
      "dynamic_weight_ratio": 2.458713193764613,
      "dynamic_weight_activation_diff": 37.363497734069824,
      "dynamic_weight_activation_ratio": 4.584920509649166
    },
    "relative_l1_mean": {
      "baseline": 0.05924159660935402,
      "ppq": 14.31277847290039,
      "dynamic_weight": 0.14542925357818604,
      "dynamic_weight_activation": 0.27096375823020935,
      "ppq_diff": 14.253536876291037,
      "ppq_ratio": 241.60014739371252,
      "dynamic_weight_diff": 0.08618765696883202,
      "dynamic_weight_ratio": 2.4548503399513115,
      "dynamic_weight_activation_diff": 0.21172216162085533,
      "dynamic_weight_activation_ratio": 4.5738766970175035
    },
    "l2_mean": {
      "baseline": 0.11843133717775345,
      "ppq": 21.87836456298828,
      "dynamic_weight": 0.21037116646766663,
      "dynamic_weight_activation": 0.33609938621520996,
      "ppq_diff": 21.759933225810528,
      "ppq_ratio": 184.7345903894198,
      "dynamic_weight_diff": 0.09193982928991318,
      "dynamic_weight_ratio": 1.7763133599525645,
      "dynamic_weight_activation_diff": 0.2176680490374565,
      "dynamic_weight_activation_ratio": 2.8379261285205355
    },
    "relative_l2_mean": {
      "baseline": 0.12213210016489029,
      "ppq": 22.557167053222656,
      "dynamic_weight": 0.21692870557308197,
      "dynamic_weight_activation": 0.3465874493122101,
      "ppq_diff": 22.435034953057766,
      "ppq_ratio": 184.69482652458754,
      "dynamic_weight_diff": 0.09479660540819168,
      "dynamic_weight_ratio": 1.7761809162245699,
      "dynamic_weight_activation_diff": 0.2244553491473198,
      "dynamic_weight_activation_ratio": 2.8378079869374657
    },
    "divergence_ratio": {
      "baseline": 1.1296909245533244,
      "ppq": 43.20189903183822,
      "dynamic_weight": 1.522095235262381,
      "dynamic_weight_activation": 2.808647289758603,
      "ppq_diff": 42.072208107284894,
      "ppq_ratio": 38.24222899629103,
      "dynamic_weight_diff": 0.3924043107090567,
      "dynamic_weight_ratio": 1.347355459957213,
      "dynamic_weight_activation_diff": 1.6789563652052786,
      "dynamic_weight_activation_ratio": 2.4862085980434383
    }
  }
}