{
  "relative_l1_mean": 0.18069525063037872,
  "relative_l1_median": 0.11176512390375137,
  "relative_l1_std": 0.18854889273643494,
  "relative_l1_min": 0.01725737191736698,
  "relative_l1_max": 1.354149580001831,
  "l1_mean": 47.35639572143555,
  "l1_median": 28.928861618041992,
  "l1_std": 50.91939926147461,
  "l1_min": 3.8916213512420654,
  "l1_max": 422.08843994140625,
  "relative_l2_mean": 0.2589622735977173,
  "relative_l2_median": 0.16431143879890442,
  "relative_l2_std": 0.270895391702652,
  "relative_l2_min": 0.023029441013932228,
  "relative_l2_max": 1.9238498210906982,
  "l2_mean": 0.3508166968822479,
  "l2_median": 0.21600881218910217,
  "l2_std": 0.37952008843421936,
  "l2_min": 0.027159851044416428,
  "l2_max": 3.1917777061462402,
  "predictions_mean_abs_div": 0.01773226447403431,
  "predictions_median_abs_div": 0.012576282024383545,
  "predictions_max_abs_div": 1.3106107711791992,
  "predictions_std_abs_div": 0.020821474492549896,
  "labels_mean_abs_div": 0.01567895896732807,
  "labels_median_abs_div": 0.010840892791748047,
  "labels_max_abs_div": 1.1231765747070312,
  "labels_std_abs_div": 0.02045663446187973,
  "divergence_ratio": 1.1309592937827697
}