{
  "relative_l1_mean": 0.17961381375789642,
  "relative_l1_median": 0.1028088927268982,
  "relative_l1_std": 0.195677250623703,
  "relative_l1_min": 0.01592017151415348,
  "relative_l1_max": 1.433071255683899,
  "l1_mean": 46.933624267578125,
  "l1_median": 27.377777099609375,
  "l1_std": 52.31219482421875,
  "l1_min": 3.589275360107422,
  "l1_max": 390.15057373046875,
  "relative_l2_mean": 0.25550833344459534,
  "relative_l2_median": 0.15220864117145538,
  "relative_l2_std": 0.2840578258037567,
  "relative_l2_min": 0.019728045910596848,
  "relative_l2_max": 2.0678365230560303,
  "l2_mean": 0.3452509939670563,
  "l2_median": 0.1997978240251541,
  "l2_std": 0.3944495916366577,
  "l2_min": 0.023267168551683426,
  "l2_max": 2.917304039001465,
  "predictions_mean_abs_div": 0.01721074990928173,
  "predictions_median_abs_div": 0.0122222900390625,
  "predictions_max_abs_div": 1.313450813293457,
  "predictions_std_abs_div": 0.020266981795430183,
  "labels_mean_abs_div": 0.01567895896732807,
  "labels_median_abs_div": 0.010840892791748047,
  "labels_max_abs_div": 1.1231765747070312,
  "labels_std_abs_div": 0.02045663446187973,
  "divergence_ratio": 1.0976972282009214
}