{
  "relative_l1_mean": 24.533119201660156,
  "relative_l1_median": 25.40860939025879,
  "relative_l1_std": 9.91240406036377,
  "relative_l1_min": 7.844883918762207,
  "relative_l1_max": 44.07827377319336,
  "l1_mean": 6380.6376953125,
  "l1_median": 6535.3115234375,
  "l1_std": 2649.07861328125,
  "l1_min": 2251.28759765625,
  "l1_max": 12373.6005859375,
  "relative_l2_mean": 32.634464263916016,
  "relative_l2_median": 34.05290985107422,
  "relative_l2_std": 13.262529373168945,
  "relative_l2_min": 10.400875091552734,
  "relative_l2_max": 59.86676788330078,
  "l2_mean": 43.823421478271484,
  "l2_median": 44.95338821411133,
  "l2_std": 18.307296752929688,
  "l2_min": 15.166387557983398,
  "l2_max": 84.46004486083984,
  "predictions_mean_abs_div": 0.7619490623474121,
  "predictions_median_abs_div": 0.605388879776001,
  "predictions_max_abs_div": 13.84402847290039,
  "predictions_std_abs_div": 0.6844472289085388,
  "labels_mean_abs_div": 0.01567895896732807,
  "labels_median_abs_div": 0.010840892791748047,
  "labels_max_abs_div": 1.1231765747070312,
  "labels_std_abs_div": 0.02045663446187973,
  "divergence_ratio": 48.59691635621188
}