{
  "relative_l1_mean": 0.18029336631298065,
  "relative_l1_median": 0.11162562668323517,
  "relative_l1_std": 0.1887235790491104,
  "relative_l1_min": 0.016469590365886688,
  "relative_l1_max": 1.3537182807922363,
  "l1_mean": 47.2536735534668,
  "l1_median": 28.823497772216797,
  "l1_std": 50.9646110534668,
  "l1_min": 3.713972568511963,
  "l1_max": 421.9539794921875,
  "relative_l2_mean": 0.25873732566833496,
  "relative_l2_median": 0.16424337029457092,
  "relative_l2_std": 0.2710607349872589,
  "relative_l2_min": 0.022377068176865578,
  "relative_l2_max": 1.9234416484832764,
  "l2_mean": 0.3505277633666992,
  "l2_median": 0.2164376676082611,
  "l2_std": 0.37974855303764343,
  "l2_min": 0.026390474289655685,
  "l2_max": 3.191100835800171,
  "predictions_mean_abs_div": 0.017687896266579628,
  "predictions_median_abs_div": 0.012531280517578125,
  "predictions_max_abs_div": 1.309974193572998,
  "predictions_std_abs_div": 0.020809302106499672,
  "labels_mean_abs_div": 0.01567895896732807,
  "labels_median_abs_div": 0.010840892791748047,
  "labels_max_abs_div": 1.1231765747070312,
  "labels_std_abs_div": 0.02045663446187973,
  "divergence_ratio": 1.128129500856839
}