{
  "ppq_metrics": {
    "relative_l1_mean": 24.268808364868164,
    "relative_l1_median": 24.464916229248047,
    "relative_l1_std": 9.03264331817627,
    "relative_l1_min": 8.46838665008545,
    "relative_l1_max": 44.623355865478516,
    "l1_mean": 6307.72998046875,
    "l1_median": 6199.482421875,
    "l1_std": 2415.375732421875,
    "l1_min": 2639.59619140625,
    "l1_max": 12173.8955078125,
    "relative_l2_mean": 32.105186462402344,
    "relative_l2_median": 32.506431579589844,
    "relative_l2_std": 12.165143966674805,
    "relative_l2_min": 10.65168571472168,
    "relative_l2_max": 59.87618637084961,
    "l2_mean": 43.077423095703125,
    "l2_median": 42.86368942260742,
    "l2_std": 16.79302978515625,
    "l2_min": 17.67176055908203,
    "l2_max": 84.47332763671875,
    "predictions_mean_abs_div": 0.7578994035720825,
    "predictions_median_abs_div": 0.5838251113891602,
    "predictions_max_abs_div": 15.564702987670898,
    "predictions_std_abs_div": 0.7124786376953125,
    "labels_mean_abs_div": 0.01567895896732807,
    "labels_median_abs_div": 0.010840892791748047,
    "labels_max_abs_div": 1.1231765747070312,
    "labels_std_abs_div": 0.02045663446187973,
    "divergence_ratio": 48.33863015507188
  },
  "dynamic_weight_metrics": {
    "relative_l1_mean": 0.27645835280418396,
    "relative_l1_median": 0.21531930565834045,
    "relative_l1_std": 0.19552300870418549,
    "relative_l1_min": 0.08175235241651535,
    "relative_l1_max": 1.3471418619155884,
    "l1_mean": 72.19928741455078,
    "l1_median": 55.40874481201172,
    "l1_std": 52.80393600463867,
    "l1_min": 19.747777938842773,
    "l1_max": 418.9229736328125,
    "relative_l2_mean": 0.38119086623191833,
    "relative_l2_median": 0.28944188356399536,
    "relative_l2_std": 0.27869492769241333,
    "relative_l2_min": 0.1078617200255394,
    "relative_l2_max": 1.940622329711914,
    "l2_mean": 0.5143327116966248,
    "l2_median": 0.3850385844707489,
    "l2_std": 0.39033761620521545,
    "l2_min": 0.13406313955783844,
    "l2_max": 3.2196044921875,
    "predictions_mean_abs_div": 0.026317328214645386,
    "predictions_median_abs_div": 0.020280182361602783,
    "predictions_max_abs_div": 1.2966485023498535,
    "predictions_std_abs_div": 0.02581234835088253,
    "labels_mean_abs_div": 0.01567895896732807,
    "labels_median_abs_div": 0.010840892791748047,
    "labels_max_abs_div": 1.1231765747070312,
    "labels_std_abs_div": 0.02045663446187973,
    "divergence_ratio": 1.6785124638462525
  },
  "dynamic_weight_activation_metrics": {
    "relative_l1_mean": 0.44164353609085083,
    "relative_l1_median": 0.39543142914772034,
    "relative_l1_std": 0.20098522305488586,
    "relative_l1_min": 0.207743838429451,
    "relative_l1_max": 1.5788558721542358,
    "l1_mean": 115.10054779052734,
    "l1_median": 103.17147064208984,
    "l1_std": 54.749786376953125,
    "l1_min": 49.33928680419922,
    "l1_max": 455.48260498046875,
    "relative_l2_mean": 0.5792974233627319,
    "relative_l2_median": 0.510075032711029,
    "relative_l2_std": 0.29082682728767395,
    "relative_l2_min": 0.24546317756175995,
    "relative_l2_max": 2.278346300125122,
    "l2_mean": 0.7800018787384033,
    "l2_median": 0.683106541633606,
    "l2_std": 0.40968766808509827,
    "l2_min": 0.3026503920555115,
    "l2_max": 3.4115946292877197,
    "predictions_mean_abs_div": 0.044562675058841705,
    "predictions_median_abs_div": 0.03660408407449722,
    "predictions_max_abs_div": 1.322854995727539,
    "predictions_std_abs_div": 0.036743804812431335,
    "labels_mean_abs_div": 0.01567895896732807,
    "labels_median_abs_div": 0.010840892791748047,
    "labels_max_abs_div": 1.1231765747070312,
    "labels_std_abs_div": 0.02045663446187973,
    "divergence_ratio": 2.842196019996106
  },
  "comparison_vs_baseline": {
    "l1_mean": {
      "baseline": 47.2536735534668,
      "ppq": 6307.72998046875,
      "dynamic_weight": 72.19928741455078,
      "dynamic_weight_activation": 115.10054779052734,
      "ppq_diff": 6260.476306915283,
      "ppq_ratio": 133.48655260276257,
      "dynamic_weight_diff": 24.945613861083984,
      "dynamic_weight_ratio": 1.5279084563204781,
      "dynamic_weight_activation_diff": 67.84687423706055,
      "dynamic_weight_activation_ratio": 2.4358010528068346
    },
    "relative_l1_mean": {
      "baseline": 0.18029336631298065,
      "ppq": 24.268808364868164,
      "dynamic_weight": 0.27645835280418396,
      "dynamic_weight_activation": 0.44164353609085083,
      "ppq_diff": 24.088514998555183,
      "ppq_ratio": 134.60732838391883,
      "dynamic_weight_diff": 0.09616498649120331,
      "dynamic_weight_ratio": 1.5333806143634376,
      "dynamic_weight_activation_diff": 0.2613501697778702,
      "dynamic_weight_activation_ratio": 2.449582838903397
    },
    "l2_mean": {
      "baseline": 0.3505277633666992,
      "ppq": 43.077423095703125,
      "dynamic_weight": 0.5143327116966248,
      "dynamic_weight_activation": 0.7800018787384033,
      "ppq_diff": 42.726895332336426,
      "ppq_ratio": 122.89304185733057,
      "dynamic_weight_diff": 0.16380494832992554,
      "dynamic_weight_ratio": 1.4673094842906815,
      "dynamic_weight_activation_diff": 0.4294741153717041,
      "dynamic_weight_activation_ratio": 2.2252213954310696
    },
    "relative_l2_mean": {
      "baseline": 0.25873732566833496,
      "ppq": 32.105186462402344,
      "dynamic_weight": 0.38119086623191833,
      "dynamic_weight_activation": 0.5792974233627319,
      "ppq_diff": 31.84644913673401,
      "ppq_ratio": 124.08409331490354,
      "dynamic_weight_diff": 0.12245354056358337,
      "dynamic_weight_ratio": 1.4732735806316497,
      "dynamic_weight_activation_diff": 0.320560097694397,
      "dynamic_weight_activation_ratio": 2.238940291525898
    },
    "divergence_ratio": {
      "baseline": 1.128129500856839,
      "ppq": 48.33863015507188,
      "dynamic_weight": 1.6785124638462525,
      "dynamic_weight_activation": 2.842196019996106,
      "ppq_diff": 47.210500654215046,
      "ppq_ratio": 42.848476277160366,
      "dynamic_weight_diff": 0.5503829629894135,
      "dynamic_weight_ratio": 1.4878721481619774,
      "dynamic_weight_activation_diff": 1.714066519139267,
      "dynamic_weight_activation_ratio": 2.519388082516126
    }
  }
}