{
  "ppq_metrics": {
    "relative_l1_mean": 23.441938400268555,
    "relative_l1_median": 23.242511749267578,
    "relative_l1_std": 8.49980640411377,
    "relative_l1_min": 8.392464637756348,
    "relative_l1_max": 43.083797454833984,
    "l1_mean": 6089.0986328125,
    "l1_median": 5898.078125,
    "l1_std": 2261.96435546875,
    "l1_min": 2616.884033203125,
    "l1_max": 11729.470703125,
    "relative_l2_mean": 31.0485782623291,
    "relative_l2_median": 30.961383819580078,
    "relative_l2_std": 11.582348823547363,
    "relative_l2_min": 10.52237319946289,
    "relative_l2_max": 58.39990997314453,
    "l2_mean": 41.63673782348633,
    "l2_median": 40.94612121582031,
    "l2_std": 15.91901683807373,
    "l2_min": 17.462690353393555,
    "l2_max": 82.39059448242188,
    "predictions_mean_abs_div": 0.7468569874763489,
    "predictions_median_abs_div": 0.5941838026046753,
    "predictions_max_abs_div": 16.891931533813477,
    "predictions_std_abs_div": 0.6838150024414062,
    "labels_mean_abs_div": 0.01567895896732807,
    "labels_median_abs_div": 0.010840892791748047,
    "labels_max_abs_div": 1.1231765747070312,
    "labels_std_abs_div": 0.02045663446187973,
    "divergence_ratio": 47.63434768017571
  },
  "dynamic_weight_metrics": {
    "relative_l1_mean": 0.2763892114162445,
    "relative_l1_median": 0.2149379700422287,
    "relative_l1_std": 0.1953885853290558,
    "relative_l1_min": 0.0820542648434639,
    "relative_l1_max": 1.346843957901001,
    "l1_mean": 72.18028259277344,
    "l1_median": 55.4340705871582,
    "l1_std": 52.76692199707031,
    "l1_min": 19.834781646728516,
    "l1_max": 418.8980712890625,
    "relative_l2_mean": 0.38115647435188293,
    "relative_l2_median": 0.28943467140197754,
    "relative_l2_std": 0.27853894233703613,
    "relative_l2_min": 0.10835926234722137,
    "relative_l2_max": 1.940326452255249,
    "l2_mean": 0.5142751336097717,
    "l2_median": 0.3846859335899353,
    "l2_std": 0.39010658860206604,
    "l2_min": 0.1349109411239624,
    "l2_max": 3.21911358833313,
    "predictions_mean_abs_div": 0.026285015046596527,
    "predictions_median_abs_div": 0.020250439643859863,
    "predictions_max_abs_div": 1.298051357269287,
    "predictions_std_abs_div": 0.02578701637685299,
    "labels_mean_abs_div": 0.01567895896732807,
    "labels_median_abs_div": 0.010840892791748047,
    "labels_max_abs_div": 1.1231765747070312,
    "labels_std_abs_div": 0.02045663446187973,
    "divergence_ratio": 1.6764515382509946
  },
  "dynamic_weight_activation_metrics": {
    "relative_l1_mean": 0.44157618284225464,
    "relative_l1_median": 0.396678626537323,
    "relative_l1_std": 0.20080514252185822,
    "relative_l1_min": 0.20826338231563568,
    "relative_l1_max": 1.571667194366455,
    "l1_mean": 115.08370971679688,
    "l1_median": 102.84478759765625,
    "l1_std": 54.716556549072266,
    "l1_min": 49.17584991455078,
    "l1_max": 459.8605041503906,
    "relative_l2_mean": 0.5795403122901917,
    "relative_l2_median": 0.5093927979469299,
    "relative_l2_std": 0.2909092605113983,
    "relative_l2_min": 0.247916117310524,
    "relative_l2_max": 2.2726118564605713,
    "l2_mean": 0.7803496718406677,
    "l2_median": 0.6820770502090454,
    "l2_std": 0.4099586606025696,
    "l2_min": 0.30138808488845825,
    "l2_max": 3.4488842487335205,
    "predictions_mean_abs_div": 0.04455890133976936,
    "predictions_median_abs_div": 0.036588579416275024,
    "predictions_max_abs_div": 1.322066307067871,
    "predictions_std_abs_div": 0.03674018755555153,
    "labels_mean_abs_div": 0.01567895896732807,
    "labels_median_abs_div": 0.010840892791748047,
    "labels_max_abs_div": 1.1231765747070312,
    "labels_std_abs_div": 0.02045663446187973,
    "divergence_ratio": 2.841955333158661
  },
  "comparison_vs_baseline": {
    "l1_mean": {
      "baseline": 47.35639572143555,
      "ppq": 6089.0986328125,
      "dynamic_weight": 72.18028259277344,
      "dynamic_weight_activation": 115.08370971679688,
      "ppq_diff": 6041.742237091064,
      "ppq_ratio": 128.58028023564688,
      "dynamic_weight_diff": 24.82388687133789,
      "dynamic_weight_ratio": 1.5241929098100682,
      "dynamic_weight_activation_diff": 67.72731399536133,
      "dynamic_weight_activation_ratio": 2.4301619235076752
    },
    "relative_l1_mean": {
      "baseline": 0.18069525063037872,
      "ppq": 23.441938400268555,
      "dynamic_weight": 0.2763892114162445,
      "dynamic_weight_activation": 0.44157618284225464,
      "ppq_diff": 23.261243149638176,
      "ppq_ratio": 129.73190118920442,
      "dynamic_weight_diff": 0.09569396078586578,
      "dynamic_weight_ratio": 1.5295875815800108,
      "dynamic_weight_activation_diff": 0.2608809322118759,
      "dynamic_weight_activation_ratio": 2.4437619765838634
    },
    "l2_mean": {
      "baseline": 0.3508166968822479,
      "ppq": 41.63673782348633,
      "dynamic_weight": 0.5142751336097717,
      "dynamic_weight_activation": 0.7803496718406677,
      "ppq_diff": 41.28592112660408,
      "ppq_ratio": 118.68516576719001,
      "dynamic_weight_diff": 0.1634584367275238,
      "dynamic_weight_ratio": 1.4659368786569555,
      "dynamic_weight_activation_diff": 0.4295329749584198,
      "dynamic_weight_activation_ratio": 2.224380078751978
    },
    "relative_l2_mean": {
      "baseline": 0.2589622735977173,
      "ppq": 31.0485782623291,
      "dynamic_weight": 0.38115647435188293,
      "dynamic_weight_activation": 0.5795403122901917,
      "ppq_diff": 30.789615988731384,
      "ppq_ratio": 119.89614483552671,
      "dynamic_weight_diff": 0.12219420075416565,
      "dynamic_weight_ratio": 1.4718610130158007,
      "dynamic_weight_activation_diff": 0.32057803869247437,
      "dynamic_weight_activation_ratio": 2.23793336471951
    },
    "divergence_ratio": {
      "baseline": 1.1309592937827697,
      "ppq": 47.63434768017571,
      "dynamic_weight": 1.6764515382509946,
      "dynamic_weight_activation": 2.841955333158661,
      "ppq_diff": 46.503388386392935,
      "ppq_ratio": 42.11853418774152,
      "dynamic_weight_diff": 0.5454922444682249,
      "dynamic_weight_ratio": 1.4823270364065981,
      "dynamic_weight_activation_diff": 1.7109960393758914,
      "dynamic_weight_activation_ratio": 2.5128714612269856
    }
  }
}