batch_idx,layer,bits_before_mean,bits_after_mean,delta_bits_mean,delta_s_mean,delta_s_median,delta_s_min,delta_s_max,frac_delta_s_pos,frac_delta_s_neg,like_grad_mean,like_grad_median,like_grad_min,like_grad_max,frac_like_grad_neg,frac_like_grad_pos,prior_grad_mean,prior_grad_median,prior_grad_min,prior_grad_max,frac_prior_grad_neg,frac_prior_grad_pos,prior_contrib_grad_mean,total_grad_mean,frac_total_grad_neg,frac_total_grad_pos,adam_exp_avg_before_mean,adam_exp_avg_after_mean,agree_like_grad_with_delta,agree_prior_grad_with_delta,agree_total_grad_with_delta,like_loss,prior_loss,total_loss,lr
0,encoder.layers.0.blocks.0.attention.self.continuous_position_bias_mlp.0,7.999953269958496,9.036865234375,1.0369117259979248,9.255345503333956e-05,0.0006838141707703471,-0.0009099505841732025,0.0009099651360884309,0.517578125,0.470703125,1.212557947383175e-07,-3.417244442971423e-08,-0.0002617709687910974,0.00028872041730210185,0.517578125,0.470703125,0.0,0.0,0.0,0.0,0.0,0.0,0.0,1.212557947383175e-07,0.517578125,0.470703125,0.0,1.2125596526857407e-08,1.0,nan,1.0,0.18069756031036377,0.008924740366637707,0.18962229788303375,0.00091
0,encoder.layers.0.blocks.0.attention.self.continuous_position_bias_mlp.2,7.999995231628418,8.09919548034668,0.09919993579387665,0.00030332227470353246,0.000909978523850441,-0.0009099965682253242,0.0009099848102778196,0.6666666865348816,0.3333333432674408,0.000562917091883719,-0.00042950513307005167,-0.0005987727781757712,0.002717029070481658,0.6666666865348816,0.3333333432674408,0.0,0.0,0.0,0.0,0.0,0.0,0.0,0.000562917091883719,0.6666666865348816,0.3333333432674408,0.0,5.6291708460776135e-05,1.0,nan,1.0,0.18069756031036377,0.008924740366637707,0.18962229788303375,0.00091
0,encoder.layers.0.blocks.0.attention.self.query,7.999963283538818,12.790416717529297,4.790454387664795,0.0002446275611873716,0.0009054576512426138,-0.0009099919116124511,0.0009099974413402379,0.5104166865348816,0.4895833432674408,7.999438821570948e-06,-5.713447080779588e-06,-0.003498668549582362,0.007073312997817993,0.5104166865348816,0.4895833432674408,0.0,0.0,0.0,0.0,0.0,0.0,0.0,7.999438821570948e-06,0.5104166865348816,0.4895833432674408,0.0,7.999444164852321e-07,1.0,nan,1.0,0.18069756031036377,0.008924740366637707,0.18962229788303375,0.00091
0,encoder.layers.0.blocks.0.attention.self.key,7.999960899353027,12.885699272155762,4.885737895965576,0.00020810053683817387,-0.0002017761580646038,-0.0009099891176447272,0.0009099983144551516,0.4895833432674408,0.5104166865348816,6.932621909072623e-05,1.774037400537054e-06,-0.005653495900332928,0.005486069712787867,0.4895833432674408,0.5104166865348816,0.0,0.0,0.0,0.0,0.0,0.0,0.0,6.932621909072623e-05,0.4895833432674408,0.5104166865348816,0.0,6.932622909516795e-06,1.0,nan,1.0,0.18069756031036377,0.008924740366637707,0.18962229788303375,0.00091
0,encoder.layers.0.blocks.0.attention.self.value,7.999977111816406,12.570865631103516,4.570888519287109,9.258984209736809e-05,-0.00037776431418024004,-0.0009099996532313526,0.000910000060684979,0.4895833432674408,0.5104166865348816,0.0008619393920525908,0.00012485217303037643,-0.36301273107528687,0.19151878356933594,0.4895833432674408,0.5104166865348816,0.0,0.0,0.0,0.0,0.0,0.0,0.0,0.0008619393920525908,0.4895833432674408,0.5104166865348816,0.0,8.619395521236584e-05,1.0,nan,1.0,0.18069756031036377,0.008924740366637707,0.18962229788303375,0.00091
0,encoder.layers.0.blocks.0.attention.output.dense,7.9999189376831055,12.198514938354492,4.1985955238342285,0.000301725318422541,0.0009098743321374059,-0.0009099976159632206,0.0009099999442696571,0.5208333730697632,0.4791666865348816,-0.0001771497045410797,-0.00010942797234747559,-0.10785725712776184,0.08207108825445175,0.5208333730697632,0.4791666865348816,0.0,0.0,0.0,0.0,0.0,0.0,0.0,-0.0001771497045410797,0.5208333730697632,0.4791666865348816,0.0,-1.7714977730065584e-05,1.0,nan,1.0,0.18069756031036377,0.008924740366637707,0.18962229788303375,0.00091
0,encoder.layers.0.blocks.0.intermediate.dense,7.999970436096191,13.364428520202637,5.364458084106445,0.00017363524239044636,-0.000253386446274817,-0.0009099994786083698,0.0009099999442696571,0.4856770932674408,0.5143229365348816,0.0011705467477440834,5.663818592438474e-05,-0.07253672182559967,0.15044254064559937,0.4856770932674408,0.5143229365348816,0.0,0.0,0.0,0.0,0.0,0.0,0.0,0.0011705467477440834,0.4856770932674408,0.5143229365348816,0.0,0.00011705467477440834,1.0,nan,1.0,0.18069756031036377,0.008924740366637707,0.18962229788303375,0.00091
0,encoder.layers.0.blocks.0.output.dense,7.9999542236328125,13.307302474975586,5.307347297668457,0.0001391659170622006,-0.000243664369918406,-0.0009099958697333932,0.0009099998278543353,0.4322916865348816,0.5677083730697632,0.0008873295737430453,0.00035089798620902,-0.039150092750787735,0.06690540909767151,0.4322916865348816,0.5677083730697632,0.0,0.0,0.0,0.0,0.0,0.0,0.0,0.0008873295737430453,0.4322916865348816,0.5677083730697632,0.0,8.873293700162321e-05,1.0,nan,1.0,0.18069756031036377,0.008924740366637707,0.18962229788303375,0.00091
0,encoder.layers.0.blocks.1.attention.self.continuous_position_bias_mlp.0,7.999265670776367,9.263949394226074,1.2646839618682861,1.934849569806829e-05,-4.0151376197172794e-06,-0.0009099958697333932,0.0009099962189793587,0.482421875,0.51171875,1.9238690583733842e-05,3.2493320534232595e-11,-0.002374562667682767,0.002268231939524412,0.482421875,0.51171875,0.0,0.0,0.0,0.0,0.0,0.0,0.0,1.9238690583733842e-05,0.482421875,0.51171875,0.0,1.9238691493228544e-06,1.0,nan,1.0,0.18069756031036377,0.008924740366637707,0.18962229788303375,0.00091
0,encoder.layers.0.blocks.1.attention.self.continuous_position_bias_mlp.2,7.999997138977051,8.140962600708008,0.14096593856811523,-0.0003032905515283346,-0.0009098746813833714,-0.0009099950548261404,0.0009099980816245079,0.3333333432674408,0.6666666865348816,-0.0007775455596856773,7.258386176545173e-05,-0.004301644396036863,0.0018964236369356513,0.3333333432674408,0.6666666865348816,0.0,0.0,0.0,0.0,0.0,0.0,0.0,-0.0007775455596856773,0.3333333432674408,0.6666666865348816,0.0,-7.775457197567448e-05,1.0,nan,1.0,0.18069756031036377,0.008924740366637707,0.18962229788303375,0.00091
0,encoder.layers.0.blocks.1.attention.self.query,7.999977111816406,13.453474044799805,5.45349645614624,0.00012345481081865728,-0.00048682649503462017,-0.0007843805360607803,0.0009099987801164389,0.4895833432674408,0.5104166865348816,0.0002656423021107912,1.3796205166727304e-05,-0.008424031548202038,0.013372642919421196,0.4895833432674408,0.5104166865348816,0.0,0.0,0.0,0.0,0.0,0.0,0.0,0.0002656423021107912,0.4895833432674408,0.5104166865348816,0.0,2.6564226573100314e-05,1.0,nan,1.0,0.18069756031036377,0.008924740366637707,0.18962229788303375,0.00091
0,encoder.layers.0.blocks.1.attention.self.key,7.999974250793457,13.45376205444336,5.4537882804870605,0.00014606751210521907,-0.0003590472333598882,-0.0008277261513285339,0.0009099991293624043,0.484375,0.515625,-5.713674909202382e-05,6.244934047572315e-05,-0.011732836253941059,0.010042846202850342,0.484375,0.515625,0.0,0.0,0.0,0.0,0.0,0.0,0.0,-5.713674909202382e-05,0.484375,0.515625,0.0,-5.713675818697084e-06,1.0,nan,1.0,0.18069756031036377,0.008924740366637707,0.18962229788303375,0.00091
0,encoder.layers.0.blocks.1.attention.self.value,7.999969005584717,12.711339950561523,4.711371421813965,0.0002669152454473078,0.0009099937742576003,-0.000669986882712692,0.000910000002477318,0.5364583730697632,0.4635416865348816,0.0007141856476664543,-0.0017971526831388474,-0.11232101917266846,0.15985389053821564,0.5364583730697632,0.4635416865348816,0.0,0.0,0.0,0.0,0.0,0.0,0.0,0.0007141856476664543,0.5364583730697632,0.4635416865348816,0.0,7.141860260162503e-05,1.0,nan,1.0,0.18069756031036377,0.008924740366637707,0.18962229788303375,0.00091
0,encoder.layers.0.blocks.1.attention.output.dense,7.9999494552612305,13.606803894042969,5.6068549156188965,0.00019768992206081748,-0.00011789971904363483,-0.0008286258671432734,0.000910000002477318,0.453125,0.546875,-0.0007420367328450084,0.0003482451429590583,-0.11122448742389679,0.22442758083343506,0.453125,0.546875,0.0,0.0,0.0,0.0,0.0,0.0,0.0,-0.0007420367328450084,0.453125,0.546875,0.0,-7.420365000143647e-05,1.0,nan,1.0,0.18069756031036377,0.008924740366637707,0.18962229788303375,0.00091
0,encoder.layers.0.blocks.1.intermediate.dense,7.999722957611084,11.905319213867188,3.90559720993042,0.00035660419962368906,-2.0600951756932773e-05,-0.0008220517192967236,0.0009099999442696571,0.4895833432674408,0.5104166865348816,0.0008380824001505971,3.956083673983812e-06,-0.12734760344028473,0.13079699873924255,0.4895833432674408,0.5104166865348816,0.0,0.0,0.0,0.0,0.0,0.0,0.0,0.0008380824001505971,0.4895833432674408,0.5104166865348816,0.0,8.380824874620885e-05,1.0,nan,1.0,0.18069756031036377,0.008924740366637707,0.18962229788303375,0.00091
0,encoder.layers.0.blocks.1.output.dense,7.999927520751953,12.582794189453125,4.582867622375488,0.00033874897053465247,0.0009090007515624166,-0.0004377901495900005,0.0009100001188926399,0.5052083730697632,0.4947916865348816,0.0015385564183816314,-0.00011364556849002838,-0.2678523063659668,0.36358633637428284,0.5052083730697632,0.4947916865348816,0.0,0.0,0.0,0.0,0.0,0.0,0.0,0.0015385564183816314,0.5052083730697632,0.4947916865348816,0.0,0.00015385565347969532,1.0,nan,1.0,0.18069756031036377,0.008924740366637707,0.18962229788303375,0.00091
0,encoder.layers.0.blocks.2.attention.self.continuous_position_bias_mlp.0,7.999935150146484,9.67523193359375,1.6752971410751343,7.43002092349343e-05,0.0,-0.0009099792223423719,0.0009099935414269567,0.482421875,0.4921875,-8.400307706324384e-06,0.0,-0.0013910860288888216,0.0008100609993562102,0.482421875,0.4921875,0.0,0.0,0.0,0.0,0.0,0.0,0.0,-8.400307706324384e-06,0.482421875,0.4921875,0.0,-8.40030736526387e-07,1.0,nan,1.0,0.18069756031036377,0.008924740366637707,0.18962229788303375,0.00091
0,encoder.layers.0.blocks.2.attention.self.continuous_position_bias_mlp.2,7.999993801116943,7.9704413414001465,-0.029552778229117393,0.00030170410173013806,0.0009051167871803045,-0.000909998663701117,0.0009099941235035658,0.6666666865348816,0.3333333432674408,0.0017060022801160812,-1.8535065464675426e-06,-0.0015704480465501547,0.006690308451652527,0.6666666865348816,0.3333333432674408,0.0,0.0,0.0,0.0,0.0,0.0,0.0,0.0017060022801160812,0.6666666865348816,0.3333333432674408,0.0,0.0001706002512946725,1.0,nan,1.0,0.18069756031036377,0.008924740366637707,0.18962229788303375,0.00091
0,encoder.layers.0.blocks.2.attention.self.query,7.999974250793457,13.33228874206543,5.332314491271973,0.00015727398567833006,-0.00036553325480781496,-0.0009099980816245079,0.0009099997114390135,0.4895833432674408,0.5104166865348816,-2.305385351064615e-05,0.00013230647891759872,-0.03940999507904053,0.04749593138694763,0.4895833432674408,0.5104166865348816,0.0,0.0,0.0,0.0,0.0,0.0,0.0,-2.305385351064615e-05,0.4895833432674408,0.5104166865348816,0.0,-2.305385351064615e-06,1.0,nan,1.0,0.18069756031036377,0.008924740366637707,0.18962229788303375,0.00091
0,encoder.layers.0.blocks.2.attention.self.key,7.999972343444824,12.455411911010742,4.455439567565918,0.0002681292244233191,0.000909961701836437,-0.0007271330687217414,0.0009099997696466744,0.5572916865348816,0.4427083432674408,-0.000236708321608603,-0.00038340690662153065,-0.02770932950079441,0.02599659003317356,0.5572916865348816,0.4427083432674408,0.0,0.0,0.0,0.0,0.0,0.0,0.0,-0.000236708321608603,0.5572916865348816,0.4427083432674408,0.0,-2.3670829250477254e-05,1.0,nan,1.0,0.18069756031036377,0.008924740366637707,0.18962229788303375,0.00091
0,encoder.layers.0.blocks.2.attention.self.value,7.999973297119141,13.041022300720215,5.041048049926758,0.00020612537628039718,0.000909980502910912,-0.0008740550256334245,0.0009099999442696571,0.515625,0.484375,-0.0003497874131426215,-0.0005037324735894799,-0.09399229288101196,0.06494618207216263,0.515625,0.484375,0.0,0.0,0.0,0.0,0.0,0.0,0.0,-0.0003497874131426215,0.515625,0.484375,0.0,-3.497875513858162e-05,1.0,nan,1.0,0.18069756031036377,0.008924740366637707,0.18962229788303375,0.00091
0,encoder.layers.0.blocks.2.attention.output.dense,7.999942779541016,13.461404800415039,5.461461544036865,0.00020985919400118291,-9.451032383367419e-05,-0.0007184443529695272,0.0009099998278543353,0.4583333432674408,0.5416666865348816,0.0016322297742590308,0.00047636532690376043,-0.0699193999171257,0.08711735159158707,0.4583333432674408,0.5416666865348816,0.0,0.0,0.0,0.0,0.0,0.0,0.0,0.0016322297742590308,0.4583333432674408,0.5416666865348816,0.0,0.00016322298324666917,1.0,nan,1.0,0.18069756031036377,0.008924740366637707,0.18962229788303375,0.00091
0,encoder.layers.0.blocks.2.intermediate.dense,7.999110698699951,10.69693660736084,2.6978251934051514,0.00037408823845908046,-8.902062290871982e-06,-0.0008273718995042145,0.000910000060684979,0.4817708432674408,0.5182291865348816,0.0014925547875463963,1.2965698260813951e-05,-0.317853718996048,0.6360433101654053,0.4817708432674408,0.5182291865348816,0.0,0.0,0.0,0.0,0.0,0.0,0.0,0.0014925547875463963,0.4817708432674408,0.5182291865348816,0.0,0.00014925548748578876,1.0,nan,1.0,0.18069756031036377,0.008924740366637707,0.18962229788303375,0.00091
0,encoder.layers.0.blocks.2.output.dense,7.999903678894043,12.00013542175293,4.0002312660217285,0.00040072412230074406,0.0009099923772737384,-0.0002986922627314925,0.000910000060684979,0.53125,0.46875,0.004141651093959808,-0.0014064002316445112,-0.46769994497299194,0.8371965289115906,0.53125,0.46875,0.0,0.0,0.0,0.0,0.0,0.0,0.0,0.004141651093959808,0.53125,0.46875,0.0,0.0004141651443205774,1.0,nan,1.0,0.18069756031036377,0.008924740366637707,0.18962229788303375,0.00091
0,encoder.layers.0.blocks.3.attention.self.continuous_position_bias_mlp.0,7.992016792297363,9.036248207092285,1.044231653213501,8.829486614558846e-05,2.878906889236532e-05,-0.0009099933668039739,0.0009099942399188876,0.513671875,0.470703125,1.5437453839695081e-06,-4.24906498874833e-10,-0.0015705627156421542,0.0016575823538005352,0.513671875,0.470703125,349.97564697265625,0.0,0.0,179187.53125,0.0,0.001953125,3.499756573432933e-08,349.9756774902344,0.513671875,0.47265625,0.0,34.9975700378418,1.0,0.0,0.998019814491272,0.18069756031036377,0.008924740366637707,0.18962229788303375,0.00091
0,encoder.layers.0.blocks.3.attention.self.continuous_position_bias_mlp.2,7.999997615814209,8.076759338378906,0.07676124572753906,-0.0003033324028365314,-0.0009099976159632206,-0.0009099985472857952,0.0009099990129470825,0.3333333432674408,0.6666666865348816,0.0004219082184135914,0.004166167229413986,-0.008709367364645004,0.005808924790471792,0.3333333432674408,0.6666666865348816,0.0,0.0,0.0,0.0,0.0,0.0,0.0,0.0004219082184135914,0.3333333432674408,0.6666666865348816,0.0,4.219083348289132e-05,1.0,nan,1.0,0.18069756031036377,0.008924740366637707,0.18962229788303375,0.00091
0,encoder.layers.0.blocks.3.attention.self.query,7.999974727630615,14.499435424804688,6.499462127685547,3.3012431231327355e-05,-0.0005091031780466437,-0.0006841883296146989,0.0009099990129470825,0.40625,0.59375,0.0006926182541064918,0.0005771492724306881,-0.00967737939208746,0.014400318264961243,0.40625,0.59375,0.0,0.0,0.0,0.0,0.0,0.0,0.0,0.0006926182541064918,0.40625,0.59375,0.0,6.926183414179832e-05,1.0,nan,1.0,0.18069756031036377,0.008924740366637707,0.18962229788303375,0.00091
0,encoder.layers.0.blocks.3.attention.self.key,7.999973297119141,12.199336051940918,4.1993632316589355,0.00029434257885441184,0.0009099765447899699,-0.0007388021913357079,0.0009099990129470825,0.578125,0.421875,-0.00046097266022115946,-0.0004195419605821371,-0.009557543322443962,0.007817016914486885,0.578125,0.421875,0.0,0.0,0.0,0.0,0.0,0.0,0.0,-0.00046097266022115946,0.578125,0.421875,0.0,-4.6097266022115946e-05,1.0,nan,1.0,0.18069756031036377,0.008924740366637707,0.18962229788303375,0.00091
0,encoder.layers.0.blocks.3.attention.self.value,7.999967575073242,13.290698051452637,5.290729522705078,0.00019329506903886795,-0.0003319719689898193,-0.0006148145184852183,0.0009099999442696571,0.4895833432674408,0.5104166865348816,0.0012747945729643106,6.0496851801872253e-05,-0.12731045484542847,0.09259927272796631,0.4895833432674408,0.5104166865348816,0.0,0.0,0.0,0.0,0.0,0.0,0.0,0.0012747945729643106,0.4895833432674408,0.5104166865348816,0.0,0.00012747946311719716,1.0,nan,1.0,0.18069756031036377,0.008924740366637707,0.18962229788303375,0.00091
0,encoder.layers.0.blocks.3.attention.output.dense,7.999948024749756,13.457246780395508,5.457298278808594,0.00020152112119831145,-0.00011062782868975773,-0.0009099984890781343,0.000910000002477318,0.4583333432674408,0.5416666865348816,0.0019454736029729247,0.00030444853473454714,-0.18816643953323364,0.11684226989746094,0.4583333432674408,0.5416666865348816,0.0,0.0,0.0,0.0,0.0,0.0,0.0,0.0019454736029729247,0.4583333432674408,0.5416666865348816,0.0,0.00019454737775959074,1.0,nan,1.0,0.18069756031036377,0.008924740366637707,0.18962229788303375,0.00091
0,encoder.layers.0.blocks.3.intermediate.dense,7.998569011688232,10.48958969116211,2.4910202026367188,0.00035092508187517524,-5.209727078181459e-06,-0.0009099995950236917,0.0009099999442696571,0.4765625,0.5234375,0.001508790533989668,1.064952630258631e-05,-0.22672820091247559,0.2328907698392868,0.4765625,0.5234375,0.0,0.0,0.0,0.0,0.0,0.0,0.0,0.001508790533989668,0.4765625,0.5234375,0.0,0.00015087905921973288,1.0,nan,1.0,0.18069756031036377,0.008924740366637707,0.18962229788303375,0.00091
0,encoder.layers.0.blocks.3.output.dense,7.999925136566162,12.880098342895508,4.880173683166504,0.0003274720802437514,-8.209943916881457e-05,-0.00039081971044652164,0.000910000060684979,0.484375,0.515625,0.00583299994468689,0.00018019531853497028,-0.16175241768360138,0.27903637290000916,0.484375,0.515625,0.0,0.0,0.0,0.0,0.0,0.0,0.0,0.00583299994468689,0.484375,0.515625,0.0,0.0005833000177517533,1.0,nan,1.0,0.18069756031036377,0.008924740366637707,0.18962229788303375,0.00091
0,encoder.layers.0.blocks.4.attention.self.continuous_position_bias_mlp.0,7.999958038330078,9.660331726074219,1.6603732109069824,8.444514242000878e-05,7.48674210626632e-07,-0.0009099901653826237,0.0009099841117858887,0.50390625,0.486328125,-5.72375938645564e-07,-1.0670037769999752e-11,-0.0005797189078293741,0.000905042455997318,0.50390625,0.486328125,0.0,0.0,0.0,0.0,0.0,0.0,0.0,-5.72375938645564e-07,0.50390625,0.486328125,0.0,-5.723754270547943e-08,1.0,nan,1.0,0.18069756031036377,0.008924740366637707,0.18962229788303375,0.00091
0,encoder.layers.0.blocks.4.attention.self.continuous_position_bias_mlp.2,7.999997138977051,8.037665367126465,0.03766775131225586,-0.0003033290558960289,-0.0009099901653826237,-0.0009099952876567841,0.0009099983144551516,0.3333333432674408,0.6666666865348816,-0.0008386615663766861,0.0009193920996040106,-0.005344725213944912,0.0019093482987955213,0.3333333432674408,0.6666666865348816,0.0,0.0,0.0,0.0,0.0,0.0,0.0,-0.0008386615663766861,0.3333333432674408,0.6666666865348816,0.0,-8.386616536881775e-05,1.0,nan,1.0,0.18069756031036377,0.008924740366637707,0.18962229788303375,0.00091
0,encoder.layers.0.blocks.4.attention.self.query,7.999975204467773,13.894926071166992,5.8949503898620605,9.596402378519997e-05,-0.0005052268970757723,-0.0007353078690357506,0.0009099987801164389,0.453125,0.546875,0.00020455195044633,0.00022330472711473703,-0.007719998247921467,0.0054598478600382805,0.453125,0.546875,0.0,0.0,0.0,0.0,0.0,0.0,0.0,0.00020455195044633,0.453125,0.546875,0.0,2.045519431703724e-05,1.0,nan,1.0,0.18069756031036377,0.008924740366637707,0.18962229788303375,0.00091
0,encoder.layers.0.blocks.4.attention.self.key,7.999974727630615,13.674177169799805,5.674203395843506,0.00012269362923689187,-0.0004790404927916825,-0.000679908087477088,0.0009099990129470825,0.46875,0.53125,-2.2016252842149697e-05,8.976989192888141e-05,-0.009876465424895287,0.0077162072993814945,0.46875,0.53125,0.0,0.0,0.0,0.0,0.0,0.0,0.0,-2.2016252842149697e-05,0.46875,0.53125,0.0,-2.2016247385181487e-06,1.0,nan,1.0,0.18069756031036377,0.008924740366637707,0.18962229788303375,0.00091
0,encoder.layers.0.blocks.4.attention.self.value,7.999972343444824,13.216924667358398,5.2169508934021,0.00019100311328656971,-0.00039804441621527076,-0.0006606644601561129,0.0009099999442696571,0.5,0.5,-0.0006925552152097225,-0.0001330976956523955,-0.08368973433971405,0.0498851053416729,0.5,0.5,0.0,0.0,0.0,0.0,0.0,0.0,0.0,-0.0006925552152097225,0.5,0.5,0.0,-6.925551133463159e-05,1.0,nan,1.0,0.18069756031036377,0.008924740366637707,0.18962229788303375,0.00091
0,encoder.layers.0.blocks.4.attention.output.dense,7.999944686889648,12.9447660446167,4.944821357727051,0.0002619960578158498,-8.778818300925195e-05,-0.000895549135748297,0.0009099998860619962,0.4947916865348816,0.5052083730697632,0.0010146135464310646,8.159712888300419e-05,-0.07315544039011002,0.06097458302974701,0.4947916865348816,0.5052083730697632,0.0,0.0,0.0,0.0,0.0,0.0,0.0,0.0010146135464310646,0.4947916865348816,0.5052083730697632,0.0,0.00010146135173272341,1.0,nan,1.0,0.18069756031036377,0.008924740366637707,0.18962229788303375,0.00091
0,encoder.layers.0.blocks.4.intermediate.dense,7.9989471435546875,10.207602500915527,2.208655595779419,0.00036968442145735025,0.0009082590113393962,-0.0009099997114390135,0.0009099999442696571,0.5208333730697632,0.4791666865348816,-0.0003521938342601061,-5.508492904482409e-06,-0.09966987371444702,0.04549103230237961,0.5208333730697632,0.4791666865348816,0.0,0.0,0.0,0.0,0.0,0.0,0.0,-0.0003521938342601061,0.5208333730697632,0.4791666865348816,0.0,-3.52193892467767e-05,1.0,nan,1.0,0.18069756031036377,0.008924740366637707,0.18962229788303375,0.00091
0,encoder.layers.0.blocks.4.output.dense,7.999926567077637,12.850382804870605,4.8504557609558105,0.0003157520550303161,-6.398682307917625e-05,-0.0007531782030127943,0.0009099998860619962,0.4895833432674408,0.5104166865348816,-0.0014188856584951282,3.137625753879547e-05,-0.1880909651517868,0.07949602603912354,0.4895833432674408,0.5104166865348816,0.0,0.0,0.0,0.0,0.0,0.0,0.0,-0.0014188856584951282,0.4895833432674408,0.5104166865348816,0.0,-0.00014188856584951282,1.0,nan,1.0,0.18069756031036377,0.008924740366637707,0.18962229788303375,0.00091
0,encoder.layers.0.blocks.5.attention.self.continuous_position_bias_mlp.0,7.9998273849487305,8.729209899902344,0.7293824553489685,6.232003215700388e-05,2.2152325982460752e-06,-0.0009099971503019333,0.0009099952876567841,0.50390625,0.470703125,4.778600214194739e-06,-2.912625696183113e-11,-0.0018661145586520433,0.0030403584241867065,0.50390625,0.470703125,0.0,0.0,0.0,0.0,0.0,0.0,0.0,4.778600214194739e-06,0.50390625,0.470703125,0.0,4.778597713084309e-07,1.0,nan,1.0,0.18069756031036377,0.008924740366637707,0.18962229788303375,0.00091
0,encoder.layers.0.blocks.5.attention.self.continuous_position_bias_mlp.2,7.999997615814209,8.299131393432617,0.29913395643234253,-0.0009099952294491231,-0.0009099976159632206,-0.0009099983144551516,-0.0009099896997213364,0.0,1.0,0.003495311364531517,0.0042023626156151295,0.0008822256932035089,0.005401345901191235,0.0,1.0,0.0,0.0,0.0,0.0,0.0,0.0,0.0,0.003495311364531517,0.0,1.0,0.0,0.00034953115391545,1.0,nan,1.0,0.18069756031036377,0.008924740366637707,0.18962229788303375,0.00091
0,encoder.layers.0.blocks.5.attention.self.query,7.999974727630615,13.614286422729492,5.614310264587402,0.000128247425891459,-0.0005080805858597159,-0.0007171837496571243,0.0009099991293624043,0.4739583432674408,0.5260416865348816,0.0003392017388250679,0.00014801096403971314,-0.010817445814609528,0.01141861267387867,0.4739583432674408,0.5260416865348816,0.0,0.0,0.0,0.0,0.0,0.0,0.0,0.0003392017388250679,0.4739583432674408,0.5260416865348816,0.0,3.392017606529407e-05,1.0,nan,1.0,0.18069756031036377,0.008924740366637707,0.18962229788303375,0.00091
0,encoder.layers.0.blocks.5.attention.self.key,7.999974250793457,13.385738372802734,5.385765075683594,0.00016343436436727643,-0.0004786177887581289,-0.0006569866673089564,0.0009099991875700653,0.4895833432674408,0.5104166865348816,-3.3985095797106624e-05,0.00015765662828925997,-0.012638023123145103,0.012059338390827179,0.4895833432674408,0.5104166865348816,0.0,0.0,0.0,0.0,0.0,0.0,0.0,-3.3985095797106624e-05,0.4895833432674408,0.5104166865348816,0.0,-3.3985131722147344e-06,1.0,nan,1.0,0.18069756031036377,0.008924740366637707,0.18962229788303375,0.00091
0,encoder.layers.0.blocks.5.attention.self.value,7.999972343444824,13.279508590698242,5.279537200927734,0.00017861915694084018,-0.00035738456062972546,-0.0006646374822594225,0.000910000002477318,0.4947916865348816,0.5052083730697632,0.0024762293323874474,0.00014220178127288818,-0.07702165842056274,0.09679370373487473,0.4947916865348816,0.5052083730697632,0.0,0.0,0.0,0.0,0.0,0.0,0.0,0.0024762293323874474,0.4947916865348816,0.5052083730697632,0.0,0.0002476229565218091,1.0,nan,1.0,0.18069756031036377,0.008924740366637707,0.18962229788303375,0.00091
0,encoder.layers.0.blocks.5.attention.output.dense,7.999956130981445,12.988092422485352,4.988135814666748,0.0002299366460647434,-0.00010209429456153885,-0.0009099995368160307,0.0009099998860619962,0.4947916865348816,0.5052083730697632,0.002195254899561405,8.840396185405552e-05,-0.08237139880657196,0.140020489692688,0.4947916865348816,0.5052083730697632,0.0,0.0,0.0,0.0,0.0,0.0,0.0,0.002195254899561405,0.4947916865348816,0.5052083730697632,0.0,0.0002195255074184388,1.0,nan,1.0,0.18069756031036377,0.008924740366637707,0.18962229788303375,0.00091
0,encoder.layers.0.blocks.5.intermediate.dense,7.999444484710693,11.382705688476562,3.3832602500915527,0.00032525567803531885,0.0009059206931851804,-0.000909998721908778,0.0009099995368160307,0.5065104365348816,0.4934895932674408,-0.00011066286242567003,-2.2660992726741824e-06,-0.018433375284075737,0.018432235345244408,0.5065104365348816,0.4934895932674408,0.0,0.0,0.0,0.0,0.0,0.0,0.0,-0.00011066286242567003,0.5065104365348816,0.4934895932674408,0.0,-1.1066285878769122e-05,1.0,nan,1.0,0.18069756031036377,0.008924740366637707,0.18962229788303375,0.00091
0,encoder.layers.0.blocks.5.output.dense,7.999941825866699,12.017066955566406,4.017126083374023,0.0003645801334641874,0.0009099630988202989,-0.0009099969174712896,0.0009099997114390135,0.546875,0.453125,-0.00043419268331490457,-0.00031641515670344234,-0.03576955199241638,0.02205514907836914,0.546875,0.453125,0.0,0.0,0.0,0.0,0.0,0.0,0.0,-0.00043419268331490457,0.546875,0.453125,0.0,-4.3419262510724366e-05,1.0,nan,1.0,0.18069756031036377,0.008924740366637707,0.18962229788303375,0.00091
0,encoder.layers.0.blocks.6.attention.self.continuous_position_bias_mlp.0,7.9999589920043945,8.89411735534668,0.8941584825515747,6.309631135081872e-05,2.3312830307986587e-05,-0.0009099948219954967,0.0009099938906729221,0.5078125,0.474609375,-1.9538683773134835e-06,-3.550783000960678e-10,-0.0014621966984122992,0.0017737096641212702,0.5078125,0.474609375,0.0,0.0,0.0,0.0,0.0,0.0,0.0,-1.9538683773134835e-06,0.5078125,0.474609375,0.0,-1.9538691731213476e-07,0.9999999403953552,nan,0.9999999403953552,0.18069756031036377,0.008924740366637707,0.18962229788303375,0.00091
0,encoder.layers.0.blocks.6.attention.self.continuous_position_bias_mlp.2,7.999997615814209,8.250225067138672,0.250227153301239,-0.0009099996532313526,-0.0009099999442696571,-0.0009099999442696571,-0.0009099990129470825,0.0,1.0,0.022348297759890556,0.02853219397366047,0.009187822230160236,0.02932487614452839,0.0,1.0,0.0,0.0,0.0,0.0,0.0,0.0,0.0,0.022348297759890556,0.0,1.0,0.0,0.002234830055385828,1.0,nan,1.0,0.18069756031036377,0.008924740366637707,0.18962229788303375,0.00091
0,encoder.layers.0.blocks.6.attention.self.query,7.99997615814209,13.218381881713867,5.218405723571777,0.00016380465240217745,0.0009099073940888047,-0.000724785786587745,0.0009099998278543353,0.5052083730697632,0.4947916865348816,-0.0002480960392858833,-0.00012827932368963957,-0.04205773398280144,0.02233775518834591,0.5052083730697632,0.4947916865348816,0.0,0.0,0.0,0.0,0.0,0.0,0.0,-0.0002480960392858833,0.5052083730697632,0.4947916865348816,0.0,-2.480961848050356e-05,1.0,nan,1.0,0.18069756031036377,0.008924740366637707,0.18962229788303375,0.00091
0,encoder.layers.0.blocks.6.attention.self.key,7.99997615814209,13.409627914428711,5.4096527099609375,0.00014312905841507018,-0.0004999135271646082,-0.0006894198013469577,0.0009099997696466744,0.4895833432674408,0.5104166865348816,0.0003646771365310997,8.00282577984035e-05,-0.030486853793263435,0.02884133718907833,0.4895833432674408,0.5104166865348816,0.0,0.0,0.0,0.0,0.0,0.0,0.0,0.0003646771365310997,0.4895833432674408,0.5104166865348816,0.0,3.646771074272692e-05,1.0,nan,1.0,0.18069756031036377,0.008924740366637707,0.18962229788303375,0.00091
0,encoder.layers.0.blocks.6.attention.self.value,7.999974727630615,13.316411972045898,5.316438674926758,0.00016635924112051725,-0.00045104665332473814,-0.0007436050800606608,0.000910000002477318,0.4947916865348816,0.5052083730697632,0.0001515401527285576,0.0001319386065006256,-0.13640069961547852,0.07867658883333206,0.4947916865348816,0.5052083730697632,0.0,0.0,0.0,0.0,0.0,0.0,0.0,0.0001515401527285576,0.4947916865348816,0.5052083730697632,0.0,1.5153996173467021e-05,1.0,nan,1.0,0.18069756031036377,0.008924740366637707,0.18962229788303375,0.00091
0,encoder.layers.0.blocks.6.attention.output.dense,7.9999542236328125,12.65350341796875,4.653550148010254,0.0002741506905294955,0.0009099725866690278,-0.0007781487656757236,0.0009099999442696571,0.5260416865348816,0.4739583432674408,-0.0018016755348071456,-0.0003604227676987648,-0.10417306423187256,0.14948205649852753,0.5260416865348816,0.4739583432674408,0.0,0.0,0.0,0.0,0.0,0.0,0.0,-0.0018016755348071456,0.5260416865348816,0.4739583432674408,0.0,-0.00018016758258454502,1.0,nan,1.0,0.18069756031036377,0.008924740366637707,0.18962229788303375,0.00091
0,encoder.layers.0.blocks.6.intermediate.dense,7.999953269958496,12.706877708435059,4.706923961639404,0.0002287764218635857,0.0009098225855268538,-0.0009099996532313526,0.0009099994786083698,0.5234375,0.4765625,6.724298873450607e-05,-5.4486084991367534e-05,-0.01645926758646965,0.026967506855726242,0.5234375,0.4765625,0.0,0.0,0.0,0.0,0.0,0.0,0.0,6.724298873450607e-05,0.5234375,0.4765625,0.0,6.724296326865442e-06,1.0,nan,1.0,0.18069756031036377,0.008924740366637707,0.18962229788303375,0.00091
0,encoder.layers.0.blocks.6.output.dense,7.999958038330078,12.784299850463867,4.784341812133789,0.00026567315217107534,0.0009097055299207568,-0.0009099984308704734,0.0009099997696466744,0.5052083730697632,0.4947916865348816,0.0012824952136725187,-4.5183172915130854e-05,-0.03709041699767113,0.06289169192314148,0.5052083730697632,0.4947916865348816,0.0,0.0,0.0,0.0,0.0,0.0,0.0,0.0012824952136725187,0.5052083730697632,0.4947916865348816,0.0,0.00012824952136725187,1.0,nan,1.0,0.18069756031036377,0.008924740366637707,0.18962229788303375,0.00091
0,encoder.layers.0.blocks.7.attention.self.continuous_position_bias_mlp.0,7.999922752380371,8.98539924621582,0.9854772090911865,7.867798558436334e-06,-0.00011533144424902275,-0.0009099957533180714,0.0009099956369027495,0.46484375,0.51171875,2.4663708245498128e-05,8.54212967027479e-09,-0.0020438279025256634,0.0028602792881429195,0.46484375,0.51171875,0.0,0.0,0.0,0.0,0.0,0.0,0.0,2.4663708245498128e-05,0.46484375,0.51171875,0.0,2.4663706881256076e-06,1.0,nan,1.0,0.18069756031036377,0.008924740366637707,0.18962229788303375,0.00091
0,encoder.layers.0.blocks.7.attention.self.continuous_position_bias_mlp.2,7.999996185302734,8.11345100402832,0.1134541854262352,0.0003033335960935801,0.0009099990129470825,-0.0009099977323785424,0.0009099994786083698,0.6666666865348816,0.3333333432674408,-0.007598233409225941,-0.009840893559157848,-0.016879038885235786,0.003925232216715813,0.6666666865348816,0.3333333432674408,0.0,0.0,0.0,0.0,0.0,0.0,0.0,-0.007598233409225941,0.6666666865348816,0.3333333432674408,0.0,-0.0007598234224133193,1.0,nan,1.0,0.18069756031036377,0.008924740366637707,0.18962229788303375,0.00091
0,encoder.layers.0.blocks.7.attention.self.query,7.99997615814209,13.154529571533203,5.154552459716797,0.00016964267706498504,0.0009099341696128249,-0.000724250334315002,0.0009099997114390135,0.5104166865348816,0.4895833432674408,-0.00019860485917888582,-0.00021381652913987637,-0.03336629271507263,0.04115387797355652,0.5104166865348816,0.4895833432674408,0.0,0.0,0.0,0.0,0.0,0.0,0.0,-0.00019860485917888582,0.5104166865348816,0.4895833432674408,0.0,-1.9860483007505536e-05,1.0,nan,1.0,0.18069756031036377,0.008924740366637707,0.18962229788303375,0.00091
0,encoder.layers.0.blocks.7.attention.self.key,7.99997615814209,13.344279289245605,5.344303131103516,0.00015036819968372583,-0.0004823787312489003,-0.0007308408967219293,0.0009099997114390135,0.4947916865348816,0.5052083730697632,0.0007220074767246842,2.8394395485520363e-05,-0.030005259439349174,0.02932201325893402,0.4947916865348816,0.5052083730697632,0.0,0.0,0.0,0.0,0.0,0.0,0.0,0.0007220074767246842,0.4947916865348816,0.5052083730697632,0.0,7.22007462172769e-05,1.0,nan,1.0,0.18069756031036377,0.008924740366637707,0.18962229788303375,0.00091
0,encoder.layers.0.blocks.7.attention.self.value,7.999973297119141,13.165422439575195,5.16544771194458,0.00018685663235373795,0.0009099676390178502,-0.0007226086454465985,0.0009099999442696571,0.5052083730697632,0.4947916865348816,0.005525892600417137,-0.0003485054476186633,-0.19043803215026855,0.18387308716773987,0.5052083730697632,0.4947916865348816,0.0,0.0,0.0,0.0,0.0,0.0,0.0,0.005525892600417137,0.5052083730697632,0.4947916865348816,0.0,0.0005525893648155034,1.0,nan,1.0,0.18069756031036377,0.008924740366637707,0.18962229788303375,0.00091
0,encoder.layers.0.blocks.7.attention.output.dense,7.999956130981445,13.06384563446045,5.063889980316162,0.0002278138417750597,-9.773233614396304e-05,-0.0009099985472857952,0.0009099999442696571,0.4895833432674408,0.5104166865348816,0.002619826700538397,9.149167453870177e-05,-0.20480231940746307,0.1950802505016327,0.4895833432674408,0.5104166865348816,0.0,0.0,0.0,0.0,0.0,0.0,0.0,0.002619826700538397,0.4895833432674408,0.5104166865348816,0.0,0.0002619826700538397,1.0,nan,1.0,0.18069756031036377,0.008924740366637707,0.18962229788303375,0.00091
0,encoder.layers.0.blocks.7.intermediate.dense,7.999061584472656,10.587574005126953,2.588512897491455,0.0003606109821703285,0.000906470522750169,-0.0009099987801164389,0.0009099997114390135,0.51953125,0.48046875,-0.0002008265582844615,-2.635282726259902e-06,-0.02579479105770588,0.017850270494818687,0.51953125,0.48046875,0.0,0.0,0.0,0.0,0.0,0.0,0.0,-0.0002008265582844615,0.51953125,0.48046875,0.0,-2.0082659830222838e-05,1.0,nan,1.0,0.18069756031036377,0.008924740366637707,0.18962229788303375,0.00091
0,encoder.layers.0.blocks.7.output.dense,7.9999284744262695,11.783930778503418,3.7840023040771484,0.00039293873123824596,0.0009099832968786359,-0.000550749187823385,0.0009099997696466744,0.5677083730697632,0.4322916865348816,-0.0002823074464686215,-0.0005477970698848367,-0.041795797646045685,0.08728296309709549,0.5677083730697632,0.4322916865348816,0.0,0.0,0.0,0.0,0.0,0.0,0.0,-0.0002823074464686215,0.5677083730697632,0.4322916865348816,0.0,-2.8230722818989307e-05,1.0,nan,1.0,0.18069756031036377,0.008924740366637707,0.18962229788303375,0.00091
0,encoder.layers.0.downsample.reduction,7.999964714050293,14.228693962097168,6.228728771209717,0.0001279357384191826,-0.0003184462257195264,-0.0006610607379116118,0.0009100001188926399,0.4166666865348816,0.5833333730697632,0.07892593741416931,0.010299209505319595,-3.388862133026123,3.4481308460235596,0.4166666865348816,0.5833333730697632,0.0,0.0,0.0,0.0,0.0,0.0,0.0,0.07892593741416931,0.4166666865348816,0.5833333730697632,0.0,0.007892593741416931,1.0,nan,1.0,0.18069756031036377,0.008924740366637707,0.18962229788303375,0.00091
0,encoder.layers.1.blocks.0.attention.self.continuous_position_bias_mlp.0,7.999822616577148,8.511514663696289,0.5116923451423645,9.367227903567255e-05,0.0,-0.0009099999442696571,0.0009099999442696571,0.486328125,0.435546875,0.00019147532293573022,0.0,-0.06274460256099701,0.1033783107995987,0.486328125,0.435546875,0.0,0.0,0.0,0.0,0.0,0.0,0.0,0.00019147532293573022,0.486328125,0.435546875,0.0,1.914752647280693e-05,1.0,nan,1.0,0.18069756031036377,0.008924740366637707,0.18962229788303375,0.00091
0,encoder.layers.1.blocks.0.attention.self.continuous_position_bias_mlp.2,7.999997138977051,8.178400039672852,0.1784028261899948,-0.0003033326647710055,-0.0009099997114390135,-0.0009099999442696571,0.0009099999442696571,0.3333333432674408,0.6666666865348816,0.027241921052336693,0.002282007597386837,-0.06780533492565155,0.11707556992769241,0.3333333432674408,0.6666666865348816,0.0,0.0,0.0,0.0,0.0,0.0,0.0,0.027241921052336693,0.3333333432674408,0.6666666865348816,0.0,0.0027241921052336693,1.0,nan,1.0,0.18069756031036377,0.008924740366637707,0.18962229788303375,0.00091
0,encoder.layers.1.blocks.0.attention.self.query,7.999974727630615,13.021932601928711,5.021958351135254,0.000192674167919904,0.0009099802700802684,-0.0008619058644399047,0.0009099999442696571,0.5182291865348816,0.4817708432674408,0.0015557970618829131,-0.00047875940799713135,-0.29351097345352173,0.2960642874240875,0.5182291865348816,0.4817708432674408,0.0,0.0,0.0,0.0,0.0,0.0,0.0,0.0015557970618829131,0.5182291865348816,0.4817708432674408,0.0,0.00015557973529212177,1.0,nan,1.0,0.18069756031036377,0.008924740366637707,0.18962229788303375,0.00091
0,encoder.layers.1.blocks.0.attention.self.key,7.999972343444824,13.246493339538574,5.246521949768066,0.00018080489826388657,-0.0003354735381435603,-0.000910000002477318,0.0009100001188926399,0.4947916865348816,0.5052083730697632,0.0005782293155789375,0.00015278381761163473,-0.5074670314788818,0.8625889420509338,0.4947916865348816,0.5052083730697632,0.0,0.0,0.0,0.0,0.0,0.0,0.0,0.0005782293155789375,0.4947916865348816,0.5052083730697632,0.0,5.7822937378659844e-05,1.0,nan,1.0,0.18069756031036377,0.008924740366637707,0.18962229788303375,0.00091
0,encoder.layers.1.blocks.0.attention.self.value,7.999965667724609,13.64222240447998,5.642255783081055,0.00016510600107721984,-0.00026314216665923595,-0.0009032443049363792,0.000910000060684979,0.4609375,0.5390625,0.004708997905254364,0.001986939460039139,-0.30625835061073303,0.34551382064819336,0.4609375,0.5390625,0.0,0.0,0.0,0.0,0.0,0.0,0.0,0.004708997905254364,0.4609375,0.5390625,0.0,0.00047089974395930767,1.0,nan,1.0,0.18069756031036377,0.008924740366637707,0.18962229788303375,0.00091
0,encoder.layers.1.blocks.0.attention.output.dense,7.999968528747559,12.90456771850586,4.904599189758301,0.00024578350712545216,0.0009099765447899699,-0.0007104778196662664,0.000910000002477318,0.5182291865348816,0.4817708432674408,0.0007642660057172179,-0.0004513958701863885,-0.30972743034362793,0.5893756151199341,0.5182291865348816,0.4817708432674408,0.0,0.0,0.0,0.0,0.0,0.0,0.0,0.0007642660057172179,0.5182291865348816,0.4817708432674408,0.0,7.642658601980656e-05,1.0,nan,1.0,0.18069756031036377,0.008924740366637707,0.18962229788303375,0.00091
0,encoder.layers.1.blocks.0.intermediate.dense,7.999456405639648,11.321409225463867,3.3219523429870605,0.0003465382324066013,-1.0704622582125012e-05,-0.000891724368557334,0.0009099999442696571,0.4928385615348816,0.5071614980697632,0.000361872895155102,2.054182914434932e-06,-0.11380979418754578,0.10728257894515991,0.4928385615348816,0.5071614980697632,0.0,0.0,0.0,0.0,0.0,0.0,0.0,0.000361872895155102,0.4928385615348816,0.5071614980697632,0.0,3.618728806031868e-05,1.0,nan,1.0,0.18069756031036377,0.008924740366637707,0.18962229788303375,0.00091
0,encoder.layers.1.blocks.0.output.dense,7.9999189376831055,12.250457763671875,4.2505388259887695,0.0003743580891750753,0.0009099567541852593,-0.00038677899283356965,0.000910000002477318,0.5234375,0.4765625,-0.0007110489532351494,-0.0002167682396247983,-0.23188516497612,0.16746267676353455,0.5234375,0.4765625,0.0,0.0,0.0,0.0,0.0,0.0,0.0,-0.0007110489532351494,0.5234375,0.4765625,0.0,-7.110490696504712e-05,1.0,nan,1.0,0.18069756031036377,0.008924740366637707,0.18962229788303375,0.00091
0,encoder.layers.1.blocks.1.attention.self.continuous_position_bias_mlp.0,7.999928951263428,8.338333129882812,0.3384042978286743,-7.144472328945994e-05,-0.0009099459275603294,-0.0009099999442696571,0.0009099999442696571,0.44921875,0.541015625,0.0010027681710198522,0.0003415019600652158,-0.08189281076192856,0.09668252617120743,0.44921875,0.541015625,0.0,0.0,0.0,0.0,0.0,0.0,0.0,0.0010027681710198522,0.44921875,0.541015625,0.0,0.00010027681128121912,1.0,nan,1.0,0.18069756031036377,0.008924740366637707,0.18962229788303375,0.00091
0,encoder.layers.1.blocks.1.attention.self.continuous_position_bias_mlp.2,7.999994277954102,8.644331932067871,0.6443370580673218,-0.0006066671921871603,-0.0009099990129470825,-0.0009099999442696571,0.0009099922608584166,0.1666666716337204,0.8333333730697632,0.06296665966510773,0.0070961881428956985,-0.0011754315346479416,0.28674399852752686,0.1666666716337204,0.8333333730697632,0.0,0.0,0.0,0.0,0.0,0.0,0.0,0.06296665966510773,0.1666666716337204,0.8333333730697632,0.0,0.0062966663390398026,1.0,nan,1.0,0.18069756031036377,0.008924740366637707,0.18962229788303375,0.00091
0,encoder.layers.1.blocks.1.attention.self.query,7.999969482421875,12.826120376586914,4.826149940490723,0.0002429280721116811,0.0009099754388444126,-0.0006827027536928654,0.0009099999442696571,0.5260416865348816,0.4739583432674408,-0.00025589135475456715,-0.00037382019218057394,-0.07128067314624786,0.0721750557422638,0.5260416865348816,0.4739583432674408,0.0,0.0,0.0,0.0,0.0,0.0,0.0,-0.00025589135475456715,0.5260416865348816,0.4739583432674408,0.0,-2.5589146389393136e-05,1.0,nan,1.0,0.18069756031036377,0.008924740366637707,0.18962229788303375,0.00091
0,encoder.layers.1.blocks.1.attention.self.key,7.999969482421875,13.516146659851074,5.516178131103516,0.00018224822997581214,-0.0003451551601756364,-0.0007523257518187165,0.0009099998860619962,0.4739583432674408,0.5260416865348816,0.00015314493793994188,0.00022423884365707636,-0.13000649213790894,0.05243894085288048,0.4739583432674408,0.5260416865348816,0.0,0.0,0.0,0.0,0.0,0.0,0.0,0.00015314493793994188,0.4739583432674408,0.5260416865348816,0.0,1.531448469904717e-05,1.0,nan,1.0,0.18069756031036377,0.008924740366637707,0.18962229788303375,0.00091
0,encoder.layers.1.blocks.1.attention.self.value,7.999956130981445,13.242132186889648,5.242175579071045,0.00022708927281200886,-6.13635202171281e-05,-0.0007776013808324933,0.000910000060684979,0.4869791865348816,0.5130208730697632,0.0005071435589343309,3.0773044272791594e-05,-0.4715607166290283,0.8737949132919312,0.4869791865348816,0.5130208730697632,0.0,0.0,0.0,0.0,0.0,0.0,0.0,0.0005071435589343309,0.4869791865348816,0.5130208730697632,0.0,5.071431951364502e-05,1.0,nan,1.0,0.18069756031036377,0.008924740366637707,0.18962229788303375,0.00091
0,encoder.layers.1.blocks.1.attention.output.dense,7.999961853027344,12.892210006713867,4.892247676849365,0.00026911235181614757,0.0009099722956307232,-0.0006298847147263587,0.000910000060684979,0.5130208730697632,0.4869791865348816,-0.0036956854164600372,-0.000422825338318944,-0.36306139826774597,0.4611593782901764,0.5130208730697632,0.4869791865348816,0.0,0.0,0.0,0.0,0.0,0.0,0.0,-0.0036956854164600372,0.5130208730697632,0.4869791865348816,0.0,-0.00036956853000447154,1.0,nan,1.0,0.18069756031036377,0.008924740366637707,0.18962229788303375,0.00091
0,encoder.layers.1.blocks.1.intermediate.dense,7.998830795288086,10.463897705078125,2.4650659561157227,0.0003651506267488003,-5.6074077292578295e-06,-0.0009099986054934561,0.0009099998860619962,0.49609375,0.50390625,0.00042719056364148855,6.946320354472846e-07,-0.06364642083644867,0.11268231272697449,0.49609375,0.50390625,0.0,0.0,0.0,0.0,0.0,0.0,0.0,0.00042719056364148855,0.49609375,0.50390625,0.0,4.2719060729723424e-05,1.0,nan,1.0,0.18069756031036377,0.008924740366637707,0.18962229788303375,0.00091
0,encoder.layers.1.blocks.1.output.dense,7.999915599822998,12.707662582397461,4.707746505737305,0.00034552495344541967,-6.973790732445195e-05,-0.0003561309422366321,0.0009099999442696571,0.4895833432674408,0.5104166865348816,-0.0009908596985042095,0.00014198236749507487,-0.24204379320144653,0.1953362375497818,0.4895833432674408,0.5104166865348816,0.0,0.0,0.0,0.0,0.0,0.0,0.0,-0.0009908596985042095,0.4895833432674408,0.5104166865348816,0.0,-9.908598440233618e-05,1.0,nan,1.0,0.18069756031036377,0.008924740366637707,0.18962229788303375,0.00091
0,encoder.layers.1.blocks.2.attention.self.continuous_position_bias_mlp.0,7.999906539916992,8.665260314941406,0.6653536558151245,1.0239723451377358e-05,0.0,-0.0009099999442696571,0.0009099994786083698,0.44140625,0.470703125,0.0005257393349893391,0.0,-0.021148061379790306,0.1318959891796112,0.44140625,0.470703125,0.0,0.0,0.0,0.0,0.0,0.0,0.0,0.0005257393349893391,0.44140625,0.470703125,0.0,5.2573930588550866e-05,1.0,nan,1.0,0.18069756031036377,0.008924740366637707,0.18962229788303375,0.00091
0,encoder.layers.1.blocks.2.attention.self.continuous_position_bias_mlp.2,7.999996185302734,8.025985717773438,0.02598937414586544,1.2223608791828156e-08,-0.0009099221788346767,-0.0009099999442696571,0.0009099999442696571,0.5,0.5,0.0003964453935623169,-0.0013689324259757996,-0.058744724839925766,0.06421017646789551,0.5,0.5,0.0,0.0,0.0,0.0,0.0,0.0,0.0,0.0003964453935623169,0.5,0.5,0.0,3.964453935623169e-05,1.0,nan,1.0,0.18069756031036377,0.008924740366637707,0.18962229788303375,0.00091
0,encoder.layers.1.blocks.2.attention.self.query,7.999970436096191,13.501025199890137,5.501054286956787,0.0001759927545208484,-0.00037435119156725705,-0.0007148385629989207,0.0009099999442696571,0.4765625,0.5234375,0.0006196761969476938,0.00025603268295526505,-0.07893131673336029,0.12203127145767212,0.4765625,0.5234375,0.0,0.0,0.0,0.0,0.0,0.0,0.0,0.0006196761969476938,0.4765625,0.5234375,0.0,6.196762842591852e-05,1.0,nan,1.0,0.18069756031036377,0.008924740366637707,0.18962229788303375,0.00091
0,encoder.layers.1.blocks.2.attention.self.key,7.999968528747559,13.953607559204102,5.953639030456543,0.00012333325867075473,-0.0003610948915593326,-0.0009099988965317607,0.0009099998278543353,0.4296875,0.5703125,0.0009163208305835724,0.000532164704054594,-0.06365939229726791,0.04529664292931557,0.4296875,0.5703125,0.0,0.0,0.0,0.0,0.0,0.0,0.0,0.0009163208305835724,0.4296875,0.5703125,0.0,9.16320932446979e-05,1.0,nan,1.0,0.18069756031036377,0.008924740366637707,0.18962229788303375,0.00091
0,encoder.layers.1.blocks.2.attention.self.value,7.999968528747559,13.452166557312012,5.452199459075928,0.00018989549425896257,-0.0003685577248688787,-0.0006087607471272349,0.0009099998860619962,0.4765625,0.5234375,0.0006222461815923452,0.0010210017208009958,-0.17585186660289764,0.17392438650131226,0.4765625,0.5234375,0.0,0.0,0.0,0.0,0.0,0.0,0.0,0.0006222461815923452,0.4765625,0.5234375,0.0,6.222465890459716e-05,1.0,nan,1.0,0.18069756031036377,0.008924740366637707,0.18962229788303375,0.00091
0,encoder.layers.1.blocks.2.attention.output.dense,7.999955177307129,12.940315246582031,4.940360069274902,0.00026362744392827153,0.0009099247399717569,-0.0008019848610274494,0.000910000002477318,0.5052083730697632,0.4947916865348816,0.0015074250986799598,-0.00012747029541060328,-0.27100178599357605,0.25273144245147705,0.5052083730697632,0.4947916865348816,0.0,0.0,0.0,0.0,0.0,0.0,0.0,0.0015074250986799598,0.5052083730697632,0.4947916865348816,0.0,0.00015074251859914511,1.0,nan,1.0,0.18069756031036377,0.008924740366637707,0.18962229788303375,0.00091
0,encoder.layers.1.blocks.2.intermediate.dense,7.997838973999023,9.748504638671875,1.7506663799285889,0.0003690312150865793,-3.677219410747057e-06,-0.0008844039402902126,0.000910000002477318,0.4889323115348816,0.5110677480697632,-2.4984765332192183e-05,4.006536983069964e-06,-0.16027683019638062,0.1819826066493988,0.4889323115348816,0.5110677480697632,0.0,0.0,0.0,0.0,0.0,0.0,0.0,-2.4984765332192183e-05,0.4889323115348816,0.5110677480697632,0.0,-2.498474259482464e-06,1.0,nan,1.0,0.18069756031036377,0.008924740366637707,0.18962229788303375,0.00091
0,encoder.layers.1.blocks.2.output.dense,7.999904632568359,12.757795333862305,4.757890224456787,0.00034682726254686713,-8.015272032935172e-05,-0.0002595876867417246,0.000910000002477318,0.4791666865348816,0.5208333730697632,0.00038980849785730243,0.00026203077868558466,-0.38832569122314453,0.44138580560684204,0.4791666865348816,0.5208333730697632,0.0,0.0,0.0,0.0,0.0,0.0,0.0,0.00038980849785730243,0.4791666865348816,0.5208333730697632,0.0,3.8980855606496334e-05,1.0,nan,1.0,0.18069756031036377,0.008924740366637707,0.18962229788303375,0.00091
0,encoder.layers.1.blocks.3.attention.self.continuous_position_bias_mlp.0,7.993124961853027,8.431596755981445,0.43847131729125977,-1.1432966857682914e-06,0.0,-0.0009099994786083698,0.0009099999442696571,0.45703125,0.48046875,0.00018178121536038816,0.0,-0.019233036786317825,0.017708631232380867,0.45703125,0.48046875,260.0580139160156,0.0,0.0,133149.703125,0.0,0.001953125,2.6005801956330288e-08,260.0581970214844,0.45703125,0.482421875,0.0,26.00581932067871,1.0,0.0,0.9979209899902344,0.18069756031036377,0.008924740366637707,0.18962229788303375,0.00091
0,encoder.layers.1.blocks.3.attention.self.continuous_position_bias_mlp.2,7.999997138977051,8.019424438476562,0.019428253173828125,-1.9387032068607368e-07,-0.0009099936578422785,-0.0009099955204874277,0.0009099859744310379,0.5,0.5,0.000772861298173666,-8.386929948756006e-06,-0.0006411668728105724,0.0020472542382776737,0.5,0.5,0.0,0.0,0.0,0.0,0.0,0.0,0.0,0.000772861298173666,0.5,0.5,0.0,7.728613854851574e-05,1.0,nan,1.0,0.18069756031036377,0.008924740366637707,0.18962229788303375,0.00091
0,encoder.layers.1.blocks.3.attention.self.query,7.999972343444824,12.692222595214844,4.6922502517700195,0.0002455555950291455,0.000909956346731633,-0.000733591616153717,0.0009099997114390135,0.5390625,0.4609375,-0.00026129395700991154,-0.00021068239584565163,-0.02802375890314579,0.030880318954586983,0.5390625,0.4609375,0.0,0.0,0.0,0.0,0.0,0.0,0.0,-0.00026129395700991154,0.5390625,0.4609375,0.0,-2.6129400794161484e-05,1.0,nan,1.0,0.18069756031036377,0.008924740366637707,0.18962229788303375,0.00091
0,encoder.layers.1.blocks.3.attention.self.key,7.999968528747559,13.18690299987793,5.186933517456055,0.00021140914759598672,-0.00033183471532538533,-0.0009099984890781343,0.0009099995950236917,0.4921875,0.5078125,-0.00020557778771035373,0.00013131031300872564,-0.032384712249040604,0.044459372758865356,0.4921875,0.5078125,0.0,0.0,0.0,0.0,0.0,0.0,0.0,-0.00020557778771035373,0.4921875,0.5078125,0.0,-2.0557774405460805e-05,1.0,nan,1.0,0.18069756031036377,0.008924740366637707,0.18962229788303375,0.00091
0,encoder.layers.1.blocks.3.attention.self.value,7.999967098236084,13.37841796875,5.378451824188232,0.00019460181647446007,-0.0003206667897757143,-0.0006052035023458302,0.000910000060684979,0.4817708432674408,0.5182291865348816,0.004071186762303114,0.0007218001410365105,-0.436209499835968,0.5238242745399475,0.4817708432674408,0.5182291865348816,0.0,0.0,0.0,0.0,0.0,0.0,0.0,0.004071186762303114,0.4817708432674408,0.5182291865348816,0.0,0.00040711875772103667,1.0,nan,1.0,0.18069756031036377,0.008924740366637707,0.18962229788303375,0.00091
0,encoder.layers.1.blocks.3.attention.output.dense,7.999959468841553,13.15265941619873,5.152700424194336,0.00023969259927980602,-0.00015779378009028733,-0.0006164009682834148,0.000910000060684979,0.4895833432674408,0.5104166865348816,0.008540742099285126,0.00012696534395217896,-0.24229353666305542,1.341088891029358,0.4895833432674408,0.5104166865348816,0.0,0.0,0.0,0.0,0.0,0.0,0.0,0.008540742099285126,0.4895833432674408,0.5104166865348816,0.0,0.0008540742564946413,1.0,nan,1.0,0.18069756031036377,0.008924740366637707,0.18962229788303375,0.00091
0,encoder.layers.1.blocks.3.intermediate.dense,7.996979713439941,9.26386833190918,1.266888976097107,0.0003611332504078746,-2.926793968072161e-06,-0.0008423060644418001,0.0009099999442696571,0.486328125,0.513671875,8.433659968432039e-05,4.934361641062424e-06,-0.19266916811466217,0.35083356499671936,0.486328125,0.513671875,0.0,0.0,0.0,0.0,0.0,0.0,0.0,8.433659968432039e-05,0.486328125,0.513671875,0.0,8.43365523905959e-06,1.0,nan,1.0,0.18069756031036377,0.008924740366637707,0.18962229788303375,0.00091
0,encoder.layers.1.blocks.3.output.dense,7.999896049499512,12.830348014831543,4.830451011657715,0.00034320331178605556,-8.395494660362601e-05,-0.0002443681878503412,0.000910000060684979,0.46875,0.53125,0.003471311181783676,0.0004836579319089651,-0.29573702812194824,0.7036097645759583,0.46875,0.53125,0.0,0.0,0.0,0.0,0.0,0.0,0.0,0.003471311181783676,0.46875,0.53125,0.0,0.0003471311356406659,1.0,nan,1.0,0.18069756031036377,0.008924740366637707,0.18962229788303375,0.00091
0,encoder.layers.1.blocks.4.attention.self.continuous_position_bias_mlp.0,7.999969482421875,8.504777908325195,0.5048088431358337,-5.2569821491488256e-06,-0.0001608166639925912,-0.0009099999442696571,0.0009099999442696571,0.47265625,0.5078125,0.0008237644797191024,1.6039368347264826e-05,-0.05573835223913193,0.12173471599817276,0.47265625,0.5078125,0.0,0.0,0.0,0.0,0.0,0.0,0.0,0.0008237644797191024,0.47265625,0.5078125,0.0,8.237645670305938e-05,1.0,nan,1.0,0.18069756031036377,0.008924740366637707,0.18962229788303375,0.00091
0,encoder.layers.1.blocks.4.attention.self.continuous_position_bias_mlp.2,7.999997138977051,7.766892910003662,-0.23310455679893494,0.0006066600326448679,0.0009099917951971292,-0.0009099990129470825,0.0009099999442696571,0.8333333730697632,0.1666666716337204,0.011317907832562923,-0.0012724252883344889,-0.05291716754436493,0.12616145610809326,0.8333333730697632,0.1666666716337204,0.0,0.0,0.0,0.0,0.0,0.0,0.0,0.011317907832562923,0.8333333730697632,0.1666666716337204,0.0,0.0011317906901240349,1.0,nan,1.0,0.18069756031036377,0.008924740366637707,0.18962229788303375,0.00091
0,encoder.layers.1.blocks.4.attention.self.query,7.999973297119141,13.580328941345215,5.580355644226074,0.0001511820883024484,-0.00036895950324833393,-0.0006986230728216469,0.0009099995950236917,0.4739583432674408,0.5260416865348816,0.0002693642454687506,0.00030187645461410284,-0.020775385200977325,0.024435436353087425,0.4739583432674408,0.5260416865348816,0.0,0.0,0.0,0.0,0.0,0.0,0.0,0.0002693642454687506,0.4739583432674408,0.5260416865348816,0.0,2.693642454687506e-05,1.0,nan,1.0,0.18069756031036377,0.008924740366637707,0.18962229788303375,0.00091
0,encoder.layers.1.blocks.4.attention.self.key,7.999969482421875,12.969488143920898,4.969517707824707,0.00021714599279221147,0.0009090810199268162,-0.0009099983144551516,0.0009099994786083698,0.5052083730697632,0.4947916865348816,-0.00013467701501213014,-2.3221480660140514e-05,-0.022000698372721672,0.020989183336496353,0.5052083730697632,0.4947916865348816,0.0,0.0,0.0,0.0,0.0,0.0,0.0,-0.00013467701501213014,0.5052083730697632,0.4947916865348816,0.0,-1.3467698408931028e-05,1.0,nan,1.0,0.18069756031036377,0.008924740366637707,0.18962229788303375,0.00091
0,encoder.layers.1.blocks.4.attention.self.value,7.99997091293335,12.523534774780273,4.523563385009766,0.00027690117713063955,0.000909993308596313,-0.000635224801953882,0.0009099999442696571,0.5494791865348816,0.4505208432674408,0.0009540412575006485,-0.0014925762079656124,-0.20582988858222961,0.23770099878311157,0.5494791865348816,0.4505208432674408,0.0,0.0,0.0,0.0,0.0,0.0,0.0,0.0009540412575006485,0.5494791865348816,0.4505208432674408,0.0,9.540412429487333e-05,1.0,nan,1.0,0.18069756031036377,0.008924740366637707,0.18962229788303375,0.00091
0,encoder.layers.1.blocks.4.attention.output.dense,7.999963283538818,13.245109558105469,5.245146751403809,0.00021751326858066022,-0.0001774582196958363,-0.0007089275168254972,0.000910000002477318,0.4869791865348816,0.5130208730697632,0.001047293422743678,0.0001829192042350769,-0.3179146647453308,0.20317043364048004,0.4869791865348816,0.5130208730697632,0.0,0.0,0.0,0.0,0.0,0.0,0.0,0.001047293422743678,0.4869791865348816,0.5130208730697632,0.0,0.00010472934081917629,1.0,nan,1.0,0.18069756031036377,0.008924740366637707,0.18962229788303375,0.00091
0,encoder.layers.1.blocks.4.intermediate.dense,7.997788429260254,9.647735595703125,1.649946928024292,0.00035891387960873544,0.0008098584366962314,-0.0008393306634388864,0.000910000002477318,0.5078125,0.4921875,0.00027016110834665596,-3.1915951694827527e-06,-0.18270599842071533,0.10179013758897781,0.5078125,0.4921875,0.0,0.0,0.0,0.0,0.0,0.0,0.0,0.00027016110834665596,0.5078125,0.4921875,0.0,2.701611811062321e-05,1.0,nan,1.0,0.18069756031036377,0.008924740366637707,0.18962229788303375,0.00091
0,encoder.layers.1.blocks.4.output.dense,7.999926567077637,12.358207702636719,4.358281135559082,0.0003729038580786437,0.0009099578019231558,-0.00034814985701814294,0.000910000002477318,0.5208333730697632,0.4791666865348816,0.0007117714267224073,-0.00022876786533743143,-0.1718677580356598,0.18958786129951477,0.5208333730697632,0.4791666865348816,0.0,0.0,0.0,0.0,0.0,0.0,0.0,0.0007117714267224073,0.5208333730697632,0.4791666865348816,0.0,7.117714267224073e-05,1.0,nan,1.0,0.18069756031036377,0.008924740366637707,0.18962229788303375,0.00091
0,encoder.layers.1.blocks.5.attention.self.continuous_position_bias_mlp.0,7.966958045959473,9.75767707824707,1.790718674659729,0.0001598454255145043,0.0,-0.0009099976159632206,0.0009099957533180714,0.419921875,0.361328125,-1.052097104548011e-06,0.0,-0.0021358723752200603,0.0038542533293366432,0.419921875,0.361328125,0.0,0.0,0.0,0.0,0.0,0.0,0.0,-1.052097104548011e-06,0.419921875,0.361328125,0.0,-1.0520943760639057e-07,1.0,nan,1.0,0.18069756031036377,0.008924740366637707,0.18962229788303375,0.00091
0,encoder.layers.1.blocks.5.attention.self.continuous_position_bias_mlp.2,7.999988555908203,7.461545467376709,-0.5384433269500732,0.0006066632340662181,0.0009099864400923252,-0.0009099750313907862,0.0009099965682253242,0.8333333730697632,0.1666666716337204,-0.0011972821084782481,-0.0014288105303421617,-0.0026900835800915956,0.0003646687837317586,0.8333333730697632,0.1666666716337204,0.0,0.0,0.0,0.0,0.0,0.0,0.0,-0.0011972821084782481,0.8333333730697632,0.1666666716337204,0.0,-0.00011972821084782481,1.0,nan,1.0,0.18069756031036377,0.008924740366637707,0.18962229788303375,0.00091
0,encoder.layers.1.blocks.5.attention.self.query,7.999974250793457,13.486513137817383,5.486537933349609,0.00014755685697309673,-0.0003974986029788852,-0.000700830016285181,0.0009099998278543353,0.4817708432674408,0.5182291865348816,-0.00013849460810888559,0.00011194107355549932,-0.08510950207710266,0.015218891203403473,0.4817708432674408,0.5182291865348816,0.0,0.0,0.0,0.0,0.0,0.0,0.0,-0.00013849460810888559,0.4817708432674408,0.5182291865348816,0.0,-1.3849456991010811e-05,1.0,nan,1.0,0.18069756031036377,0.008924740366637707,0.18962229788303375,0.00091
0,encoder.layers.1.blocks.5.attention.self.key,7.999967098236084,13.37851333618164,5.378546714782715,0.00020364203373901546,-0.00034160210634581745,-0.0009099980816245079,0.0009099991875700653,0.4765625,0.5234375,0.0002759798080660403,7.649253529962152e-05,-0.012177413329482079,0.01633482053875923,0.4765625,0.5234375,0.0,0.0,0.0,0.0,0.0,0.0,0.0,0.0002759798080660403,0.4765625,0.5234375,0.0,2.7597980079008266e-05,1.0,nan,1.0,0.18069756031036377,0.008924740366637707,0.18962229788303375,0.00091
0,encoder.layers.1.blocks.5.attention.self.value,7.99997091293335,13.192156791687012,5.192185878753662,0.00020325390505604446,-0.0003017582930624485,-0.0006263210671022534,0.0009099998278543353,0.5,0.5,1.620594412088394e-05,-0.00010413629934191704,-0.07019426673650742,0.06150258332490921,0.5,0.5,0.0,0.0,0.0,0.0,0.0,0.0,0.0,1.620594412088394e-05,0.5,0.5,0.0,1.6205934798563248e-06,1.0,nan,1.0,0.18069756031036377,0.008924740366637707,0.18962229788303375,0.00091
0,encoder.layers.1.blocks.5.attention.output.dense,7.999941825866699,12.9901123046875,4.990170478820801,0.00026973881176672876,-7.27724764146842e-05,-0.000571133685298264,0.0009099999442696571,0.4921875,0.5078125,-0.00013765359472017735,2.0244086044840515e-05,-0.11354435980319977,0.13956010341644287,0.4921875,0.5078125,0.0,0.0,0.0,0.0,0.0,0.0,0.0,-0.00013765359472017735,0.4921875,0.5078125,0.0,-1.376533600705443e-05,1.0,nan,1.0,0.18069756031036377,0.008924740366637707,0.18962229788303375,0.00091
0,encoder.layers.1.blocks.5.intermediate.dense,7.997313976287842,9.884230613708496,1.8869165182113647,0.00031484203645959496,-2.58557543020288e-06,-0.0008900725515559316,0.000910000060684979,0.4895833432674408,0.5104166865348816,0.0006222680676728487,2.7264986783848144e-06,-0.11978551745414734,0.17949266731739044,0.4895833432674408,0.5104166865348816,0.0,0.0,0.0,0.0,0.0,0.0,0.0,0.0006222680676728487,0.4895833432674408,0.5104166865348816,0.0,6.222681258805096e-05,1.0,nan,1.0,0.18069756031036377,0.008924740366637707,0.18962229788303375,0.00091
0,encoder.layers.1.blocks.5.output.dense,7.9999284744262695,13.16809368133545,5.168164253234863,0.00030308705754578114,-0.00011293832358205691,-0.0003540424513630569,0.000910000060684979,0.4635416865348816,0.5364583730697632,0.0018538692966103554,0.0006228375714272261,-0.2229820042848587,0.2277957648038864,0.4635416865348816,0.5364583730697632,0.0,0.0,0.0,0.0,0.0,0.0,0.0,0.0018538692966103554,0.4635416865348816,0.5364583730697632,0.0,0.0001853869471233338,1.0,nan,1.0,0.18069756031036377,0.008924740366637707,0.18962229788303375,0.00091
0,encoder.layers.1.blocks.6.attention.self.continuous_position_bias_mlp.0,7.9998698234558105,9.060640335083008,1.0607706308364868,8.525603334419429e-05,0.0,-0.0009099997114390135,0.0009099994786083698,0.40625,0.3828125,0.00018779678794089705,0.0,-0.021253103390336037,0.02285114675760269,0.40625,0.3828125,0.0,0.0,0.0,0.0,0.0,0.0,0.0,0.00018779678794089705,0.40625,0.3828125,0.0,1.8779677702696063e-05,1.0,nan,1.0,0.18069756031036377,0.008924740366637707,0.18962229788303375,0.00091
0,encoder.layers.1.blocks.6.attention.self.continuous_position_bias_mlp.2,7.999993801116943,7.577319145202637,-0.4226754605770111,0.0009099919116124511,0.0009099924936890602,0.0009099736344069242,0.0009099999442696571,1.0,0.0,-0.006453879177570343,-0.0018846086459234357,-0.02054649218916893,-0.00034614652395248413,1.0,0.0,0.0,0.0,0.0,0.0,0.0,0.0,0.0,-0.006453879177570343,1.0,0.0,0.0,-0.0006453879177570343,1.0,nan,1.0,0.18069756031036377,0.008924740366637707,0.18962229788303375,0.00091
0,encoder.layers.1.blocks.6.attention.self.query,7.999972343444824,13.180837631225586,5.1808648109436035,0.00019677453383337706,0.0009085660567507148,-0.0007228884496726096,0.0009099998860619962,0.5026041865348816,0.4973958432674408,-0.0004740336153190583,-1.5119032468646765e-05,-0.07596176117658615,0.07522086799144745,0.5026041865348816,0.4973958432674408,0.0,0.0,0.0,0.0,0.0,0.0,0.0,-0.0004740336153190583,0.5026041865348816,0.4973958432674408,0.0,-4.7403358621522784e-05,1.0,nan,1.0,0.18069756031036377,0.008924740366637707,0.18962229788303375,0.00091
0,encoder.layers.1.blocks.6.attention.self.key,7.999968528747559,13.377838134765625,5.37786865234375,0.00019790290389209986,-0.0003596807364374399,-0.0009099941235035658,0.0009099997696466744,0.4817708432674408,0.5182291865348816,9.194709127768874e-05,0.00015714779146946967,-0.026873290538787842,0.04764193296432495,0.4817708432674408,0.5182291865348816,0.0,0.0,0.0,0.0,0.0,0.0,0.0,9.194709127768874e-05,0.4817708432674408,0.5182291865348816,0.0,9.194703125103842e-06,1.0,nan,1.0,0.18069756031036377,0.008924740366637707,0.18962229788303375,0.00091
0,encoder.layers.1.blocks.6.attention.self.value,7.999972343444824,13.41987419128418,5.419902324676514,0.0001707776536932215,-0.000393287482438609,-0.0006968756206333637,0.000910000002477318,0.484375,0.515625,-0.000307214300846681,0.0013386972714215517,-0.13467176258563995,0.20020908117294312,0.484375,0.515625,0.0,0.0,0.0,0.0,0.0,0.0,0.0,-0.000307214300846681,0.484375,0.515625,0.0,-3.072142862947658e-05,1.0,nan,1.0,0.18069756031036377,0.008924740366637707,0.18962229788303375,0.00091
0,encoder.layers.1.blocks.6.attention.output.dense,7.999961853027344,12.589282035827637,4.589320659637451,0.00028145371470600367,0.0009099844028241932,-0.0007406396325677633,0.000910000002477318,0.5364583730697632,0.4635416865348816,0.00031333131482824683,-0.0006084850174374878,-0.1396922767162323,0.17244268953800201,0.5364583730697632,0.4635416865348816,0.0,0.0,0.0,0.0,0.0,0.0,0.0,0.00031333131482824683,0.5364583730697632,0.4635416865348816,0.0,3.133314021397382e-05,1.0,nan,1.0,0.18069756031036377,0.008924740366637707,0.18962229788303375,0.00091
0,encoder.layers.1.blocks.6.intermediate.dense,7.997524261474609,9.467540740966797,1.4700168371200562,0.0003636196197476238,0.0007134823244996369,-0.0009099979652091861,0.0009099999442696571,0.5319010615348816,0.4680989682674408,0.0007251023198477924,-1.125170001614606e-05,-0.13355416059494019,0.24219900369644165,0.5319010615348816,0.4680989682674408,0.0,0.0,0.0,0.0,0.0,0.0,0.0,0.0007251023198477924,0.5319010615348816,0.4680989682674408,0.0,7.251022907439619e-05,1.0,nan,1.0,0.18069756031036377,0.008924740366637707,0.18962229788303375,0.00091
0,encoder.layers.1.blocks.6.output.dense,7.99992561340332,12.674304008483887,4.674379348754883,0.0003433630336076021,-8.384271495742723e-05,-0.00032587029272690415,0.000910000002477318,0.4973958432674408,0.5026041865348816,-0.0002131954242940992,2.4995533749461174e-06,-0.2664600610733032,0.22662003338336945,0.4973958432674408,0.5026041865348816,0.0,0.0,0.0,0.0,0.0,0.0,0.0,-0.0002131954242940992,0.4973958432674408,0.5026041865348816,0.0,-2.1319550796761177e-05,1.0,nan,1.0,0.18069756031036377,0.008924740366637707,0.18962229788303375,0.00091
0,encoder.layers.1.blocks.7.attention.self.continuous_position_bias_mlp.0,7.9969329833984375,8.289243698120117,0.29231148958206177,6.386010500136763e-05,0.0008721464546397328,-0.0009099997114390135,0.0009099999442696571,0.505859375,0.44921875,0.00011024583363905549,-4.7008393266878556e-07,-0.023990433663129807,0.029820960015058517,0.505859375,0.44921875,54.343563079833984,0.0,0.0,27823.904296875,0.0,0.001953125,5.434356520339634e-09,54.34367752075195,0.505859375,0.451171875,0.0,5.434367656707764,1.0,0.0,0.9979591369628906,0.18069756031036377,0.008924740366637707,0.18962229788303375,0.00091
0,encoder.layers.1.blocks.7.attention.self.continuous_position_bias_mlp.2,7.999988555908203,10.72890853881836,2.728919744491577,-0.0005986035685054958,-0.0009099994786083698,-0.0009099997114390135,0.0009099995950236917,0.1666666716337204,0.8333333730697632,0.02013411559164524,0.029312266036868095,-0.024762971326708794,0.036409053951501846,0.1666666716337204,0.8333333730697632,0.0,0.0,0.0,0.0,0.0,0.0,0.0,0.02013411559164524,0.1666666716337204,0.8333333730697632,0.0,0.002013411605730653,1.0,nan,1.0,0.18069756031036377,0.008924740366637707,0.18962229788303375,0.00091
0,encoder.layers.1.blocks.7.attention.self.query,7.999969482421875,12.827228546142578,4.8272600173950195,0.0002449898165650666,0.000909975147806108,-0.0006552694248966873,0.0009099997696466744,0.5260416865348816,0.4739583432674408,0.000979485223069787,-0.0004513617604970932,-0.043549973517656326,0.13348114490509033,0.5260416865348816,0.4739583432674408,0.0,0.0,0.0,0.0,0.0,0.0,0.0,0.000979485223069787,0.5260416865348816,0.4739583432674408,0.0,9.794851939659566e-05,1.0,nan,1.0,0.18069756031036377,0.008924740366637707,0.18962229788303375,0.00091
0,encoder.layers.1.blocks.7.attention.self.key,7.999968528747559,13.170793533325195,5.1708245277404785,0.00021447657491080463,-0.0003356353263370693,-0.0009099989547394216,0.0009099998278543353,0.4947916865348816,0.5052083730697632,0.0006289610173553228,0.0001320207375101745,-0.05518670752644539,0.053792696446180344,0.4947916865348816,0.5052083730697632,0.0,0.0,0.0,0.0,0.0,0.0,0.0,0.0006289610173553228,0.4947916865348816,0.5052083730697632,0.0,6.289610610110685e-05,1.0,nan,1.0,0.18069756031036377,0.008924740366637707,0.18962229788303375,0.00091
0,encoder.layers.1.blocks.7.attention.self.value,7.99997091293335,13.436308860778809,5.436338424682617,0.00017490374739281833,-0.0003280912933405489,-0.0006784565048292279,0.000910000060684979,0.4817708432674408,0.5182291865348816,0.004675934556871653,0.0012305360287427902,-0.31350308656692505,0.5618790984153748,0.4817708432674408,0.5182291865348816,0.0,0.0,0.0,0.0,0.0,0.0,0.0,0.004675934556871653,0.4817708432674408,0.5182291865348816,0.0,0.00046759351971559227,1.0,nan,1.0,0.18069756031036377,0.008924740366637707,0.18962229788303375,0.00091
0,encoder.layers.1.blocks.7.attention.output.dense,7.999964714050293,13.594108581542969,5.594144821166992,0.0001789593807188794,-0.00019851162505801767,-0.0006702847313135862,0.000910000060684979,0.4635416865348816,0.5364583730697632,0.006265159230679274,0.0007665999000892043,-0.259060800075531,0.38399791717529297,0.4635416865348816,0.5364583730697632,0.0,0.0,0.0,0.0,0.0,0.0,0.0,0.006265159230679274,0.4635416865348816,0.5364583730697632,0.0,0.0006265160045586526,1.0,nan,1.0,0.18069756031036377,0.008924740366637707,0.18962229788303375,0.00091
0,encoder.layers.1.blocks.7.intermediate.dense,7.997470378875732,9.990428924560547,1.9929585456848145,0.000321711617289111,-2.780908289423678e-06,-0.0008678366430103779,0.0009099999442696571,0.4876302182674408,0.5123698115348816,0.0005318161565810442,8.425208761764225e-06,-0.21985943615436554,0.2865941822528839,0.4876302182674408,0.5123698115348816,0.0,0.0,0.0,0.0,0.0,0.0,0.0,0.0005318161565810442,0.4876302182674408,0.5123698115348816,0.0,5.3181618568487465e-05,1.0,nan,1.0,0.18069756031036377,0.008924740366637707,0.18962229788303375,0.00091
0,encoder.layers.1.blocks.7.output.dense,7.99992561340332,12.358566284179688,4.358640670776367,0.0003701220266520977,0.0009099810267798603,-0.00035851518623530865,0.000910000060684979,0.5208333730697632,0.4791666865348816,0.0001230602356372401,-0.0005444934940896928,-0.36955252289772034,0.32889825105667114,0.5208333730697632,0.4791666865348816,0.0,0.0,0.0,0.0,0.0,0.0,0.0,0.0001230602356372401,0.5208333730697632,0.4791666865348816,0.0,1.2306069947953802e-05,1.0,nan,1.0,0.18069756031036377,0.008924740366637707,0.18962229788303375,0.00091
0,encoder.layers.1.downsample.reduction,7.9999613761901855,12.724271774291992,4.724309921264648,0.00029252597596496344,0.0009099529706873,-0.0005880207172594965,0.000910000002477318,0.5234375,0.4765625,4.656791497836821e-05,-0.00019383059407118708,-0.21549272537231445,0.35306018590927124,0.5234375,0.4765625,0.0,0.0,0.0,0.0,0.0,0.0,0.0,4.656791497836821e-05,0.5234375,0.4765625,0.0,4.656777946365764e-06,1.0,nan,1.0,0.18069756031036377,0.008924740366637707,0.18962229788303375,0.00091
0,encoder.layers.2.blocks.0.attention.self.continuous_position_bias_mlp.0,7.999991416931152,8.20869255065918,0.20870047807693481,3.985416333307512e-05,0.0009098625741899014,-0.0009099990129470825,0.0009099994786083698,0.51171875,0.478515625,-0.00041151465848088264,-7.309332431759685e-05,-0.018870314583182335,0.013163261115550995,0.51171875,0.478515625,0.0,0.0,0.0,0.0,0.0,0.0,0.0,-0.00041151465848088264,0.51171875,0.478515625,0.0,-4.115146293770522e-05,1.0,nan,1.0,0.18069756031036377,0.008924740366637707,0.18962229788303375,0.00091
0,encoder.layers.2.blocks.0.attention.self.continuous_position_bias_mlp.2,7.999995231628418,7.940097808837891,-0.05989702790975571,0.00015166490629781038,0.0009099816670641303,-0.0009099997114390135,0.0009099999442696571,0.5833333730697632,0.4166666865348816,-0.002588133793324232,-0.0019365670159459114,-0.057286281138658524,0.023071888834238052,0.5833333730697632,0.4166666865348816,0.0,0.0,0.0,0.0,0.0,0.0,0.0,-0.002588133793324232,0.5833333730697632,0.4166666865348816,0.0,-0.0002588134375400841,1.0,nan,1.0,0.18069756031036377,0.008924740366637707,0.18962229788303375,0.00091
0,encoder.layers.2.blocks.0.attention.self.query,7.99996280670166,12.993803024291992,4.993841171264648,0.00025659624952822924,0.0009087306098081172,-0.0009099961025640368,0.0009099987801164389,0.50390625,0.49609375,5.713421614927938e-06,-7.800157618476078e-06,-0.0076582771725952625,0.009372568689286709,0.50390625,0.49609375,0.0,0.0,0.0,0.0,0.0,0.0,0.0,5.713421614927938e-06,0.50390625,0.49609375,0.0,5.713421842301614e-07,1.0,nan,1.0,0.18069756031036377,0.008924740366637707,0.18962229788303375,0.00091
0,encoder.layers.2.blocks.0.attention.self.key,7.999965190887451,13.09396743774414,5.094002723693848,0.000236953841522336,-0.0001421241177013144,-0.0006659745704382658,0.0009099987801164389,0.5,0.5,-2.0850649889325723e-05,-5.0320522859692574e-08,-0.007035712245851755,0.008777253329753876,0.5,0.5,0.0,0.0,0.0,0.0,0.0,0.0,0.0,-2.0850649889325723e-05,0.5,0.5,0.0,-2.0850645796599565e-06,1.0,nan,1.0,0.18069756031036377,0.008924740366637707,0.18962229788303375,0.00091
0,encoder.layers.2.blocks.0.attention.self.value,7.999874114990234,12.672216415405273,4.672340393066406,0.00030620323377661407,-3.4492946724640206e-05,-0.0006570849218405783,0.0009099998278543353,0.4869791865348816,0.5130208730697632,9.064209007192403e-05,2.802285052894149e-06,-0.06636746227741241,0.05061224102973938,0.4869791865348816,0.5130208730697632,0.0,0.0,0.0,0.0,0.0,0.0,0.0,9.064209007192403e-05,0.4869791865348816,0.5130208730697632,0.0,9.064211553777568e-06,1.0,nan,1.0,0.18069756031036377,0.008924740366637707,0.18962229788303375,0.00091
0,encoder.layers.2.blocks.0.attention.output.dense,7.999917507171631,12.824935913085938,4.825018882751465,0.00031307447352446616,-8.506487938575447e-05,-0.0005381729570217431,0.0009099999442696571,0.484375,0.515625,0.000318939913995564,2.556907566031441e-05,-0.15933619439601898,0.11654054373502731,0.484375,0.515625,0.0,0.0,0.0,0.0,0.0,0.0,0.0,0.000318939913995564,0.484375,0.515625,0.0,3.189397830283269e-05,1.0,nan,1.0,0.18069756031036377,0.008924740366637707,0.18962229788303375,0.00091
0,encoder.layers.2.blocks.0.intermediate.dense,7.999505519866943,11.283758163452148,3.2842535972595215,0.00034970531123690307,0.0008687575464136899,-0.0009099778835661709,0.0009099984308704734,0.5071614980697632,0.4928385615348816,-7.619670213898644e-06,-2.2745734895579517e-07,-0.0059043955989181995,0.007930843159556389,0.5071614980697632,0.4928385615348816,0.0,0.0,0.0,0.0,0.0,0.0,0.0,-7.619670213898644e-06,0.5071614980697632,0.4928385615348816,0.0,-7.619672715009074e-07,1.0,nan,1.0,0.18069756031036377,0.008924740366637707,0.18962229788303375,0.00091
0,encoder.layers.2.blocks.0.output.dense,7.999890327453613,12.249995231628418,4.250103950500488,0.0003766340378206223,0.0009074994013644755,-0.00032654887763783336,0.0009099995950236917,0.5078125,0.4921875,3.1616502383258194e-05,-4.0445765989716165e-06,-0.032507412135601044,0.017275534570217133,0.5078125,0.4921875,0.0,0.0,0.0,0.0,0.0,0.0,0.0,3.1616502383258194e-05,0.5078125,0.4921875,0.0,3.161651648042607e-06,1.0,nan,1.0,0.18069756031036377,0.008924740366637707,0.18962229788303375,0.00091
0,encoder.layers.2.blocks.1.attention.self.continuous_position_bias_mlp.0,7.9998884201049805,8.593428611755371,0.5935404300689697,3.7102936403243802e-06,0.0,-0.0009099980816245079,0.0009099980816245079,0.4453125,0.474609375,4.2354346078354865e-05,0.0,-0.004119459073990583,0.004814920946955681,0.4453125,0.474609375,0.0,0.0,0.0,0.0,0.0,0.0,0.0,4.2354346078354865e-05,0.4453125,0.474609375,0.0,4.235434516886016e-06,1.0,nan,1.0,0.18069756031036377,0.008924740366637707,0.18962229788303375,0.00091
0,encoder.layers.2.blocks.1.attention.self.continuous_position_bias_mlp.2,7.999993324279785,9.155590057373047,1.15559720993042,2.1727726561948657e-05,-0.0006490315427072346,-0.0009099985472857952,0.0009099980816245079,0.5,0.5,0.00021757822833023965,-4.961930972058326e-05,-0.005259744822978973,0.006285925395786762,0.5,0.5,0.0,0.0,0.0,0.0,0.0,0.0,0.0,0.00021757822833023965,0.5,0.5,0.0,2.175782537960913e-05,1.0,nan,1.0,0.18069756031036377,0.008924740366637707,0.18962229788303375,0.00091
0,encoder.layers.2.blocks.1.attention.self.query,7.999964714050293,13.351984977722168,5.352019309997559,0.00021904031746089458,-0.0003072524559684098,-0.0006347509915940464,0.0009099957533180714,0.48046875,0.51953125,3.120491965091787e-05,1.4643155736848712e-05,-0.002078052842989564,0.00346356350928545,0.48046875,0.51953125,0.0,0.0,0.0,0.0,0.0,0.0,0.0,3.120491965091787e-05,0.48046875,0.51953125,0.0,3.120492237940198e-06,1.0,nan,1.0,0.18069756031036377,0.008924740366637707,0.18962229788303375,0.00091
0,encoder.layers.2.blocks.1.attention.self.key,7.999965667724609,13.308760643005371,5.308794975280762,0.00021993942209519446,-0.0002985376340802759,-0.0008532979991286993,0.0009099969174712896,0.484375,0.515625,9.914164365909528e-06,6.742098776157945e-06,-0.0031082690693438053,0.002578591927886009,0.484375,0.515625,0.0,0.0,0.0,0.0,0.0,0.0,0.0,9.914164365909528e-06,0.484375,0.515625,0.0,9.914161864799098e-07,1.0,nan,1.0,0.18069756031036377,0.008924740366637707,0.18962229788303375,0.00091
0,encoder.layers.2.blocks.1.attention.self.value,7.999923229217529,12.63245677947998,4.632533073425293,0.0003030647640116513,0.0009068998042494059,-0.0007708516204729676,0.0009099995368160307,0.51171875,0.48828125,1.658814653637819e-05,-3.1584877433488145e-06,-0.020706623792648315,0.030325230211019516,0.51171875,0.48828125,0.0,0.0,0.0,0.0,0.0,0.0,0.0,1.658814653637819e-05,0.51171875,0.48828125,0.0,1.658816245253547e-06,1.0,nan,1.0,0.18069756031036377,0.008924740366637707,0.18962229788303375,0.00091
0,encoder.layers.2.blocks.1.attention.output.dense,7.999926567077637,12.667414665222168,4.667489051818848,0.0003229636058676988,0.0009029771899804473,-0.000544780574273318,0.0009099998278543353,0.50390625,0.49609375,2.2089856429374777e-05,-2.281689376104623e-06,-0.04063741862773895,0.041029565036296844,0.50390625,0.49609375,0.0,0.0,0.0,0.0,0.0,0.0,0.0,2.2089856429374777e-05,0.50390625,0.49609375,0.0,2.2089866433816496e-06,1.0,nan,1.0,0.18069756031036377,0.008924740366637707,0.18962229788303375,0.00091
0,encoder.layers.2.blocks.1.intermediate.dense,7.999519348144531,11.449163436889648,3.4496445655822754,0.0003246061969548464,-1.440047981304815e-05,-0.00090998929226771,0.0009099990711547434,0.4954427182674408,0.5045573115348816,1.3731973012909293e-05,1.0488383850315586e-07,-0.01033700630068779,0.006338663399219513,0.4954427182674408,0.5045573115348816,0.0,0.0,0.0,0.0,0.0,0.0,0.0,1.3731973012909293e-05,0.4954427182674408,0.5045573115348816,0.0,1.3731972785535618e-06,1.0,nan,1.0,0.18069756031036377,0.008924740366637707,0.18962229788303375,0.00091
0,encoder.layers.2.blocks.1.output.dense,7.999910354614258,12.357479095458984,4.357569694519043,0.00037006064667366445,0.0009087413782253861,-0.00034978726762346923,0.0009099997696466744,0.51171875,0.48828125,-0.00016846651851665229,-7.747899871901609e-06,-0.039352018386125565,0.014872321859002113,0.51171875,0.48828125,0.0,0.0,0.0,0.0,0.0,0.0,0.0,-0.00016846651851665229,0.51171875,0.48828125,0.0,-1.6846650396473706e-05,1.0,nan,1.0,0.18069756031036377,0.008924740366637707,0.18962229788303375,0.00091
0,encoder.layers.2.blocks.2.attention.self.continuous_position_bias_mlp.0,7.999872207641602,8.311033248901367,0.3111616373062134,9.142493945546448e-05,0.0009093687403947115,-0.0009099980816245079,0.0009099980816245079,0.51953125,0.435546875,-4.3232605094090104e-05,-1.4575278328265995e-05,-0.004651336930692196,0.004295567516237497,0.51953125,0.435546875,0.0,0.0,0.0,0.0,0.0,0.0,0.0,-4.3232605094090104e-05,0.51953125,0.435546875,0.0,-4.32326032751007e-06,1.0,nan,1.0,0.18069756031036377,0.008924740366637707,0.18962229788303375,0.00091
0,encoder.layers.2.blocks.2.attention.self.continuous_position_bias_mlp.2,7.999996185302734,7.989405632019043,-0.010590831749141216,0.00015170899860095233,0.000909857451915741,-0.0009099990129470825,0.0009099985472857952,0.5833333730697632,0.4166666865348816,-0.0007252394570969045,-0.0002529074845369905,-0.007127454970031977,0.006727240979671478,0.5833333730697632,0.4166666865348816,0.0,0.0,0.0,0.0,0.0,0.0,0.0,-0.0007252394570969045,0.5833333730697632,0.4166666865348816,0.0,-7.252395153045654e-05,1.0,nan,1.0,0.18069756031036377,0.008924740366637707,0.18962229788303375,0.00091
0,encoder.layers.2.blocks.2.attention.self.query,7.999967098236084,13.230697631835938,5.230730056762695,0.0002247639058623463,-0.0003163218207191676,-0.0008332360303029418,0.0009099966264329851,0.4921875,0.5078125,1.5758905647089705e-05,7.503898814320564e-06,-0.0026771347038447857,0.0021018292754888535,0.4921875,0.5078125,0.0,0.0,0.0,0.0,0.0,0.0,0.0,1.5758905647089705e-05,0.4921875,0.5078125,0.0,1.575890337335295e-06,1.0,nan,1.0,0.18069756031036377,0.008924740366637707,0.18962229788303375,0.00091
0,encoder.layers.2.blocks.2.attention.self.key,7.999967098236084,13.391195297241211,5.391228675842285,0.00020165623573120683,-0.000362043094355613,-0.0006890876684337854,0.000909997324924916,0.48046875,0.51953125,-7.184693004091969e-06,1.2641714420169592e-05,-0.003310666186735034,0.00343714514747262,0.48046875,0.51953125,0.0,0.0,0.0,0.0,0.0,0.0,0.0,-7.184693004091969e-06,0.48046875,0.51953125,0.0,-7.184693231465644e-07,1.0,nan,1.0,0.18069756031036377,0.008924740366637707,0.18962229788303375,0.00091
0,encoder.layers.2.blocks.2.attention.self.value,7.999938488006592,13.324249267578125,5.324310779571533,0.0002314329904038459,-5.500479892361909e-05,-0.0005773645825684071,0.000909999362193048,0.4700520932674408,0.5299479365348816,0.0001174720237031579,1.2023258932458702e-05,-0.014879482798278332,0.014841076917946339,0.4700520932674408,0.5299479365348816,0.0,0.0,0.0,0.0,0.0,0.0,0.0,0.0001174720237031579,0.4700520932674408,0.5299479365348816,0.0,1.1747203643608373e-05,1.0,nan,1.0,0.18069756031036377,0.008924740366637707,0.18962229788303375,0.00091
0,encoder.layers.2.blocks.2.attention.output.dense,7.999930381774902,13.154064178466797,5.154134273529053,0.00027175736613571644,-8.66667614900507e-05,-0.0005879958043806255,0.0009099995950236917,0.4713541865348816,0.5286458730697632,0.0002983797458000481,1.4975148587836884e-05,-0.031408973038196564,0.040612079203128815,0.4713541865348816,0.5286458730697632,0.0,0.0,0.0,0.0,0.0,0.0,0.0,0.0002983797458000481,0.4713541865348816,0.5286458730697632,0.0,2.983797458000481e-05,1.0,nan,1.0,0.18069756031036377,0.008924740366637707,0.18962229788303375,0.00091
0,encoder.layers.2.blocks.2.intermediate.dense,7.999561309814453,11.442214012145996,3.442652702331543,0.0003251021262258291,0.0008997606346383691,-0.0008555780514143407,0.0009099990129470825,0.5123698115348816,0.4876302182674408,-8.431507922068704e-06,-8.909137250157073e-07,-0.009745723567903042,0.012764754705131054,0.5123698115348816,0.4876302182674408,0.0,0.0,0.0,0.0,0.0,0.0,0.0,-8.431507922068704e-06,0.5123698115348816,0.4876302182674408,0.0,-8.431504170403059e-07,1.0,nan,1.0,0.18069756031036377,0.008924740366637707,0.18962229788303375,0.00091
0,encoder.layers.2.blocks.2.output.dense,7.9999189376831055,12.718077659606934,4.718158721923828,0.0003370374906808138,-0.00010269643098581582,-0.00042871994082815945,0.0009099998278543353,0.4908854365348816,0.5091146230697632,-8.929406612878665e-05,5.728887117584236e-06,-0.04830864071846008,0.038355857133865356,0.4908854365348816,0.5091146230697632,0.0,0.0,0.0,0.0,0.0,0.0,0.0,-8.929406612878665e-05,0.4908854365348816,0.5091146230697632,0.0,-8.929407158575486e-06,1.0,nan,1.0,0.18069756031036377,0.008924740366637707,0.18962229788303375,0.00091
0,encoder.layers.2.blocks.3.attention.self.continuous_position_bias_mlp.0,7.999965667724609,8.312397003173828,0.31243062019348145,4.5735883759334683e-05,0.0009095245040953159,-0.0009099962189793587,0.0009099971503019333,0.515625,0.48046875,-5.0069153076037765e-05,-3.057155845453963e-05,-0.0029960358515381813,0.002574453828856349,0.515625,0.48046875,0.0,0.0,0.0,0.0,0.0,0.0,0.0,-5.0069153076037765e-05,0.515625,0.48046875,0.0,-5.006914761906955e-06,1.0,nan,1.0,0.18069756031036377,0.008924740366637707,0.18962229788303375,0.00091
0,encoder.layers.2.blocks.3.attention.self.continuous_position_bias_mlp.2,7.999995708465576,7.914319038391113,-0.08567719161510468,0.00030344579135999084,0.0009098008740693331,-0.0009099990129470825,0.0009099994786083698,0.6666666865348816,0.3333333432674408,-0.0002982533478643745,-5.239903839537874e-05,-0.013679390773177147,0.008478336036205292,0.6666666865348816,0.3333333432674408,0.0,0.0,0.0,0.0,0.0,0.0,0.0,-0.0002982533478643745,0.6666666865348816,0.3333333432674408,0.0,-2.9825325327692553e-05,1.0,nan,1.0,0.18069756031036377,0.008924740366637707,0.18962229788303375,0.00091
0,encoder.layers.2.blocks.3.attention.self.query,7.999967098236084,12.651077270507812,4.651110649108887,0.0002781611983664334,0.000909726251848042,-0.000658949080388993,0.0009099985472857952,0.53515625,0.46484375,-2.881487671402283e-05,-3.4450640669092536e-05,-0.006258527748286724,0.008677395060658455,0.53515625,0.46484375,0.0,0.0,0.0,0.0,0.0,0.0,0.0,-2.881487671402283e-05,0.53515625,0.46484375,0.0,-2.8814872621296672e-06,1.0,nan,1.0,0.18069756031036377,0.008924740366637707,0.18962229788303375,0.00091
0,encoder.layers.2.blocks.3.attention.self.key,7.999968528747559,13.034361839294434,5.034394264221191,0.00023958621022757143,0.0009072778630070388,-0.0006539629539474845,0.0009099955204874277,0.5078125,0.4921875,7.745820767013356e-06,-3.6963028833270073e-06,-0.0020661219023168087,0.0025766086764633656,0.5078125,0.4921875,0.0,0.0,0.0,0.0,0.0,0.0,0.0,7.745820767013356e-06,0.5078125,0.4921875,0.0,7.745822472315922e-07,1.0,nan,1.0,0.18069756031036377,0.008924740366637707,0.18962229788303375,0.00091
0,encoder.layers.2.blocks.3.attention.self.value,7.99993896484375,12.828216552734375,4.828278541564941,0.0002765128156170249,0.0009071382228285074,-0.0006389549234881997,0.0009099995950236917,0.50390625,0.49609375,0.0002280106273246929,-3.78871936845826e-06,-0.021143019199371338,0.04097259044647217,0.50390625,0.49609375,0.0,0.0,0.0,0.0,0.0,0.0,0.0,0.0002280106273246929,0.50390625,0.49609375,0.0,2.2801061277277768e-05,1.0,nan,1.0,0.18069756031036377,0.008924740366637707,0.18962229788303375,0.00091
0,encoder.layers.2.blocks.3.attention.output.dense,7.999946117401123,12.765841484069824,4.765893936157227,0.0002991856599692255,0.0009091560496017337,-0.000571468670386821,0.0009099997696466744,0.5091146230697632,0.4908854365348816,-4.0552949940320104e-05,-1.4508255844702944e-05,-0.04576896131038666,0.04175649210810661,0.5091146230697632,0.4908854365348816,0.0,0.0,0.0,0.0,0.0,0.0,0.0,-4.0552949940320104e-05,0.5091146230697632,0.4908854365348816,0.0,-4.0552904465585016e-06,1.0,nan,1.0,0.18069756031036377,0.008924740366637707,0.18962229788303375,0.00091
0,encoder.layers.2.blocks.3.intermediate.dense,7.999506950378418,11.270200729370117,3.270693778991699,0.0003382316790521145,0.000901138293556869,-0.000810452678706497,0.0009099997696466744,0.5130208730697632,0.4869791865348816,-4.4556083594216034e-05,-1.024887069434044e-06,-0.04442044720053673,0.029648832976818085,0.5130208730697632,0.4869791865348816,0.0,0.0,0.0,0.0,0.0,0.0,0.0,-4.4556083594216034e-05,0.5130208730697632,0.4869791865348816,0.0,-4.455607722775312e-06,1.0,nan,1.0,0.18069756031036377,0.008924740366637707,0.18962229788303375,0.00091
0,encoder.layers.2.blocks.3.output.dense,7.999924659729004,12.79794692993164,4.798022747039795,0.00033319517388008535,-0.00010199596727034077,-0.000359341996954754,0.0009099995950236917,0.4895833432674408,0.5104166865348816,0.0003342169802635908,1.0519695933908224e-05,-0.020987486466765404,0.07067163288593292,0.4895833432674408,0.5104166865348816,0.0,0.0,0.0,0.0,0.0,0.0,0.0,0.0003342169802635908,0.4895833432674408,0.5104166865348816,0.0,3.342169657116756e-05,1.0,nan,1.0,0.18069756031036377,0.008924740366637707,0.18962229788303375,0.00091
0,encoder.layers.2.blocks.4.attention.self.continuous_position_bias_mlp.0,7.999895095825195,8.598884582519531,0.5989900827407837,5.386474367696792e-05,0.0,-0.0009099976159632206,0.0009099980816245079,0.498046875,0.48046875,-5.419502485892735e-06,0.0,-0.004368779715150595,0.003725952235981822,0.498046875,0.48046875,0.0,0.0,0.0,0.0,0.0,0.0,0.0,-5.419502485892735e-06,0.498046875,0.48046875,0.0,-5.419502713266411e-07,1.0,nan,1.0,0.18069756031036377,0.008924740366637707,0.18962229788303375,0.00091
0,encoder.layers.2.blocks.4.attention.self.continuous_position_bias_mlp.2,7.999997138977051,7.883153438568115,-0.11684318631887436,0.0003030556836165488,0.0009089699015021324,-0.0009099990129470825,0.0009099987801164389,0.6666666865348816,0.3333333432674408,0.0007852985872887075,-1.3279594895720948e-05,-0.00976075604557991,0.010569005273282528,0.6666666865348816,0.3333333432674408,0.0,0.0,0.0,0.0,0.0,0.0,0.0,0.0007852985872887075,0.6666666865348816,0.3333333432674408,0.0,7.852986891521141e-05,1.0,nan,1.0,0.18069756031036377,0.008924740366637707,0.18962229788303375,0.00091
0,encoder.layers.2.blocks.4.attention.self.query,7.999968528747559,13.327093124389648,5.327123641967773,0.0002023389533860609,-0.0003562548372428864,-0.0007047310937196016,0.0009099944145418704,0.4869791865348816,0.5130208730697632,4.045170499011874e-06,4.203036951366812e-06,-0.0016432435950264335,0.0021441541612148285,0.4869791865348816,0.5130208730697632,0.0,0.0,0.0,0.0,0.0,0.0,0.0,4.045170499011874e-06,0.4869791865348816,0.5130208730697632,0.0,4.0451686800224707e-07,1.0,nan,1.0,0.18069756031036377,0.008924740366637707,0.18962229788303375,0.00091
0,encoder.layers.2.blocks.4.attention.self.key,7.999968528747559,13.231440544128418,5.231472015380859,0.00021384550200309604,-0.0003402974980417639,-0.000787474331445992,0.0009099985472857952,0.4947916865348816,0.5052083730697632,3.2199966426560422e-06,2.734443114604801e-06,-0.006131388712674379,0.0038182432763278484,0.4947916865348816,0.5052083730697632,0.0,0.0,0.0,0.0,0.0,0.0,0.0,3.2199966426560422e-06,0.4947916865348816,0.5052083730697632,0.0,3.219997211090231e-07,1.0,nan,1.0,0.18069756031036377,0.008924740366637707,0.18962229788303375,0.00091
0,encoder.layers.2.blocks.4.attention.self.value,7.999963760375977,12.943632125854492,4.943667411804199,0.0002601796295493841,0.0009090385865420103,-0.0006058200960978866,0.0009099995950236917,0.5104166865348816,0.4895833432674408,1.8602149793878198e-06,-1.1860334780067205e-05,-0.026758771389722824,0.021085262298583984,0.5104166865348816,0.4895833432674408,0.0,0.0,0.0,0.0,0.0,0.0,0.0,1.8602149793878198e-06,0.5104166865348816,0.4895833432674408,0.0,1.8602077034302056e-07,1.0,nan,1.0,0.18069756031036377,0.008924740366637707,0.18962229788303375,0.00091
0,encoder.layers.2.blocks.4.attention.output.dense,7.999938011169434,12.548426628112793,4.548489570617676,0.00030570951639674604,0.0009091068059206009,-0.0006263168179430068,0.0009099998860619962,0.5221354365348816,0.4778645932674408,-0.00012965741916559637,-1.0360807209508494e-05,-0.05409591645002365,0.019231632351875305,0.5221354365348816,0.4778645932674408,0.0,0.0,0.0,0.0,0.0,0.0,0.0,-0.00012965741916559637,0.5221354365348816,0.4778645932674408,0.0,-1.2965741916559637e-05,1.0,nan,1.0,0.18069756031036377,0.008924740366637707,0.18962229788303375,0.00091
0,encoder.layers.2.blocks.4.intermediate.dense,7.999590873718262,11.751701354980469,3.7521109580993652,0.00030141050228849053,0.0008842942770570517,-0.0008744715596549213,0.0009099995950236917,0.5029296875,0.4970703125,-6.009771368553629e-06,-3.540869784046663e-07,-0.025908879935741425,0.018955113366246223,0.5029296875,0.4970703125,0.0,0.0,0.0,0.0,0.0,0.0,0.0,-6.009771368553629e-06,0.5029296875,0.4970703125,0.0,-6.009778417137568e-07,1.0,nan,1.0,0.18069756031036377,0.008924740366637707,0.18962229788303375,0.00091
0,encoder.layers.2.blocks.4.output.dense,7.9999213218688965,13.138463973999023,5.138543605804443,0.0003008973435498774,-0.0001043454249156639,-0.00044679699931293726,0.0009099997696466744,0.46484375,0.53515625,9.290262096328661e-05,2.9670714866369963e-05,-0.040240295231342316,0.050134070217609406,0.46484375,0.53515625,0.0,0.0,0.0,0.0,0.0,0.0,0.0,9.290262096328661e-05,0.46484375,0.53515625,0.0,9.290262823924422e-06,1.0,nan,1.0,0.18069756031036377,0.008924740366637707,0.18962229788303375,0.00091
0,encoder.layers.2.blocks.5.attention.self.continuous_position_bias_mlp.0,7.999872207641602,8.431533813476562,0.43166106939315796,4.3287618609610945e-05,0.0,-0.0009099976159632206,0.0009099971503019333,0.388671875,0.365234375,2.9980481485836208e-05,0.0,-0.003137097926810384,0.003709453856572509,0.388671875,0.365234375,0.0,0.0,0.0,0.0,0.0,0.0,0.0,2.9980481485836208e-05,0.388671875,0.365234375,0.0,2.998048785229912e-06,1.0,nan,1.0,0.18069756031036377,0.008924740366637707,0.18962229788303375,0.00091
0,encoder.layers.2.blocks.5.attention.self.continuous_position_bias_mlp.2,7.999996185302734,8.056032180786133,0.05603599548339844,-2.928815590053091e-08,-0.000909886322915554,-0.0009099985472857952,0.0009099980816245079,0.5,0.5,0.0005188746727071702,-3.1606392440153286e-05,-0.004447752609848976,0.006360548082739115,0.5,0.5,0.0,0.0,0.0,0.0,0.0,0.0,0.0,0.0005188746727071702,0.5,0.5,0.0,5.188746945350431e-05,1.0,nan,1.0,0.18069756031036377,0.008924740366637707,0.18962229788303375,0.00091
0,encoder.layers.2.blocks.5.attention.self.query,7.999967575073242,13.184581756591797,5.184614181518555,0.00022245245054364204,-0.00035862819640897214,-0.0006545003270730376,0.000909996684640646,0.49609375,0.50390625,2.91554861178156e-05,3.589870175346732e-06,-0.0027263693045824766,0.004550309386104345,0.49609375,0.50390625,0.0,0.0,0.0,0.0,0.0,0.0,0.0,2.91554861178156e-05,0.49609375,0.50390625,0.0,2.915548748205765e-06,1.0,nan,1.0,0.18069756031036377,0.008924740366637707,0.18962229788303375,0.00091
0,encoder.layers.2.blocks.5.attention.self.key,7.999967098236084,12.965421676635742,4.965453147888184,0.00025003799237310886,0.0009076478308998048,-0.000750491104554385,0.0009099948219954967,0.51171875,0.48828125,-1.227258144353982e-05,-3.98228075937368e-06,-0.0018078780267387629,0.0024094097316265106,0.51171875,0.48828125,0.0,0.0,0.0,0.0,0.0,0.0,0.0,-1.227258144353982e-05,0.51171875,0.48828125,0.0,-1.2272581670913496e-06,1.0,nan,1.0,0.18069756031036377,0.008924740366637707,0.18962229788303375,0.00091
0,encoder.layers.2.blocks.5.attention.self.value,7.999964714050293,12.93275260925293,4.932787895202637,0.00026393478037789464,0.0009097475558519363,-0.0006078265141695738,0.0009099983144551516,0.51171875,0.48828125,-3.766164809348993e-05,-3.738105442607775e-05,-0.0052945916540920734,0.006827796809375286,0.51171875,0.48828125,0.0,0.0,0.0,0.0,0.0,0.0,0.0,-3.766164809348993e-05,0.51171875,0.48828125,0.0,-3.766164354601642e-06,1.0,nan,1.0,0.18069756031036377,0.008924740366637707,0.18962229788303375,0.00091
0,encoder.layers.2.blocks.5.attention.output.dense,7.999894142150879,12.441474914550781,4.441579818725586,0.00033165139029733837,0.000902894651517272,-0.0009099970338866115,0.0009099992457777262,0.5052083730697632,0.4947916865348816,1.4977338651078753e-05,-2.3768093342368957e-06,-0.010653946548700333,0.02035548910498619,0.5052083730697632,0.4947916865348816,0.0,0.0,0.0,0.0,0.0,0.0,0.0,1.4977338651078753e-05,0.5052083730697632,0.4947916865348816,0.0,1.4977343880673288e-06,1.0,nan,1.0,0.18069756031036377,0.008924740366637707,0.18962229788303375,0.00091
0,encoder.layers.2.blocks.5.intermediate.dense,7.99970817565918,12.023582458496094,4.023873329162598,0.00027575084823183715,0.0008892377372831106,-0.0008164024911820889,0.0009099994204007089,0.5035807490348816,0.4964192807674408,-1.5806375586180366e-06,-4.394387360662222e-07,-0.014684244990348816,0.007177399471402168,0.5035807490348816,0.4964192807674408,0.0,0.0,0.0,0.0,0.0,0.0,0.0,-1.5806375586180366e-06,0.5035807490348816,0.4964192807674408,0.0,-1.5806367059667537e-07,1.0,nan,1.0,0.18069756031036377,0.008924740366637707,0.18962229788303375,0.00091
0,encoder.layers.2.blocks.5.output.dense,7.999913215637207,12.702598571777344,4.702686309814453,0.00032627800828777254,-9.055083501152694e-05,-0.000496690277941525,0.0009099998278543353,0.4908854365348816,0.5091146230697632,-7.703730079811066e-05,4.307468771003187e-06,-0.06994427740573883,0.013924909755587578,0.4908854365348816,0.5091146230697632,0.0,0.0,0.0,0.0,0.0,0.0,0.0,-7.703730079811066e-05,0.4908854365348816,0.5091146230697632,0.0,-7.70373208069941e-06,1.0,nan,1.0,0.18069756031036377,0.008924740366637707,0.18962229788303375,0.00091
0,encoder.layers.2.blocks.6.attention.self.continuous_position_bias_mlp.0,7.999203205108643,9.374521255493164,1.3753174543380737,8.874233753886074e-05,0.0,-0.0009099699091166258,0.0009099682793021202,0.291015625,0.310546875,7.709788292231678e-07,0.0,-0.0002876688668038696,0.00030377661460079253,0.291015625,0.310546875,0.0,0.0,0.0,0.0,0.0,0.0,0.0,7.709788292231678e-07,0.291015625,0.310546875,0.0,7.709790139642791e-08,1.0,nan,1.0,0.18069756031036377,0.008924740366637707,0.18962229788303375,0.00091
0,encoder.layers.2.blocks.6.attention.self.continuous_position_bias_mlp.2,7.999989986419678,7.953714370727539,-0.04627486318349838,0.00015147123485803604,0.0009077265858650208,-0.0009099702583625913,0.0009099000599235296,0.5833333730697632,0.4166666865348816,1.965376577572897e-05,-9.692966159491334e-06,-9.103260526899248e-05,0.0003059029986616224,0.5833333730697632,0.4166666865348816,0.0,0.0,0.0,0.0,0.0,0.0,0.0,1.965376577572897e-05,0.5833333730697632,0.4166666865348816,0.0,1.9653766685223673e-06,1.0,nan,1.0,0.18069756031036377,0.008924740366637707,0.18962229788303375,0.00091
0,encoder.layers.2.blocks.6.attention.self.query,7.999967098236084,12.953956604003906,4.953989028930664,0.00024957628920674324,0.000907158653717488,-0.0006626477115787566,0.0009099912131205201,0.5130208730697632,0.4869791865348816,-3.917878530046437e-06,-4.210520273773e-06,-0.0010425567161291838,0.00046411476796492934,0.5130208730697632,0.4869791865348816,0.0,0.0,0.0,0.0,0.0,0.0,0.0,-3.917878530046437e-06,0.5130208730697632,0.4869791865348816,0.0,-3.917878075299086e-07,1.0,nan,1.0,0.18069756031036377,0.008924740366637707,0.18962229788303375,0.00091
0,encoder.layers.2.blocks.6.attention.self.key,7.999964714050293,13.065839767456055,5.06587553024292,0.0002520141424611211,0.0008985313470475376,-0.0006688248831778765,0.0009099857998080552,0.5013021230697632,0.4986979365348816,2.328466280232533e-06,-1.224858351633884e-06,-0.0006417208933271468,0.0007301712175831199,0.5013021230697632,0.4986979365348816,0.0,0.0,0.0,0.0,0.0,0.0,0.0,2.328466280232533e-06,0.5013021230697632,0.4986979365348816,0.0,2.328466024437148e-07,1.0,nan,1.0,0.18069756031036377,0.008924740366637707,0.18962229788303375,0.00091
0,encoder.layers.2.blocks.6.attention.self.value,7.999965667724609,12.833305358886719,4.833340167999268,0.0002675711875781417,0.0009091555257327855,-0.0005750880227424204,0.0009099944727495313,0.5208333730697632,0.4791666865348816,-6.62656020722352e-06,-1.0793664841912687e-05,-0.0016481672646477818,0.001650054706260562,0.5208333730697632,0.4791666865348816,0.0,0.0,0.0,0.0,0.0,0.0,0.0,-6.62656020722352e-06,0.5208333730697632,0.4791666865348816,0.0,-6.62656020722352e-07,1.0,nan,1.0,0.18069756031036377,0.008924740366637707,0.18962229788303375,0.00091
0,encoder.layers.2.blocks.6.attention.output.dense,7.999881267547607,12.405131340026855,4.405250549316406,0.0003312896005809307,-5.879431773792021e-05,-0.0009099672897718847,0.0009099987801164389,0.5,0.5,3.922611995221814e-06,-9.738673725223634e-07,-0.008190636523067951,0.009671276435256004,0.5,0.5,0.0,0.0,0.0,0.0,0.0,0.0,0.0,3.922611995221814e-06,0.5,0.5,0.0,3.9226159742611344e-07,1.0,nan,1.0,0.18069756031036377,0.008924740366637707,0.18962229788303375,0.00091
0,encoder.layers.2.blocks.6.intermediate.dense,7.999566078186035,11.616035461425781,3.6164698600769043,0.0003081488539464772,-1.4334823390527163e-05,-0.00088942248839885,0.0009099990129470825,0.5,0.5,-1.147176226368174e-05,-1.5052137314341962e-08,-0.009716106578707695,0.011393438093364239,0.5,0.5,0.0,0.0,0.0,0.0,0.0,0.0,0.0,-1.147176226368174e-05,0.5,0.5,0.0,-1.147176476479217e-06,1.0,nan,1.0,0.18069756031036377,0.008924740366637707,0.18962229788303375,0.00091
0,encoder.layers.2.blocks.6.output.dense,7.999922752380371,12.828060150146484,4.8281378746032715,0.0003210269787814468,-8.851622260408476e-05,-0.00045401431270875037,0.0009099995950236917,0.48828125,0.51171875,-7.881535566411912e-05,7.572263712063432e-06,-0.02247796393930912,0.022260405123233795,0.48828125,0.51171875,0.0,0.0,0.0,0.0,0.0,0.0,0.0,-7.881535566411912e-05,0.48828125,0.51171875,0.0,-7.881535566411912e-06,1.0,nan,1.0,0.18069756031036377,0.008924740366637707,0.18962229788303375,0.00091
0,encoder.layers.2.blocks.7.attention.self.continuous_position_bias_mlp.0,7.999445915222168,9.470084190368652,1.470638632774353,8.226138015743345e-05,0.0,-0.0009099931921809912,0.000909995986148715,0.259765625,0.2734375,2.6830657589016482e-06,0.0,-0.002297742525115609,0.0013333552051335573,0.259765625,0.2734375,0.0,0.0,0.0,0.0,0.0,0.0,0.0,2.6830657589016482e-06,0.259765625,0.2734375,0.0,2.683065360997716e-07,1.0,nan,1.0,0.18069756031036377,0.008924740366637707,0.18962229788303375,0.00091
0,encoder.layers.2.blocks.7.attention.self.continuous_position_bias_mlp.2,7.999990463256836,8.097980499267578,0.09798996150493622,0.0001516562479082495,0.000909075140953064,-0.0009099547751247883,0.0009099468006752431,0.5833333730697632,0.4166666865348816,-2.290225529577583e-05,-7.032922439975664e-05,-0.0001709284697426483,0.0002016167127294466,0.5833333730697632,0.4166666865348816,0.0,0.0,0.0,0.0,0.0,0.0,0.0,-2.290225529577583e-05,0.5833333730697632,0.4166666865348816,0.0,-2.2902258933754638e-06,1.0,nan,1.0,0.18069756031036377,0.008924740366637707,0.18962229788303375,0.00091
0,encoder.layers.2.blocks.7.attention.self.query,7.99997091293335,13.193052291870117,5.193079948425293,0.00019012721895705909,-0.00035774015123024583,-0.0009099807357415557,0.0009099958697333932,0.4947916865348816,0.5052083730697632,-1.0706290595408063e-05,2.568165655247867e-06,-0.002274191938340664,0.0016569321742281318,0.4947916865348816,0.5052083730697632,0.0,0.0,0.0,0.0,0.0,0.0,0.0,-1.0706290595408063e-05,0.4947916865348816,0.5052083730697632,0.0,-1.0706289685913362e-06,1.0,nan,1.0,0.18069756031036377,0.008924740366637707,0.18962229788303375,0.00091
0,encoder.layers.2.blocks.7.attention.self.key,7.999965667724609,13.560588836669922,5.560622692108154,0.00016470700211357325,-0.000315341807436198,-0.0009099675808101892,0.0009099949966184795,0.4622395932674408,0.5377604365348816,1.2365449038043153e-05,3.155979356961325e-05,-0.0018554774578660727,0.0013937953626736999,0.4622395932674408,0.5377604365348816,0.0,0.0,0.0,0.0,0.0,0.0,0.0,1.2365449038043153e-05,0.4622395932674408,0.5377604365348816,0.0,1.2365449038043153e-06,1.0,nan,1.0,0.18069756031036377,0.008924740366637707,0.18962229788303375,0.00091
0,encoder.layers.2.blocks.7.attention.self.value,7.99997091293335,13.227327346801758,5.22735595703125,0.00019832822727039456,-0.00038394678267650306,-0.0006463378085754812,0.0009099988965317607,0.4973958432674408,0.5026041865348816,6.365167064359412e-05,1.1082076525781304e-05,-0.007787234149873257,0.01244495902210474,0.4973958432674408,0.5026041865348816,0.0,0.0,0.0,0.0,0.0,0.0,0.0,6.365167064359412e-05,0.4973958432674408,0.5026041865348816,0.0,6.3651659729657695e-06,1.0,nan,1.0,0.18069756031036377,0.008924740366637707,0.18962229788303375,0.00091
0,encoder.layers.2.blocks.7.attention.output.dense,7.99993896484375,13.043418884277344,5.043479919433594,0.00025338257546536624,-7.068148988764733e-05,-0.0007003099890425801,0.0009099991875700653,0.4869791865348816,0.5130208730697632,5.980426067253575e-05,5.86766327614896e-06,-0.011294225230813026,0.009515861980617046,0.4869791865348816,0.5130208730697632,0.0,0.0,0.0,0.0,0.0,0.0,0.0,5.980426067253575e-05,0.4869791865348816,0.5130208730697632,0.0,5.9804269767482765e-06,1.0,nan,1.0,0.18069756031036377,0.008924740366637707,0.18962229788303375,0.00091
0,encoder.layers.2.blocks.7.intermediate.dense,7.999589443206787,11.460790634155273,3.461200475692749,0.00032556767109781504,0.0009024756727740169,-0.000766577897593379,0.0009099990129470825,0.5179036855697632,0.4820963740348816,-1.8989983800565824e-05,-1.2195707768114517e-06,-0.008600002154707909,0.01198466494679451,0.5179036855697632,0.4820963740348816,0.0,0.0,0.0,0.0,0.0,0.0,0.0,-1.8989983800565824e-05,0.5179036855697632,0.4820963740348816,0.0,-1.8989987893291982e-06,1.0,nan,1.0,0.18069756031036377,0.008924740366637707,0.18962229788303375,0.00091
0,encoder.layers.2.blocks.7.output.dense,7.999932765960693,12.618223190307617,4.618289470672607,0.0003354893997311592,0.0009089690865948796,-0.0004679805424530059,0.0009099995950236917,0.5091146230697632,0.4908854365348816,-0.00011222843750147149,-1.005545345833525e-05,-0.01868652179837227,0.02632988430559635,0.5091146230697632,0.4908854365348816,0.0,0.0,0.0,0.0,0.0,0.0,0.0,-0.00011222843750147149,0.5091146230697632,0.4908854365348816,0.0,-1.1222842658753507e-05,1.0,nan,1.0,0.18069756031036377,0.008924740366637707,0.18962229788303375,0.00091
0,encoder.layers.2.downsample.reduction,7.999959468841553,13.020179748535156,5.020220756530762,0.00025626193382777274,0.0008524754084646702,-0.0006458571879193187,0.0009099997696466744,0.5013021230697632,0.4986979365348816,-0.0002678493910934776,-2.5604094844311476e-07,-0.0307709239423275,0.0240725576877594,0.5013021230697632,0.4986979365348816,0.0,0.0,0.0,0.0,0.0,0.0,0.0,-0.0002678493910934776,0.5013021230697632,0.4986979365348816,0.0,-2.678493910934776e-05,1.0,nan,1.0,0.18069756031036377,0.008924740366637707,0.18962229788303375,0.00091
0,encoder.layers.3.blocks.0.attention.self.continuous_position_bias_mlp.0,7.999872207641602,8.897737503051758,0.897864818572998,6.556088919751346e-05,0.0,-0.000909990631043911,0.0009099934250116348,0.419921875,0.38671875,-1.5982051991159096e-05,0.0,-0.0013489371631294489,0.000974605034571141,0.419921875,0.38671875,0.0,0.0,0.0,0.0,0.0,0.0,0.0,-1.5982051991159096e-05,0.419921875,0.38671875,0.0,-1.5982052445906447e-06,1.0,nan,1.0,0.18069756031036377,0.008924740366637707,0.18962229788303375,0.00091
0,encoder.layers.3.blocks.0.attention.self.continuous_position_bias_mlp.2,7.999993801116943,8.021759033203125,0.02176499366760254,0.00015166285447776318,0.0009099198505282402,-0.0009099950548261404,0.0009099957533180714,0.5833333730697632,0.4166666865348816,-0.00010485300299478695,-0.00011925608851015568,-0.002092501847073436,0.001805132837034762,0.5833333730697632,0.4166666865348816,0.0,0.0,0.0,0.0,0.0,0.0,0.0,-0.00010485300299478695,0.5833333730697632,0.4166666865348816,0.0,-1.0485298844287172e-05,1.0,nan,1.0,0.18069756031036377,0.008924740366637707,0.18962229788303375,0.00091
0,encoder.layers.3.blocks.0.attention.self.query,7.999953269958496,12.923755645751953,4.923803329467773,0.00030003522988408804,-0.00022815722331870347,-0.00043568696128204465,0.0009099907474592328,0.4993489682674408,0.5006510615348816,4.838696895603789e-06,3.738532541319728e-07,-0.0009924250189214945,0.0016336403787136078,0.4993489682674408,0.5006510615348816,0.0,0.0,0.0,0.0,0.0,0.0,0.0,4.838696895603789e-06,0.4993489682674408,0.5006510615348816,0.0,4.838698259845842e-07,1.0,nan,1.0,0.18069756031036377,0.008924740366637707,0.18962229788303375,0.00091
0,encoder.layers.3.blocks.0.attention.self.key,7.9999518394470215,12.987180709838867,4.987227439880371,0.0002951564092654735,-0.00023345380031969398,-0.00043775266385637224,0.0009099942399188876,0.494140625,0.505859375,1.174448129859229e-06,2.9238435672596097e-06,-0.0015608432004228234,0.001328187296167016,0.494140625,0.505859375,0.0,0.0,0.0,0.0,0.0,0.0,0.0,1.174448129859229e-06,0.494140625,0.505859375,0.0,1.1744475614250405e-07,1.0,nan,1.0,0.18069756031036377,0.008924740366637707,0.18962229788303375,0.00091
0,encoder.layers.3.blocks.0.attention.self.value,7.999955654144287,12.843246459960938,4.843291282653809,0.0003008018247783184,0.0009087699581868947,-0.0005523678264580667,0.0009099979652091861,0.5078125,0.4921875,-1.9519660781952552e-05,-8.454459020867944e-06,-0.004641271661967039,0.003952519968152046,0.5078125,0.4921875,0.0,0.0,0.0,0.0,0.0,0.0,0.0,-1.9519660781952552e-05,0.5078125,0.4921875,0.0,-1.9519661691447254e-06,1.0,nan,1.0,0.18069756031036377,0.008924740366637707,0.18962229788303375,0.00091
0,encoder.layers.3.blocks.0.attention.output.dense,7.9998779296875,12.119604110717773,4.119725227355957,0.0003596899041440338,0.0009051755187101662,-0.0007126450072973967,0.0009099990711547434,0.521484375,0.478515625,-1.3222466805018485e-05,-1.8959690351039171e-06,-0.009815703146159649,0.009369024075567722,0.521484375,0.478515625,0.0,0.0,0.0,0.0,0.0,0.0,0.0,-1.3222466805018485e-05,0.521484375,0.478515625,0.0,-1.32224749904708e-06,1.0,nan,1.0,0.18069756031036377,0.008924740366637707,0.18962229788303375,0.00091
0,encoder.layers.3.blocks.0.intermediate.dense,7.999744415283203,11.873176574707031,3.8734312057495117,0.00035339774331077933,0.0008935350924730301,-0.0006153012509457767,0.000909995986148715,0.5060221552848816,0.4939778745174408,-2.924711225205101e-06,-5.46153387404047e-07,-0.0022803936153650284,0.0016698393737897277,0.5060221552848816,0.4939778745174408,0.0,0.0,0.0,0.0,0.0,0.0,0.0,-2.924711225205101e-06,0.5060221552848816,0.4939778745174408,0.0,-2.924711566265614e-07,1.0,nan,1.0,0.18069756031036377,0.008924740366637707,0.18962229788303375,0.00091
0,encoder.layers.3.blocks.0.output.dense,7.9998273849487305,12.421599388122559,4.421771049499512,0.00035779125755652785,-4.958303179591894e-05,-0.0005066387820988894,0.0009099984308704734,0.4765625,0.5234375,-3.930879756808281e-06,4.702507794718258e-06,-0.005908092483878136,0.00683209765702486,0.4765625,0.5234375,0.0,0.0,0.0,0.0,0.0,0.0,0.0,-3.930879756808281e-06,0.4765625,0.5234375,0.0,-3.930880154712213e-07,1.0,nan,1.0,0.18069756031036377,0.008924740366637707,0.18962229788303375,0.00091
0,encoder.layers.3.blocks.1.attention.self.continuous_position_bias_mlp.0,7.999955177307129,9.760940551757812,1.7609857320785522,-0.00011347347754053771,-0.0004874657606706023,-0.0009099910967051983,0.000909983878955245,0.3828125,0.58203125,3.215156903024763e-05,2.32336315093562e-05,-0.0005743243382312357,0.0010235038353130221,0.3828125,0.58203125,0.0,0.0,0.0,0.0,0.0,0.0,0.0,3.215156903024763e-05,0.3828125,0.58203125,0.0,3.2151567666005576e-06,1.0,nan,1.0,0.18069756031036377,0.008924740366637707,0.18962229788303375,0.00091
0,encoder.layers.3.blocks.1.attention.self.continuous_position_bias_mlp.2,7.999995231628418,8.07901382446289,0.07901843637228012,2.0081643015146255e-09,-0.0009099276503548026,-0.0009099928429350257,0.0009099934250116348,0.5,0.5,-7.927466504042968e-05,-9.653338202042505e-05,-0.00142543890979141,0.0012555832508951426,0.5,0.5,0.0,0.0,0.0,0.0,0.0,0.0,0.0,-7.927466504042968e-05,0.5,0.5,0.0,-7.927465958346147e-06,1.0,nan,1.0,0.18069756031036377,0.008924740366637707,0.18962229788303375,0.00091
0,encoder.layers.3.blocks.1.attention.self.query,7.999957084655762,13.042272567749023,5.042315483093262,0.00028013571863994,-0.00027618903550319374,-0.0004270050267223269,0.0009099905728362501,0.4947916865348816,0.5052083730697632,2.3501634132117033e-06,1.531341695226729e-06,-0.0009672496817074716,0.0011673159897327423,0.4947916865348816,0.5052083730697632,0.0,0.0,0.0,0.0,0.0,0.0,0.0,2.3501634132117033e-06,0.4947916865348816,0.5052083730697632,0.0,2.35016358374196e-07,1.0,nan,1.0,0.18069756031036377,0.008924740366637707,0.18962229788303375,0.00091
0,encoder.layers.3.blocks.1.attention.self.key,7.999955654144287,13.320155143737793,5.320199966430664,0.0002572560915723443,-0.0002817123313434422,-0.0004621883272193372,0.0009099909220822155,0.4733073115348816,0.5266927480697632,7.84906751505332e-06,7.72072235122323e-06,-0.0009992686100304127,0.0008094221702776849,0.4733073115348816,0.5266927480697632,0.0,0.0,0.0,0.0,0.0,0.0,0.0,7.84906751505332e-06,0.4733073115348816,0.5266927480697632,0.0,7.849068310861185e-07,1.0,nan,1.0,0.18069756031036377,0.008924740366637707,0.18962229788303375,0.00091
0,encoder.layers.3.blocks.1.attention.self.value,7.999960899353027,13.075472831726074,5.0755109786987305,0.000265752081759274,-0.00028961111092939973,-0.0005438988446258008,0.000909997324924916,0.49609375,0.50390625,-2.4456257960991934e-06,1.5074801922310144e-06,-0.0033143539912998676,0.002774128457531333,0.49609375,0.50390625,0.0,0.0,0.0,0.0,0.0,0.0,0.0,-2.4456257960991934e-06,0.49609375,0.50390625,0.0,-2.4456232949887635e-07,1.0,nan,1.0,0.18069756031036377,0.008924740366637707,0.18962229788303375,0.00091
0,encoder.layers.3.blocks.1.attention.output.dense,7.999906539916992,12.674200057983398,4.67429256439209,0.0003102189220953733,-5.9330774092813954e-05,-0.0006415316020138562,0.0009099987801164389,0.4954427182674408,0.5045573115348816,1.9933348085032776e-05,5.734909791499376e-07,-0.007226789835840464,0.009185589849948883,0.4954427182674408,0.5045573115348816,0.0,0.0,0.0,0.0,0.0,0.0,0.0,1.9933348085032776e-05,0.4954427182674408,0.5045573115348816,0.0,1.993334990402218e-06,1.0,nan,1.0,0.18069756031036377,0.008924740366637707,0.18962229788303375,0.00091
0,encoder.layers.3.blocks.1.intermediate.dense,7.9996161460876465,11.696017265319824,3.696401596069336,0.0003534459392540157,0.000902356521692127,-0.0006293574115261436,0.0009099970920942724,0.5159505605697632,0.4840494990348816,-6.688988833047915e-06,-1.1873632956849178e-06,-0.0030826653819531202,0.002217284869402647,0.5159505605697632,0.4840494990348816,0.0,0.0,0.0,0.0,0.0,0.0,0.0,-6.688988833047915e-06,0.5159505605697632,0.4840494990348816,0.0,-6.688987923553213e-07,1.0,nan,1.0,0.18069756031036377,0.008924740366637707,0.18962229788303375,0.00091
0,encoder.layers.3.blocks.1.output.dense,7.999689102172852,11.540000915527344,3.540311336517334,0.0004075352044310421,-2.8834716431447305e-05,-0.0005521118873730302,0.0009099986054934561,0.4986979365348816,0.5013021230697632,-6.812041647208389e-06,9.573159331921488e-08,-0.006469228770583868,0.011905168183147907,0.4986979365348816,0.5013021230697632,0.0,0.0,0.0,0.0,0.0,0.0,0.0,-6.812041647208389e-06,0.4986979365348816,0.5013021230697632,0.0,-6.812041988268902e-07,1.0,nan,1.0,0.18069756031036377,0.008924740366637707,0.18962229788303375,0.00091
0,encoder.layers.3.blocks.2.attention.self.continuous_position_bias_mlp.0,7.999897003173828,8.730487823486328,0.7305912375450134,1.6200614481931552e-05,0.0,-0.0009099976159632206,0.0009099948219954967,0.455078125,0.482421875,6.126829975983128e-05,0.0,-0.0018036214169114828,0.00407164404168725,0.455078125,0.482421875,0.0,0.0,0.0,0.0,0.0,0.0,0.0,6.126829975983128e-05,0.455078125,0.482421875,0.0,6.12683106737677e-06,1.0,nan,1.0,0.18069756031036377,0.008924740366637707,0.18962229788303375,0.00091
0,encoder.layers.3.blocks.2.attention.self.continuous_position_bias_mlp.2,7.999996185302734,8.070413589477539,0.07041718810796738,-1.726827347781068e-09,-0.0009099175222218037,-0.0009099980816245079,0.0009099971503019333,0.5,0.5,0.00021282533998601139,-9.993469575420022e-05,-0.0029997050296515226,0.004707878455519676,0.5,0.5,0.0,0.0,0.0,0.0,0.0,0.0,0.0,0.00021282533998601139,0.5,0.5,0.0,2.1282532543409616e-05,1.0,nan,1.0,0.18069756031036377,0.008924740366637707,0.18962229788303375,0.00091
0,encoder.layers.3.blocks.2.attention.self.query,7.999960899353027,13.120176315307617,5.120214462280273,0.0002626840432640165,-0.00032206682953983545,-0.0004633914213627577,0.000909991969820112,0.4928385615348816,0.5071614980697632,2.2456013084592996e-06,5.162225534149911e-06,-0.0011240106541663408,0.001199626480229199,0.4928385615348816,0.5071614980697632,0.0,0.0,0.0,0.0,0.0,0.0,0.0,2.2456013084592996e-06,0.4928385615348816,0.5071614980697632,0.0,2.245602530592805e-07,1.0,nan,1.0,0.18069756031036377,0.008924740366637707,0.18962229788303375,0.00091
0,encoder.layers.3.blocks.2.attention.self.key,7.999960899353027,12.967597961425781,4.96763801574707,0.000277676444966346,0.0009042795281857252,-0.0004384763597045094,0.0009099919116124511,0.50390625,0.49609375,-4.9764175855671056e-06,-1.6925005184020847e-06,-0.001117382780648768,0.0013191692996770144,0.50390625,0.49609375,0.0,0.0,0.0,0.0,0.0,0.0,0.0,-4.9764175855671056e-06,0.50390625,0.49609375,0.0,-4.976419063495996e-07,1.0,nan,1.0,0.18069756031036377,0.008924740366637707,0.18962229788303375,0.00091
0,encoder.layers.3.blocks.2.attention.self.value,7.999961853027344,13.268950462341309,5.268987655639648,0.00024014469818212092,-0.00028983643278479576,-0.0005384748801589012,0.0009099958115257323,0.4837239682674408,0.5162760615348816,-4.403340426506475e-06,1.29361233121017e-05,-0.0022022153716534376,0.0034681474789977074,0.4837239682674408,0.5162760615348816,0.0,0.0,0.0,0.0,0.0,0.0,0.0,-4.403340426506475e-06,0.4837239682674408,0.5162760615348816,0.0,-4.403341051784082e-07,1.0,nan,1.0,0.18069756031036377,0.008924740366637707,0.18962229788303375,0.00091
0,encoder.layers.3.blocks.2.attention.output.dense,7.99984884262085,12.297098159790039,4.2972493171691895,0.00035847895196639,-5.7339464547112584e-05,-0.0008498345850966871,0.0009099994786083698,0.4921875,0.5078125,1.9902578060282394e-05,1.8128466763300821e-06,-0.01683732494711876,0.00895962119102478,0.4921875,0.5078125,0.0,0.0,0.0,0.0,0.0,0.0,0.0,1.9902578060282394e-05,0.4921875,0.5078125,0.0,1.9902572603314184e-06,1.0,nan,1.0,0.18069756031036377,0.008924740366637707,0.18962229788303375,0.00091
0,encoder.layers.3.blocks.2.intermediate.dense,7.999846458435059,12.47971248626709,4.479866027832031,0.000295177916996181,-2.6208448616671376e-05,-0.0006161128403618932,0.0009099981980398297,0.4996744990348816,0.5003255605697632,-3.905382982338779e-06,3.716922947205603e-08,-0.0049888985231518745,0.0029309121891856194,0.4996744990348816,0.5003255605697632,0.0,0.0,0.0,0.0,0.0,0.0,0.0,-3.905382982338779e-06,0.4996744990348816,0.5003255605697632,0.0,-3.905383607616386e-07,1.0,nan,1.0,0.18069756031036377,0.008924740366637707,0.18962229788303375,0.00091
0,encoder.layers.3.blocks.2.output.dense,7.999841690063477,12.311278343200684,4.311437129974365,0.000355358439264819,-4.678415643866174e-05,-0.000491696351673454,0.0009099989547394216,0.4895833432674408,0.5104166865348816,5.4913278290769085e-05,3.0384599085664377e-06,-0.009638325311243534,0.007807116024196148,0.4895833432674408,0.5104166865348816,0.0,0.0,0.0,0.0,0.0,0.0,0.0,5.4913278290769085e-05,0.4895833432674408,0.5104166865348816,0.0,5.491328010975849e-06,1.0,nan,1.0,0.18069756031036377,0.008924740366637707,0.18962229788303375,0.00091
0,encoder.layers.3.blocks.3.attention.self.continuous_position_bias_mlp.0,7.999863624572754,8.652719497680664,0.6528557538986206,3.6019882827531546e-05,0.0,-0.0009099945891648531,0.0009099943563342094,0.365234375,0.365234375,1.1570516107894946e-05,0.0,-0.0016494349110871553,0.0017205715412274003,0.365234375,0.365234375,0.0,0.0,0.0,0.0,0.0,0.0,0.0,1.1570516107894946e-05,0.365234375,0.365234375,0.0,1.1570518836379051e-06,1.0,nan,1.0,0.18069756031036377,0.008924740366637707,0.18962229788303375,0.00091
0,encoder.layers.3.blocks.3.attention.self.continuous_position_bias_mlp.2,7.999995708465576,8.056266784667969,0.05627173185348511,4.079387050381911e-09,-0.000909910537302494,-0.0009099929593503475,0.0009099915623664856,0.5,0.5,-1.1909796739928424e-05,-0.0003660316579043865,-0.0010923478985205293,0.0012934000696986914,0.5,0.5,0.0,0.0,0.0,0.0,0.0,0.0,0.0,-1.1909796739928424e-05,0.5,0.5,0.0,-1.1909796739928424e-06,1.0,nan,1.0,0.18069756031036377,0.008924740366637707,0.18962229788303375,0.00091
0,encoder.layers.3.blocks.3.attention.self.query,7.999963283538818,13.226225852966309,5.22626256942749,0.00024366227444261312,-0.00034856420825235546,-0.00046642625238746405,0.0009099920280277729,0.4876302182674408,0.5123698115348816,-8.177266863640398e-09,5.635563866235316e-06,-0.0011474863858893514,0.0010119975777342916,0.4876302182674408,0.5123698115348816,0.0,0.0,0.0,0.0,0.0,0.0,0.0,-8.177266863640398e-09,0.4876302182674408,0.5123698115348816,0.0,-8.177115651264444e-10,1.0,nan,1.0,0.18069756031036377,0.008924740366637707,0.18962229788303375,0.00091
0,encoder.layers.3.blocks.3.attention.self.key,7.99996280670166,12.792868614196777,4.792906761169434,0.0002863633562810719,0.000908853835426271,-0.00047960798838175833,0.00090998993255198,0.5188802480697632,0.4811198115348816,-3.7556062579824356e-06,-8.040635293582454e-06,-0.000916023796889931,0.0011058563832193613,0.5188802480697632,0.4811198115348816,0.0,0.0,0.0,0.0,0.0,0.0,0.0,-3.7556062579824356e-06,0.5188802480697632,0.4811198115348816,0.0,-3.755605746391666e-07,1.0,nan,1.0,0.18069756031036377,0.008924740366637707,0.18962229788303375,0.00091
0,encoder.layers.3.blocks.3.attention.self.value,7.999961853027344,12.969610214233398,4.969646453857422,0.00026983479619957507,0.0009072154061868787,-0.00047817936865612864,0.0009099908638745546,0.505859375,0.494140625,-6.043307621439453e-06,-3.6588244256563485e-06,-0.0009898848365992308,0.0010018900502473116,0.505859375,0.494140625,0.0,0.0,0.0,0.0,0.0,0.0,0.0,-6.043307621439453e-06,0.505859375,0.494140625,0.0,-6.043308076186804e-07,1.0,nan,1.0,0.18069756031036377,0.008924740366637707,0.18962229788303375,0.00091
0,encoder.layers.3.blocks.3.attention.output.dense,7.999862194061279,12.220850944519043,4.22098970413208,0.0003510460664983839,0.0008999412530101836,-0.0006481173331849277,0.000909998721908778,0.5091146230697632,0.4908854365348816,-1.278081617783755e-05,-1.0341946108383127e-06,-0.007383323274552822,0.008359777741134167,0.5091146230697632,0.4908854365348816,0.0,0.0,0.0,0.0,0.0,0.0,0.0,-1.278081617783755e-05,0.5091146230697632,0.4908854365348816,0.0,-1.2780814131474472e-06,1.0,nan,1.0,0.18069756031036377,0.008924740366637707,0.18962229788303375,0.00091
0,encoder.layers.3.blocks.3.intermediate.dense,7.99991512298584,12.63841438293457,4.638498306274414,0.0002714893198572099,0.0009085362544283271,-0.0006200982024893165,0.0009099988965317607,0.50830078125,0.49169921875,1.1052128684241325e-05,-6.314245638350258e-06,-0.008492406457662582,0.0114331915974617,0.50830078125,0.49169921875,0.0,0.0,0.0,0.0,0.0,0.0,0.0,1.1052128684241325e-05,0.50830078125,0.49169921875,0.0,1.1052129593736026e-06,1.0,nan,1.0,0.18069756031036377,0.008924740366637707,0.18962229788303375,0.00091
0,encoder.layers.3.blocks.3.output.dense,7.999911308288574,12.437785148620605,4.437873840332031,0.0003405290190130472,0.0009080003364942968,-0.0005037232185713947,0.0009099991875700653,0.5104166865348816,0.4895833432674408,5.450601383927278e-05,-4.682879080064595e-06,-0.013516180217266083,0.02433609776198864,0.5104166865348816,0.4895833432674408,0.0,0.0,0.0,0.0,0.0,0.0,0.0,5.450601383927278e-05,0.5104166865348816,0.4895833432674408,0.0,5.450600838230457e-06,1.0,nan,1.0,0.18069756031036377,0.008924740366637707,0.18962229788303375,0.00091
0,encoder.layers.3.blocks.4.attention.self.continuous_position_bias_mlp.0,7.999929904937744,8.747171401977539,0.7472414374351501,7.967438432388008e-05,0.0,-0.000909996684640646,0.0009099972085095942,0.470703125,0.431640625,3.698186446854379e-06,0.0,-0.003268762491643429,0.0028790906071662903,0.470703125,0.431640625,0.0,0.0,0.0,0.0,0.0,0.0,0.0,3.698186446854379e-06,0.470703125,0.431640625,0.0,3.698182808875572e-07,1.0,nan,1.0,0.18069756031036377,0.008924740366637707,0.18962229788303375,0.00091
0,encoder.layers.3.blocks.4.attention.self.continuous_position_bias_mlp.2,7.999995231628418,8.189903259277344,0.1899077147245407,2.7042310613012432e-09,-0.0009098516893573105,-0.0009099931921809912,0.0009099976159632206,0.5,0.5,-0.00011744102812372148,-7.963483221828938e-05,-0.0038868908304721117,0.001358858309686184,0.5,0.5,0.0,0.0,0.0,0.0,0.0,0.0,0.0,-0.00011744102812372148,0.5,0.5,0.0,-1.174410408566473e-05,1.0,nan,1.0,0.18069756031036377,0.008924740366637707,0.18962229788303375,0.00091
0,encoder.layers.3.blocks.4.attention.self.query,7.999964714050293,13.047049522399902,5.047084331512451,0.0002538631088100374,0.0009057840215973556,-0.0005332948639988899,0.0009099951712414622,0.5026041865348816,0.4973958432674408,2.2375481876224512e-06,-2.2693275241181254e-06,-0.001899617724120617,0.0027213688008487225,0.5026041865348816,0.4973958432674408,0.0,0.0,0.0,0.0,0.0,0.0,0.0,2.2375481876224512e-06,0.5026041865348816,0.4973958432674408,0.0,2.237549097117153e-07,1.0,nan,1.0,0.18069756031036377,0.008924740366637707,0.18962229788303375,0.00091
0,encoder.layers.3.blocks.4.attention.self.key,7.999964714050293,12.940031051635742,4.940065383911133,0.0002652275434229523,0.0009087299113161862,-0.0004834391875192523,0.000909995986148715,0.5104166865348816,0.4895833432674408,-1.3871313967683818e-05,-7.328359060920775e-06,-0.002260934328660369,0.0019439319148659706,0.5104166865348816,0.4895833432674408,0.0,0.0,0.0,0.0,0.0,0.0,0.0,-1.3871313967683818e-05,0.5104166865348816,0.4895833432674408,0.0,-1.3871316468794248e-06,1.0,nan,1.0,0.18069756031036377,0.008924740366637707,0.18962229788303375,0.00091
0,encoder.layers.3.blocks.4.attention.self.value,7.999965667724609,13.210739135742188,5.210773468017578,0.00023041595704853535,-0.00033042815630324185,-0.0006021816516295075,0.0009099969174712896,0.4921875,0.5078125,1.1618743883445859e-05,8.230112143792212e-06,-0.002962104044854641,0.004404067061841488,0.4921875,0.5078125,0.0,0.0,0.0,0.0,0.0,0.0,0.0,1.1618743883445859e-05,0.4921875,0.5078125,0.0,1.1618747066677315e-06,1.0,nan,1.0,0.18069756031036377,0.008924740366637707,0.18962229788303375,0.00091
0,encoder.layers.3.blocks.4.attention.output.dense,7.999903678894043,12.867303848266602,4.8673996925354,0.0002938046818599105,-6.139521428849548e-05,-0.0007023688522167504,0.0009099989547394216,0.4811198115348816,0.5188802480697632,3.709947804964031e-06,4.245430318405852e-06,-0.007930769585072994,0.016439221799373627,0.4811198115348816,0.5188802480697632,0.0,0.0,0.0,0.0,0.0,0.0,0.0,3.709947804964031e-06,0.4811198115348816,0.5188802480697632,0.0,3.7099411542840244e-07,1.0,nan,1.0,0.18069756031036377,0.008924740366637707,0.18962229788303375,0.00091
0,encoder.layers.3.blocks.4.intermediate.dense,7.99979305267334,11.947123527526855,3.947330951690674,0.00038537662476301193,0.0008992025977931917,-0.00044322796748019755,0.0009099942399188876,0.50634765625,0.49365234375,7.910593922133557e-07,-8.346594313479727e-07,-0.0015954116825014353,0.0019418098963797092,0.50634765625,0.49365234375,0.0,0.0,0.0,0.0,0.0,0.0,0.0,7.910593922133557e-07,0.50634765625,0.49365234375,0.0,7.910595911653218e-08,1.0,nan,1.0,0.18069756031036377,0.008924740366637707,0.18962229788303375,0.00091
0,encoder.layers.3.blocks.4.output.dense,7.999324798583984,10.3427734375,2.3434486389160156,0.00044305017217993736,0.0009042611927725375,-0.00048371354932896793,0.0009099983726628125,0.5201823115348816,0.4798177182674408,-1.1866060958709568e-05,-1.6181486444111215e-06,-0.006156249437481165,0.006810636259615421,0.5201823115348816,0.4798177182674408,0.0,0.0,0.0,0.0,0.0,0.0,0.0,-1.1866060958709568e-05,0.5201823115348816,0.4798177182674408,0.0,-1.1866063687193673e-06,1.0,nan,1.0,0.18069756031036377,0.008924740366637707,0.18962229788303375,0.00091
0,encoder.layers.3.blocks.5.attention.self.continuous_position_bias_mlp.0,7.999933242797852,9.056950569152832,1.0570173263549805,0.00018918697605840862,0.0009075725683942437,-0.0009099750313907862,0.0009099850431084633,0.521484375,0.380859375,-2.6299303499399684e-05,-4.613017154042609e-06,-0.0006025221082381904,0.0006183842197060585,0.521484375,0.380859375,0.0,0.0,0.0,0.0,0.0,0.0,0.0,-2.6299303499399684e-05,0.521484375,0.380859375,0.0,-2.6299303499399684e-06,1.0,nan,1.0,0.18069756031036377,0.008924740366637707,0.18962229788303375,0.00091
0,encoder.layers.3.blocks.5.attention.self.continuous_position_bias_mlp.2,7.999994277954102,8.214044570922852,0.2140495479106903,-7.585332059534267e-05,-0.0009099115850403905,-0.0009099820163100958,0.0009099924936890602,0.4583333432674408,0.5416666865348816,-3.682609531097114e-05,8.98152393347118e-06,-0.001208095345646143,0.0005100304260849953,0.4583333432674408,0.5416666865348816,0.0,0.0,0.0,0.0,0.0,0.0,0.0,-3.682609531097114e-05,0.4583333432674408,0.5416666865348816,0.0,-3.682609076349763e-06,1.0,nan,1.0,0.18069756031036377,0.008924740366637707,0.18962229788303375,0.00091
0,encoder.layers.3.blocks.5.attention.self.query,7.999961853027344,13.251129150390625,5.251168251037598,0.00024458690313622355,-0.0003250722656957805,-0.00047362700570374727,0.0009099909220822155,0.4850260615348816,0.5149739980697632,5.0743401516228914e-06,5.672231054631993e-06,-0.001010215375572443,0.0009724187548272312,0.4850260615348816,0.5149739980697632,0.0,0.0,0.0,0.0,0.0,0.0,0.0,5.0743401516228914e-06,0.4850260615348816,0.5149739980697632,0.0,5.074340378996567e-07,1.0,nan,1.0,0.18069756031036377,0.008924740366637707,0.18962229788303375,0.00091
0,encoder.layers.3.blocks.5.attention.self.key,7.999961853027344,12.994047164916992,4.994086265563965,0.00026979815447703004,0.0009012034861370921,-0.0005714657600037754,0.0009099922026507556,0.5032552480697632,0.4967448115348816,-6.904899123583164e-07,-1.7149941413663328e-06,-0.0011677092406898737,0.0013108208077028394,0.5032552480697632,0.4967448115348816,0.0,0.0,0.0,0.0,0.0,0.0,0.0,-6.904899123583164e-07,0.5032552480697632,0.4967448115348816,0.0,-6.90490082888573e-08,1.0,nan,1.0,0.18069756031036377,0.008924740366637707,0.18962229788303375,0.00091
0,encoder.layers.3.blocks.5.attention.self.value,7.999963283538818,13.186205863952637,5.186243057250977,0.00024321998353116214,-0.00029662784072570503,-0.0005980663117952645,0.0009099957533180714,0.4908854365348816,0.5091146230697632,1.5695262845838442e-05,5.879443051526323e-06,-0.0021822366397827864,0.0038941223174333572,0.4908854365348816,0.5091146230697632,0.0,0.0,0.0,0.0,0.0,0.0,0.0,1.5695262845838442e-05,0.4908854365348816,0.5091146230697632,0.0,1.5695263755333144e-06,1.0,nan,1.0,0.18069756031036377,0.008924740366637707,0.18962229788303375,0.00091
0,encoder.layers.3.blocks.5.attention.output.dense,7.99991512298584,12.570696830749512,4.570781707763672,0.0003193504817318171,0.0009026339976117015,-0.0006427119951695204,0.0009099987801164389,0.505859375,0.494140625,-1.2374394827929791e-05,-1.3956921520730248e-06,-0.007261601742357016,0.008394140750169754,0.505859375,0.494140625,0.0,0.0,0.0,0.0,0.0,0.0,0.0,-1.2374394827929791e-05,0.505859375,0.494140625,0.0,-1.237439732904022e-06,1.0,nan,1.0,0.18069756031036377,0.008924740366637707,0.18962229788303375,0.00091
0,encoder.layers.3.blocks.5.intermediate.dense,7.999894618988037,12.500249862670898,4.500354766845703,0.00034059921745210886,-4.6078141167527065e-05,-0.0005738204927183688,0.0009099964518100023,0.4990234375,0.5009765625,-2.768725153146079e-06,2.4226756067946553e-07,-0.002583600115031004,0.001997171901166439,0.4990234375,0.5009765625,0.0,0.0,0.0,0.0,0.0,0.0,0.0,-2.768725153146079e-06,0.4990234375,0.5009765625,0.0,-2.768724698398728e-07,1.0,nan,1.0,0.18069756031036377,0.008924740366637707,0.18962229788303375,0.00091
0,encoder.layers.3.blocks.5.output.dense,7.999683380126953,11.337114334106445,3.337430477142334,0.00041493456228636205,0.0009077652939595282,-0.0004105120606254786,0.0009099987801164389,0.51953125,0.48046875,-2.3235383196151815e-05,-4.171060936641879e-06,-0.007290495093911886,0.011605839245021343,0.51953125,0.48046875,0.0,0.0,0.0,0.0,0.0,0.0,0.0,-2.3235383196151815e-05,0.51953125,0.48046875,0.0,-2.3235388653120026e-06,1.0,nan,1.0,0.18069756031036377,0.008924740366637707,0.18962229788303375,0.00091
0,encoder.layers.3.blocks.6.attention.self.continuous_position_bias_mlp.0,7.999940872192383,8.461004257202148,0.4610642194747925,7.276984251802787e-05,0.0,-0.0009099976159632206,0.0009099943563342094,0.458984375,0.412109375,-3.119746452284744e-06,0.0,-0.0016538805793970823,0.0041885687969625,0.458984375,0.412109375,0.0,0.0,0.0,0.0,0.0,0.0,0.0,-3.119746452284744e-06,0.458984375,0.412109375,0.0,-3.119749010238593e-07,1.0,nan,1.0,0.18069756031036377,0.008924740366637707,0.18962229788303375,0.00091
0,encoder.layers.3.blocks.6.attention.self.continuous_position_bias_mlp.2,7.999995231628418,8.10684871673584,0.10685362666845322,-0.0001516584597993642,-0.0009099200833588839,-0.0009099971503019333,0.0009099938906729221,0.4166666865348816,0.5833333730697632,0.00020803662482649088,9.012356167659163e-05,-0.001456760335713625,0.0031095671001821756,0.4166666865348816,0.5833333730697632,0.0,0.0,0.0,0.0,0.0,0.0,0.0,0.00020803662482649088,0.4166666865348816,0.5833333730697632,0.0,2.0803661755053326e-05,1.0,nan,1.0,0.18069756031036377,0.008924740366637707,0.18962229788303375,0.00091
0,encoder.layers.3.blocks.6.attention.self.query,7.999967098236084,13.051734924316406,5.051768779754639,0.00024538551224395633,0.0009077091817744076,-0.0005065056611783803,0.0009099955786950886,0.5045573115348816,0.4954427182674408,-4.1938619688153267e-07,-4.14304668083787e-06,-0.002076814416795969,0.002550947479903698,0.5045573115348816,0.4954427182674408,0.0,0.0,0.0,0.0,0.0,0.0,0.0,-4.1938619688153267e-07,0.5045573115348816,0.4954427182674408,0.0,-4.19386978478542e-08,1.0,nan,1.0,0.18069756031036377,0.008924740366637707,0.18962229788303375,0.00091
0,encoder.layers.3.blocks.6.attention.self.key,7.999965667724609,13.084218978881836,5.08425235748291,0.0002433822664897889,0.0009063226170837879,-0.0005149850039742887,0.0009099948802031577,0.501953125,0.498046875,-1.4647561101810425e-06,-2.5085901143029332e-06,-0.0018148603849112988,0.0015488758217543364,0.501953125,0.498046875,0.0,0.0,0.0,0.0,0.0,0.0,0.0,-1.4647561101810425e-06,0.501953125,0.498046875,0.0,-1.464755285951469e-07,1.0,nan,1.0,0.18069756031036377,0.008924740366637707,0.18962229788303375,0.00091
0,encoder.layers.3.blocks.6.attention.self.value,7.999967098236084,12.903343200683594,4.903375148773193,0.0002543363953009248,0.0009096523281186819,-0.0005761521751992404,0.0009099971503019333,0.5169271230697632,0.4830729365348816,-1.166367201221874e-05,-3.0103201424935833e-05,-0.0031755866948515177,0.0030423877760767937,0.5169271230697632,0.4830729365348816,0.0,0.0,0.0,0.0,0.0,0.0,0.0,-1.166367201221874e-05,0.5169271230697632,0.4830729365348816,0.0,-1.1663672694339766e-06,1.0,nan,1.0,0.18069756031036377,0.008924740366637707,0.18962229788303375,0.00091
0,encoder.layers.3.blocks.6.attention.output.dense,7.999932765960693,12.639320373535156,4.639388084411621,0.00030611781403422356,0.000907404872123152,-0.0006397737888619304,0.0009099990129470825,0.5130208730697632,0.4869791865348816,-7.555335469078273e-05,-3.7023182812845334e-06,-0.009597196243703365,0.008023303933441639,0.5130208730697632,0.4869791865348816,0.0,0.0,0.0,0.0,0.0,0.0,0.0,-7.555335469078273e-05,0.5130208730697632,0.4869791865348816,0.0,-7.555336196674034e-06,1.0,nan,1.0,0.18069756031036377,0.008924740366637707,0.18962229788303375,0.00091
0,encoder.layers.3.blocks.6.intermediate.dense,7.999938488006592,12.941699981689453,4.9417619705200195,0.00023106315347831696,-6.793172360630706e-05,-0.0006650069262832403,0.0009099992457777262,0.4988606870174408,0.5011393427848816,3.23001149808988e-05,1.5110417734831572e-06,-0.013024621643126011,0.017779434099793434,0.4988606870174408,0.5011393427848816,0.0,0.0,0.0,0.0,0.0,0.0,0.0,3.23001149808988e-05,0.4988606870174408,0.5011393427848816,0.0,3.2300117709382903e-06,1.0,nan,1.0,0.18069756031036377,0.008924740366637707,0.18962229788303375,0.00091
0,encoder.layers.3.blocks.6.output.dense,7.999909400939941,12.471491813659668,4.471583366394043,0.0003356679226271808,0.000909342197701335,-0.0005752972792834044,0.0009099997114390135,0.509765625,0.490234375,-0.00014687402290292084,-1.4185749023454264e-05,-0.03895781189203262,0.018633775413036346,0.509765625,0.490234375,0.0,0.0,0.0,0.0,0.0,0.0,0.0,-0.00014687402290292084,0.509765625,0.490234375,0.0,-1.4687402654089965e-05,1.0,nan,1.0,0.18069756031036377,0.008924740366637707,0.18962229788303375,0.00091
0,encoder.layers.3.blocks.7.attention.self.continuous_position_bias_mlp.0,7.999920845031738,8.76046371459961,0.760542631149292,-1.3002871128264815e-05,0.0,-0.000909996684640646,0.0009099952876567841,0.40625,0.455078125,-1.5674704627599567e-06,0.0,-0.002056072000414133,0.002953203860670328,0.40625,0.455078125,0.0,0.0,0.0,0.0,0.0,0.0,0.0,-1.5674704627599567e-06,0.40625,0.455078125,0.0,-1.5674700648560247e-07,1.0,nan,1.0,0.18069756031036377,0.008924740366637707,0.18962229788303375,0.00091
0,encoder.layers.3.blocks.7.attention.self.continuous_position_bias_mlp.2,7.999993324279785,8.154108047485352,0.1541140079498291,0.00015163549687713385,0.0009096907451748848,-0.0009099971503019333,0.0009099948219954967,0.5833333730697632,0.4166666865348816,8.267450903076679e-05,-7.64058786444366e-05,-0.0018298892537131906,0.003113560611382127,0.5833333730697632,0.4166666865348816,0.0,0.0,0.0,0.0,0.0,0.0,0.0,8.267450903076679e-05,0.5833333730697632,0.4166666865348816,0.0,8.267452358268201e-06,1.0,nan,1.0,0.18069756031036377,0.008924740366637707,0.18962229788303375,0.00091
0,encoder.layers.3.blocks.7.attention.self.query,7.999963283538818,12.963258743286133,4.963294982910156,0.0002675619616638869,0.0009073237888514996,-0.0004940775106661022,0.0009099941817112267,0.5071614980697632,0.4928385615348816,-3.1289389426092384e-06,-3.4653785405680537e-06,-0.0015570116229355335,0.001385232899338007,0.5071614980697632,0.4928385615348816,0.0,0.0,0.0,0.0,0.0,0.0,0.0,-3.1289389426092384e-06,0.5071614980697632,0.4928385615348816,0.0,-3.1289397384171025e-07,1.0,nan,1.0,0.18069756031036377,0.008924740366637707,0.18962229788303375,0.00091
0,encoder.layers.3.blocks.7.attention.self.key,7.999961853027344,13.03759765625,5.03763484954834,0.0002637711295392364,0.0008173963287845254,-0.0004820163012482226,0.0009099936578422785,0.5006510615348816,0.4993489682674408,6.6749053075909615e-06,-1.4608667697757483e-07,-0.0014239908196032047,0.0013602147810161114,0.5006510615348816,0.4993489682674408,0.0,0.0,0.0,0.0,0.0,0.0,0.0,6.6749053075909615e-06,0.5006510615348816,0.4993489682674408,0.0,6.67490439809626e-07,1.0,nan,1.0,0.18069756031036377,0.008924740366637707,0.18962229788303375,0.00091
0,encoder.layers.3.blocks.7.attention.self.value,7.999963283538818,13.043411254882812,5.043448448181152,0.0002527101896703243,0.0009082243195734918,-0.0006455254042521119,0.0009099979070015252,0.501953125,0.498046875,2.3056298232404515e-05,-5.2086543291807175e-06,-0.004435442388057709,0.0041338191367685795,0.501953125,0.498046875,0.0,0.0,0.0,0.0,0.0,0.0,0.0,2.3056298232404515e-05,0.501953125,0.498046875,0.0,2.305629550392041e-06,1.0,nan,1.0,0.18069756031036377,0.008924740366637707,0.18962229788303375,0.00091
0,encoder.layers.3.blocks.7.attention.output.dense,7.99991512298584,12.883524894714355,4.883609294891357,0.0002933695795945823,-6.48655477561988e-05,-0.000665698607917875,0.0009099991875700653,0.4837239682674408,0.5162760615348816,3.0913521186448634e-05,4.938814527122304e-06,-0.010994098149240017,0.007052076049149036,0.4837239682674408,0.5162760615348816,0.0,0.0,0.0,0.0,0.0,0.0,0.0,3.0913521186448634e-05,0.4837239682674408,0.5162760615348816,0.0,3.091352482442744e-06,1.0,nan,1.0,0.18069756031036377,0.008924740366637707,0.18962229788303375,0.00091
0,encoder.layers.3.blocks.7.intermediate.dense,7.99984884262085,12.600898742675781,4.601049423217773,0.0003186115063726902,-9.276268428948242e-06,-0.0005288436659611762,0.0009099966264329851,0.4944661557674408,0.5055338740348816,-2.381542287821503e-07,1.2691107258433476e-06,-0.0027031891513615847,0.001703738234937191,0.4944661557674408,0.5055338740348816,0.0,0.0,0.0,0.0,0.0,0.0,0.0,-2.381542287821503e-07,0.4944661557674408,0.5055338740348816,0.0,-2.3815385219450036e-08,1.0,nan,1.0,0.18069756031036377,0.008924740366637707,0.18962229788303375,0.00091
0,encoder.layers.3.blocks.7.output.dense,7.999753475189209,11.468559265136719,3.4688053131103516,0.0004171626642346382,0.000908612972125411,-0.0005063646240159869,0.000909998721908778,0.525390625,0.474609375,-2.7292042432236485e-05,-7.011602974671405e-06,-0.007482458837330341,0.0036646537482738495,0.525390625,0.474609375,0.0,0.0,0.0,0.0,0.0,0.0,0.0,-2.7292042432236485e-05,0.525390625,0.474609375,0.0,-2.729203970375238e-06,1.0,nan,1.0,0.18069756031036377,0.008924740366637707,0.18962229788303375,0.00091
0,decoder.layers.0.blocks.0.attention.self.continuous_position_bias_mlp.0,7.999921798706055,9.329690933227539,1.3297688961029053,6.698531069559976e-05,0.0,-0.0009099979652091861,0.0009099980816245079,0.466796875,0.466796875,-2.580136788310483e-05,0.0,-0.0043052202090620995,0.004516798071563244,0.466796875,0.466796875,0.0,0.0,0.0,0.0,0.0,0.0,0.0,-2.580136788310483e-05,0.466796875,0.466796875,0.0,-2.580137334007304e-06,1.0,nan,1.0,0.18069756031036377,0.008924740366637707,0.18962229788303375,0.00091
0,decoder.layers.0.blocks.0.attention.self.continuous_position_bias_mlp.2,7.999992370605469,8.11031723022461,0.11032374948263168,0.00015157117741182446,0.0009095803834497929,-0.0009099931339733303,0.0009099962189793587,0.5833333730697632,0.4166666865348816,-0.00013080760254524648,-8.300569606944919e-05,-0.0025933897122740746,0.001330458908341825,0.5833333730697632,0.4166666865348816,0.0,0.0,0.0,0.0,0.0,0.0,0.0,-0.00013080760254524648,0.5833333730697632,0.4166666865348816,0.0,-1.3080762073514052e-05,1.0,nan,1.0,0.18069756031036377,0.008924740366637707,0.18962229788303375,0.00091
0,decoder.layers.0.blocks.0.attention.self.query,7.999961853027344,13.06269359588623,5.062733173370361,0.00026175755192525685,-0.00024442083667963743,-0.0004929462447762489,0.000909995986148715,0.498046875,0.501953125,3.4090835470124148e-06,2.2035928850527853e-06,-0.0022256977390497923,0.002697375137358904,0.498046875,0.501953125,0.0,0.0,0.0,0.0,0.0,0.0,0.0,3.4090835470124148e-06,0.498046875,0.501953125,0.0,3.4090837175426714e-07,1.0,nan,1.0,0.18069756031036377,0.008924740366637707,0.18962229788303375,0.00091
0,decoder.layers.0.blocks.0.attention.self.key,7.999960899353027,12.985507011413574,4.985546112060547,0.0002745323290582746,0.000905387569218874,-0.0005886011640541255,0.0009099902817979455,0.5026041865348816,0.4973958432674408,-5.381725713959895e-06,-2.0667212083935738e-06,-0.0009381180279888213,0.0013646591687574983,0.5026041865348816,0.4973958432674408,0.0,0.0,0.0,0.0,0.0,0.0,0.0,-5.381725713959895e-06,0.5026041865348816,0.4973958432674408,0.0,-5.381725145525706e-07,1.0,nan,1.0,0.18069756031036377,0.008924740366637707,0.18962229788303375,0.00091
0,decoder.layers.0.blocks.0.attention.self.value,7.999963283538818,13.149185180664062,5.149222373962402,0.00024315164773724973,-0.00029038803768344223,-0.000674717070069164,0.0009099976159632206,0.4934895932674408,0.5065104365348816,4.872624413110316e-05,8.548612640879583e-06,-0.0037953003775328398,0.0058887130580842495,0.4934895932674408,0.5065104365348816,0.0,0.0,0.0,0.0,0.0,0.0,0.0,4.872624413110316e-05,0.4934895932674408,0.5065104365348816,0.0,4.872624685958726e-06,1.0,nan,1.0,0.18069756031036377,0.008924740366637707,0.18962229788303375,0.00091
0,decoder.layers.0.blocks.0.attention.output.dense,7.999916076660156,12.586387634277344,4.586472988128662,0.0003176111204084009,0.0009005162864923477,-0.0006205351673997939,0.0009099989547394216,0.5052083730697632,0.4947916865348816,2.4657711037434638e-06,-1.1074844223912805e-06,-0.008737483993172646,0.009330898523330688,0.5052083730697632,0.4947916865348816,0.0,0.0,0.0,0.0,0.0,0.0,0.0,2.4657711037434638e-06,0.5052083730697632,0.4947916865348816,0.0,2.465766044679185e-07,1.0,nan,1.0,0.18069756031036377,0.008924740366637707,0.18962229788303375,0.00091
0,decoder.layers.0.blocks.0.intermediate.dense,7.999795436859131,12.415641784667969,4.415847301483154,0.00034027884248644114,-7.855979674786795e-06,-0.0005088683101348579,0.0009099958115257323,0.49267578125,0.50732421875,2.6228833576169563e-06,1.0762360034277663e-06,-0.002129700966179371,0.0021283470559865236,0.49267578125,0.50732421875,0.0,0.0,0.0,0.0,0.0,0.0,0.0,2.6228833576169563e-06,0.49267578125,0.50732421875,0.0,2.6228829597130243e-07,1.0,nan,1.0,0.18069756031036377,0.008924740366637707,0.18962229788303375,0.00091
0,decoder.layers.0.blocks.0.output.dense,7.999607086181641,11.119535446166992,3.119927406311035,0.0004221002454869449,0.000906812900211662,-0.00039124093018472195,0.000909998721908778,0.517578125,0.482421875,5.850276465935167e-06,-2.8494905564002693e-06,-0.007994241081178188,0.004479050170630217,0.517578125,0.482421875,0.0,0.0,0.0,0.0,0.0,0.0,0.0,5.850276465935167e-06,0.517578125,0.482421875,0.0,5.850274646945763e-07,1.0,nan,1.0,0.18069756031036377,0.008924740366637707,0.18962229788303375,0.00091
0,decoder.layers.0.blocks.1.attention.self.continuous_position_bias_mlp.0,7.99994421005249,8.76902961730957,0.769085168838501,3.55895099346526e-05,0.0,-0.0009099969174712896,0.0009099962189793587,0.40234375,0.400390625,-1.0028580618381966e-05,0.0,-0.0025087122339755297,0.002979694399982691,0.40234375,0.400390625,0.0,0.0,0.0,0.0,0.0,0.0,0.0,-1.0028580618381966e-05,0.40234375,0.400390625,0.0,-1.0028580845755641e-06,1.0,nan,1.0,0.18069756031036377,0.008924740366637707,0.18962229788303375,0.00091
0,decoder.layers.0.blocks.1.attention.self.continuous_position_bias_mlp.2,7.999995231628418,8.10409927368164,0.10410450398921967,-5.5801745446615314e-08,-0.0009099248563870788,-0.0009099941235035658,0.0009099957533180714,0.5,0.5,-0.00017555229715071619,-5.971065547782928e-06,-0.0021364048589020967,0.0015274161705747247,0.5,0.5,0.0,0.0,0.0,0.0,0.0,0.0,0.0,-0.00017555229715071619,0.5,0.5,0.0,-1.7555226804688573e-05,1.0,nan,1.0,0.18069756031036377,0.008924740366637707,0.18962229788303375,0.00091
0,decoder.layers.0.blocks.1.attention.self.query,7.999967098236084,13.083295822143555,5.0833282470703125,0.000238851280300878,0.0009041285957209766,-0.0005337506881915033,0.0009099951712414622,0.5032552480697632,0.4967448115348816,-1.416014856658876e-05,-1.9141007214784622e-06,-0.0019261823035776615,0.0019634903874248266,0.5032552480697632,0.4967448115348816,0.0,0.0,0.0,0.0,0.0,0.0,0.0,-1.416014856658876e-05,0.5032552480697632,0.4967448115348816,0.0,-1.4160149248709786e-06,1.0,nan,1.0,0.18069756031036377,0.008924740366637707,0.18962229788303375,0.00091
0,decoder.layers.0.blocks.1.attention.self.key,7.999967098236084,13.245619773864746,5.24565315246582,0.00022361241281032562,-0.0003768914029933512,-0.0005383592215366662,0.0009099962189793587,0.4908854365348816,0.5091146230697632,1.2474486538849305e-05,9.706825949251652e-06,-0.0024913086090236902,0.0017828744603320956,0.4908854365348816,0.5091146230697632,0.0,0.0,0.0,0.0,0.0,0.0,0.0,1.2474486538849305e-05,0.4908854365348816,0.5091146230697632,0.0,1.2474488357838709e-06,1.0,nan,1.0,0.18069756031036377,0.008924740366637707,0.18962229788303375,0.00091
0,decoder.layers.0.blocks.1.attention.self.value,7.999968528747559,13.310541152954102,5.310572624206543,0.0002095585223287344,-0.00036794962943531573,-0.0006220531649887562,0.0009099977323785424,0.4876302182674408,0.5123698115348816,2.7514283829077613e-06,1.9557162886485457e-05,-0.00400389963760972,0.004197192378342152,0.4876302182674408,0.5123698115348816,0.0,0.0,0.0,0.0,0.0,0.0,0.0,2.7514283829077613e-06,0.4876302182674408,0.5123698115348816,0.0,2.7514238354342524e-07,1.0,nan,1.0,0.18069756031036377,0.008924740366637707,0.18962229788303375,0.00091
0,decoder.layers.0.blocks.1.attention.output.dense,7.999934196472168,12.788612365722656,4.788678169250488,0.00028934699366800487,0.0009000543504953384,-0.0008649650844745338,0.0009099988965317607,0.5032552480697632,0.4967448115348816,2.7078836865257472e-05,-9.227446753357071e-07,-0.007820971310138702,0.008865994401276112,0.5032552480697632,0.4967448115348816,0.0,0.0,0.0,0.0,0.0,0.0,0.0,2.7078836865257472e-05,0.5032552480697632,0.4967448115348816,0.0,2.707883595576277e-06,1.0,nan,1.0,0.18069756031036377,0.008924740366637707,0.18962229788303375,0.00091
0,decoder.layers.0.blocks.1.intermediate.dense,7.999953269958496,13.008834838867188,5.008881092071533,0.00022014189744368196,0.0009080148884095252,-0.0006453768000937998,0.000909999362193048,0.5026041865348816,0.4973958432674408,2.2060738047002815e-05,-4.930334398522973e-06,-0.015050179325044155,0.02564292773604393,0.5026041865348816,0.4973958432674408,0.0,0.0,0.0,0.0,0.0,0.0,0.0,2.2060738047002815e-05,0.5026041865348816,0.4973958432674408,0.0,2.2060737592255464e-06,1.0,nan,1.0,0.18069756031036377,0.008924740366637707,0.18962229788303375,0.00091
0,decoder.layers.0.blocks.1.output.dense,7.999940395355225,12.963104248046875,4.963164329528809,0.0002842507674358785,-9.451997902942821e-05,-0.0005891937762498856,0.0009099995950236917,0.4928385615348816,0.5071614980697632,-7.033252040855587e-05,9.627648978494108e-06,-0.019434470683336258,0.023407883942127228,0.4928385615348816,0.5071614980697632,0.0,0.0,0.0,0.0,0.0,0.0,0.0,-7.033252040855587e-05,0.4928385615348816,0.5071614980697632,0.0,-7.0332530412997585e-06,1.0,nan,1.0,0.18069756031036377,0.008924740366637707,0.18962229788303375,0.00091
0,decoder.layers.0.blocks.2.attention.self.continuous_position_bias_mlp.0,7.999941825866699,9.105953216552734,1.1060106754302979,6.908041541464627e-05,0.0009072199463844299,-0.0009099957533180714,0.0009099962189793587,0.501953125,0.484375,-5.097072516946355e-06,-4.139204975217581e-06,-0.0022530220448970795,0.0020754917059093714,0.501953125,0.484375,0.0,0.0,0.0,0.0,0.0,0.0,0.0,-5.097072516946355e-06,0.501953125,0.484375,0.0,-5.097075472804136e-07,1.0,nan,1.0,0.18069756031036377,0.008924740366637707,0.18962229788303375,0.00091
0,decoder.layers.0.blocks.2.attention.self.continuous_position_bias_mlp.2,7.999992370605469,8.492358207702637,0.49236512184143066,-7.591032044729218e-05,-0.0009099855087697506,-0.0009099990129470825,0.0009099970338866115,0.4583333432674408,0.5416666865348816,0.00044603069545701146,0.0003857178380712867,-0.003040019888430834,0.004660391248762608,0.4583333432674408,0.5416666865348816,0.0,0.0,0.0,0.0,0.0,0.0,0.0,0.00044603069545701146,0.4583333432674408,0.5416666865348816,0.0,4.460306809050962e-05,1.0,nan,1.0,0.18069756031036377,0.008924740366637707,0.18962229788303375,0.00091
0,decoder.layers.0.blocks.2.attention.self.query,7.999965667724609,13.411551475524902,5.411585807800293,0.00021526918862946332,-0.0003623542725108564,-0.0005764447269029915,0.0009099965682253242,0.4765625,0.5234375,1.2186659660073929e-05,1.0737205229816027e-05,-0.002727466868236661,0.002210726495832205,0.4765625,0.5234375,0.0,0.0,0.0,0.0,0.0,0.0,0.0,1.2186659660073929e-05,0.4765625,0.5234375,0.0,1.218666056956863e-06,1.0,nan,1.0,0.18069756031036377,0.008924740366637707,0.18962229788303375,0.00091
0,decoder.layers.0.blocks.2.attention.self.key,7.999964714050293,12.8623685836792,4.862404823303223,0.00027216668240725994,0.0009092894033528864,-0.0005869601154699922,0.0009099945309571922,0.5162760615348816,0.4837239682674408,-2.4533617306587985e-06,-1.2858221452916041e-05,-0.0016660449327901006,0.0016820887103676796,0.5162760615348816,0.4837239682674408,0.0,0.0,0.0,0.0,0.0,0.0,0.0,-2.4533617306587985e-06,0.5162760615348816,0.4837239682674408,0.0,-2.453361105381191e-07,1.0,nan,1.0,0.18069756031036377,0.008924740366637707,0.18962229788303375,0.00091
0,decoder.layers.0.blocks.2.attention.self.value,7.999965667724609,13.254850387573242,5.254885673522949,0.0002269096439704299,-0.0003059626033063978,-0.000649956869892776,0.0009099985472857952,0.4889323115348816,0.5110677480697632,4.572602392727276e-06,2.1160754840821028e-05,-0.006453466601669788,0.007577436976134777,0.4889323115348816,0.5110677480697632,0.0,0.0,0.0,0.0,0.0,0.0,0.0,4.572602392727276e-06,0.4889323115348816,0.5110677480697632,0.0,4.572602847474627e-07,1.0,nan,1.0,0.18069756031036377,0.008924740366637707,0.18962229788303375,0.00091
0,decoder.layers.0.blocks.2.attention.output.dense,7.999934196472168,12.703985214233398,4.704050064086914,0.00030769529985263944,0.0009065436315722764,-0.0006021145964041352,0.000909999362193048,0.505859375,0.494140625,-2.078821671602782e-05,-2.788943675113842e-06,-0.01571734808385372,0.01801357790827751,0.505859375,0.494140625,0.0,0.0,0.0,0.0,0.0,0.0,0.0,-2.078821671602782e-05,0.505859375,0.494140625,0.0,-2.07882067115861e-06,1.0,nan,1.0,0.18069756031036377,0.008924740366637707,0.18962229788303375,0.00091
0,decoder.layers.0.blocks.2.intermediate.dense,7.99994421005249,12.848925590515137,4.848980903625488,0.0003014788089785725,-0.00013037881581112742,-0.0005973390652798116,0.000909999362193048,0.49951171875,0.50048828125,-8.296095757032163e-07,8.163624443113804e-08,-0.013342990539968014,0.010103954002261162,0.49951171875,0.50048828125,0.0,0.0,0.0,0.0,0.0,0.0,0.0,-8.296095757032163e-07,0.49951171875,0.50048828125,0.0,-8.296069609059487e-08,1.0,nan,1.0,0.18069756031036377,0.008924740366637707,0.18962229788303375,0.00091
0,decoder.layers.0.blocks.2.output.dense,7.9998674392700195,12.127950668334961,4.128084182739258,0.00037941752816550434,0.0009092503460124135,-0.00041116433567367494,0.0009099995950236917,0.513671875,0.486328125,-7.620054930157494e-06,-1.2511620298027992e-05,-0.01895221695303917,0.016650188714265823,0.513671875,0.486328125,0.0,0.0,0.0,0.0,0.0,0.0,0.0,-7.620054930157494e-06,0.513671875,0.486328125,0.0,-7.620046744705178e-07,1.0,nan,1.0,0.18069756031036377,0.008924740366637707,0.18962229788303375,0.00091
0,decoder.layers.0.blocks.3.attention.self.continuous_position_bias_mlp.0,7.999945640563965,9.47884464263916,1.4788990020751953,0.00011348276893841103,0.0,-0.0009099917951971292,0.0009099908638745546,0.4609375,0.41015625,2.040233084699139e-06,0.0,-0.0009976181900128722,0.001468607340939343,0.4609375,0.41015625,0.0,0.0,0.0,0.0,0.0,0.0,0.0,2.040233084699139e-06,0.4609375,0.41015625,0.0,2.0402347900017048e-07,1.0,nan,1.0,0.18069756031036377,0.008924740366637707,0.18962229788303375,0.00091
0,decoder.layers.0.blocks.3.attention.self.continuous_position_bias_mlp.2,7.999995231628418,8.20556640625,0.2055719494819641,-0.00022749276831746101,-0.0009099168237298727,-0.0009099931921809912,0.0009099952876567841,0.375,0.625,8.210957275878172e-06,8.723583596292883e-05,-0.0020226051565259695,0.0013346278574317694,0.375,0.625,0.0,0.0,0.0,0.0,0.0,0.0,0.0,8.210957275878172e-06,0.375,0.625,0.0,8.210967052946216e-07,1.0,nan,1.0,0.18069756031036377,0.008924740366637707,0.18962229788303375,0.00091
0,decoder.layers.0.blocks.3.attention.self.query,7.999963283538818,12.699230194091797,4.6992669105529785,0.0002926714369095862,0.0009096123394556344,-0.0006075776182115078,0.0009099959279410541,0.5266927480697632,0.4733073115348816,-1.7845017282525077e-05,-2.366802073083818e-05,-0.0022860593162477016,0.0019763349555432796,0.5266927480697632,0.4733073115348816,0.0,0.0,0.0,0.0,0.0,0.0,0.0,-1.7845017282525077e-05,0.5266927480697632,0.4733073115348816,0.0,-1.784501819201978e-06,1.0,nan,1.0,0.18069756031036377,0.008924740366637707,0.18962229788303375,0.00091
0,decoder.layers.0.blocks.3.attention.self.key,7.999961853027344,13.21269416809082,5.212731838226318,0.0002467710874043405,-0.0002979280543513596,-0.0006854422390460968,0.000909994647372514,0.4876302182674408,0.5123698115348816,4.203253411105834e-06,7.604110578540713e-06,-0.0017250345554202795,0.0015850876225158572,0.4876302182674408,0.5123698115348816,0.0,0.0,0.0,0.0,0.0,0.0,0.0,4.203253411105834e-06,0.4876302182674408,0.5123698115348816,0.0,4.203253354262415e-07,1.0,nan,1.0,0.18069756031036377,0.008924740366637707,0.18962229788303375,0.00091
0,decoder.layers.0.blocks.3.attention.self.value,7.999964714050293,13.477686882019043,5.47772216796875,0.0002085419837385416,-0.0003143991925753653,-0.0005930750630795956,0.0009099977323785424,0.4713541865348816,0.5286458730697632,2.58930231211707e-05,5.9065831010229886e-05,-0.004052098840475082,0.0040778834372758865,0.4713541865348816,0.5286458730697632,0.0,0.0,0.0,0.0,0.0,0.0,0.0,2.58930231211707e-05,0.4713541865348816,0.5286458730697632,0.0,2.5893020847433945e-06,1.0,nan,1.0,0.18069756031036377,0.008924740366637707,0.18962229788303375,0.00091
0,decoder.layers.0.blocks.3.attention.output.dense,7.999930381774902,13.0704984664917,5.070568084716797,0.00027197215240448713,-5.3102976380614564e-05,-0.0006563849747180939,0.0009099987801164389,0.48046875,0.51953125,5.6305769248865545e-05,9.134244464803487e-06,-0.008374659344553947,0.0087972367182374,0.48046875,0.51953125,0.0,0.0,0.0,0.0,0.0,0.0,0.0,5.6305769248865545e-05,0.48046875,0.51953125,0.0,5.630577106785495e-06,1.0,nan,1.0,0.18069756031036377,0.008924740366637707,0.18962229788303375,0.00091
0,decoder.layers.0.blocks.3.intermediate.dense,7.999967098236084,13.163314819335938,5.16334867477417,0.00019225580035708845,0.0008095278753899038,-0.0006713689072057605,0.0009099995950236917,0.5008138418197632,0.4991862177848816,2.631393726915121e-05,-8.122746919525525e-08,-0.01885281130671501,0.027403656393289566,0.5008138418197632,0.4991862177848816,0.0,0.0,0.0,0.0,0.0,0.0,0.0,2.631393726915121e-05,0.5008138418197632,0.4991862177848816,0.0,2.631392590046744e-06,1.0,nan,1.0,0.18069756031036377,0.008924740366637707,0.18962229788303375,0.00091
0,decoder.layers.0.blocks.3.output.dense,7.9999518394470215,13.226473808288574,5.2265214920043945,0.00023675621196161956,-0.00010173823102377355,-0.0006008998607285321,0.0009099997114390135,0.4817708432674408,0.5182291865348816,-3.673016544780694e-05,3.632793959695846e-05,-0.024913178756833076,0.02953748218715191,0.4817708432674408,0.5182291865348816,0.0,0.0,0.0,0.0,0.0,0.0,0.0,-3.673016544780694e-05,0.4817708432674408,0.5182291865348816,0.0,-3.6730143619934097e-06,1.0,nan,1.0,0.18069756031036377,0.008924740366637707,0.18962229788303375,0.00091
0,decoder.layers.0.blocks.4.attention.self.continuous_position_bias_mlp.0,7.999931335449219,8.966955184936523,0.9670244455337524,4.280262510292232e-05,0.0,-0.0009099955204874277,0.0009099955204874277,0.443359375,0.451171875,3.7852123568882234e-06,0.0,-0.0020786712411791086,0.0020134043879806995,0.443359375,0.451171875,0.0,0.0,0.0,0.0,0.0,0.0,0.0,3.7852123568882234e-06,0.443359375,0.451171875,0.0,3.785214062190789e-07,1.0,nan,1.0,0.18069756031036377,0.008924740366637707,0.18962229788303375,0.00091
0,decoder.layers.0.blocks.4.attention.self.continuous_position_bias_mlp.2,7.999995231628418,8.175758361816406,0.17576363682746887,-0.0003033266984857619,-0.0009099696762859821,-0.0009099963353946805,0.0009099957533180714,0.3333333432674408,0.6666666865348816,0.0002778877387754619,0.0002645844069775194,-0.0021615747828036547,0.0025006732903420925,0.3333333432674408,0.6666666865348816,0.0,0.0,0.0,0.0,0.0,0.0,0.0,0.0002778877387754619,0.3333333432674408,0.6666666865348816,0.0,2.778877387754619e-05,1.0,nan,1.0,0.18069756031036377,0.008924740366637707,0.18962229788303375,0.00091
0,decoder.layers.0.blocks.4.attention.self.query,7.999964714050293,13.164660453796387,5.1646952629089355,0.00024299125652760267,-0.00026749318931251764,-0.0005027599981985986,0.0009099961025640368,0.494140625,0.505859375,7.802733307471499e-06,2.59905937127769e-06,-0.002425800310447812,0.0023816386237740517,0.494140625,0.505859375,0.0,0.0,0.0,0.0,0.0,0.0,0.0,7.802733307471499e-06,0.494140625,0.505859375,0.0,7.802734103279363e-07,1.0,nan,1.0,0.18069756031036377,0.008924740366637707,0.18962229788303375,0.00091
0,decoder.layers.0.blocks.4.attention.self.key,7.999964714050293,13.210935592651367,5.210971355438232,0.00023846646945457906,-0.00026921965763904154,-0.0005059611867181957,0.0009099964518100023,0.490234375,0.509765625,1.4210385415935889e-05,7.343624019995332e-06,-0.0026167938485741615,0.001800933270715177,0.490234375,0.509765625,0.0,0.0,0.0,0.0,0.0,0.0,0.0,1.4210385415935889e-05,0.490234375,0.509765625,0.0,1.4210384051693836e-06,1.0,nan,1.0,0.18069756031036377,0.008924740366637707,0.18962229788303375,0.00091
0,decoder.layers.0.blocks.4.attention.self.value,7.999968528747559,13.038810729980469,5.038843154907227,0.00023886065173428506,0.0009095460409298539,-0.0006084085907787085,0.000909998663701117,0.5078125,0.4921875,-1.9800345398834907e-05,-2.1106185158714652e-05,-0.006745890714228153,0.0048323036171495914,0.5078125,0.4921875,0.0,0.0,0.0,0.0,0.0,0.0,0.0,-1.9800345398834907e-05,0.5078125,0.4921875,0.0,-1.980034312509815e-06,1.0,nan,1.0,0.18069756031036377,0.008924740366637707,0.18962229788303375,0.00091
0,decoder.layers.0.blocks.4.attention.output.dense,7.999931335449219,12.880020141601562,4.880087852478027,0.0002850062446668744,-6.477599526988342e-05,-0.0005930469487793744,0.0009099988383240998,0.494140625,0.505859375,1.914267340907827e-05,1.5883742889855057e-06,-0.007897820323705673,0.009643232449889183,0.494140625,0.505859375,0.0,0.0,0.0,0.0,0.0,0.0,0.0,1.914267340907827e-05,0.494140625,0.505859375,0.0,1.914267841129913e-06,1.0,nan,1.0,0.18069756031036377,0.008924740366637707,0.18962229788303375,0.00091
0,decoder.layers.0.blocks.4.intermediate.dense,7.999969482421875,13.284281730651855,5.284311294555664,0.00017890891467686743,-0.00015625215019099414,-0.0007855207659304142,0.0009099997114390135,0.4930013120174408,0.5069987177848816,4.503195668803528e-05,4.088040441274643e-06,-0.0364546924829483,0.03820042312145233,0.4930013120174408,0.5069987177848816,0.0,0.0,0.0,0.0,0.0,0.0,0.0,4.503195668803528e-05,0.4930013120174408,0.5069987177848816,0.0,4.503195214056177e-06,1.0,nan,1.0,0.18069756031036377,0.008924740366637707,0.18962229788303375,0.00091
0,decoder.layers.0.blocks.4.output.dense,7.999946594238281,13.090632438659668,5.090686321258545,0.0002564915921539068,-9.951827087206766e-05,-0.0006168527761474252,0.0009099997114390135,0.4876302182674408,0.5123698115348816,4.792934487340972e-05,1.2618729670066386e-05,-0.043857917189598083,0.028341200202703476,0.4876302182674408,0.5123698115348816,0.0,0.0,0.0,0.0,0.0,0.0,0.0,4.792934487340972e-05,0.4876302182674408,0.5123698115348816,0.0,4.792936124431435e-06,1.0,nan,1.0,0.18069756031036377,0.008924740366637707,0.18962229788303375,0.00091
0,decoder.layers.0.blocks.5.attention.self.continuous_position_bias_mlp.0,7.999824523925781,8.6669282913208,0.6671035289764404,-5.658905138261616e-05,0.0,-0.0009099969174712896,0.0009099948219954967,0.392578125,0.484375,3.6203506169840693e-05,0.0,-0.0017513097263872623,0.0029105525463819504,0.392578125,0.484375,0.0,0.0,0.0,0.0,0.0,0.0,0.0,3.6203506169840693e-05,0.392578125,0.484375,0.0,3.62035098078195e-06,1.0,nan,1.0,0.18069756031036377,0.008924740366637707,0.18962229788303375,0.00091
0,decoder.layers.0.blocks.5.attention.self.continuous_position_bias_mlp.2,7.999996185302734,8.108390808105469,0.1083945482969284,-0.0002276059240102768,-0.0009099766612052917,-0.0009099964518100023,0.000909990631043911,0.375,0.625,0.0004571789177134633,0.0001662846771068871,-0.0009618066251277924,0.0026100866962224245,0.375,0.625,0.0,0.0,0.0,0.0,0.0,0.0,0.0,0.0004571789177134633,0.375,0.625,0.0,4.571789031615481e-05,1.0,nan,1.0,0.18069756031036377,0.008924740366637707,0.18962229788303375,0.00091
0,decoder.layers.0.blocks.5.attention.self.query,7.999968528747559,12.99267864227295,4.992711544036865,0.0002447960723657161,0.0009095364948734641,-0.000507265969645232,0.0009099977323785424,0.5110677480697632,0.4889323115348816,-2.496841443644371e-05,-1.991933095268905e-05,-0.003913035616278648,0.003115556901320815,0.5110677480697632,0.4889323115348816,0.0,0.0,0.0,0.0,0.0,0.0,0.0,-2.496841443644371e-05,0.5110677480697632,0.4889323115348816,0.0,-2.496841489119106e-06,1.0,nan,1.0,0.18069756031036377,0.008924740366637707,0.18962229788303375,0.00091
0,decoder.layers.0.blocks.5.attention.self.key,7.999968528747559,13.214449882507324,5.214481353759766,0.0002229816745966673,-0.00038723909528926015,-0.0005192100070416927,0.0009099963353946805,0.494140625,0.505859375,1.1698117305058986e-05,5.757654435001314e-06,-0.002471936633810401,0.003115380648523569,0.494140625,0.505859375,0.0,0.0,0.0,0.0,0.0,0.0,0.0,1.1698117305058986e-05,0.494140625,0.505859375,0.0,1.1698117532432661e-06,1.0,nan,1.0,0.18069756031036377,0.008924740366637707,0.18962229788303375,0.00091
0,decoder.layers.0.blocks.5.attention.self.value,7.999967098236084,12.97153377532959,4.971566677093506,0.00024947483325377107,0.0009097114088945091,-0.0005911820335313678,0.0009099987801164389,0.51171875,0.48828125,7.575045856356155e-06,-3.7888916267547756e-05,-0.00706279743462801,0.008592810481786728,0.51171875,0.48828125,0.0,0.0,0.0,0.0,0.0,0.0,0.0,7.575045856356155e-06,0.51171875,0.48828125,0.0,7.575051199637528e-07,1.0,nan,1.0,0.18069756031036377,0.008924740366637707,0.18962229788303375,0.00091
0,decoder.layers.0.blocks.5.attention.output.dense,7.999937057495117,12.477737426757812,4.477800369262695,0.0003183949738740921,0.0009091072715818882,-0.0007344993646256626,0.000909998663701117,0.525390625,0.474609375,-1.092967067961581e-05,-1.0352569006499834e-05,-0.006876157131046057,0.00935556273907423,0.525390625,0.474609375,0.0,0.0,0.0,0.0,0.0,0.0,0.0,-1.092967067961581e-05,0.525390625,0.474609375,0.0,-1.092967067961581e-06,1.0,nan,1.0,0.18069756031036377,0.008924740366637707,0.18962229788303375,0.00091
0,decoder.layers.0.blocks.5.intermediate.dense,7.999967098236084,13.336054801940918,5.336087703704834,0.0001897375041153282,-0.00016452018462587148,-0.0005961611750535667,0.0009099997696466744,0.4861653745174408,0.5138346552848816,0.00010461953934282064,2.13576258829562e-05,-0.04193020612001419,0.041579462587833405,0.4861653745174408,0.5138346552848816,0.0,0.0,0.0,0.0,0.0,0.0,0.0,0.00010461953934282064,0.4861653745174408,0.5138346552848816,0.0,1.0461953934282064e-05,1.0,nan,1.0,0.18069756031036377,0.008924740366637707,0.18962229788303375,0.00091
0,decoder.layers.0.blocks.5.output.dense,7.999934196472168,12.953521728515625,4.953588008880615,0.0002816909982357174,-8.600847650086507e-05,-0.0005906731821596622,0.0009099997696466744,0.48828125,0.51171875,7.80772534199059e-05,2.3579788830829784e-05,-0.038627080619335175,0.06133691221475601,0.48828125,0.51171875,0.0,0.0,0.0,0.0,0.0,0.0,0.0,7.80772534199059e-05,0.48828125,0.51171875,0.0,7.807727342878934e-06,1.0,nan,1.0,0.18069756031036377,0.008924740366637707,0.18962229788303375,0.00091
0,decoder.layers.0.blocks.6.attention.self.continuous_position_bias_mlp.0,7.999947547912598,8.955881118774414,0.9559329152107239,0.00010557228961260989,0.0,-0.0009099957533180714,0.0009099964518100023,0.482421875,0.41796875,-1.1786378308897838e-05,0.0,-0.002838270738720894,0.002199467271566391,0.482421875,0.41796875,0.0,0.0,0.0,0.0,0.0,0.0,0.0,-1.1786378308897838e-05,0.482421875,0.41796875,0.0,-1.178638171950297e-06,1.0,nan,1.0,0.18069756031036377,0.008924740366637707,0.18962229788303375,0.00091
0,decoder.layers.0.blocks.6.attention.self.continuous_position_bias_mlp.2,7.999996185302734,8.191154479980469,0.19115881621837616,-0.00015165747026912868,-0.0009099189192056656,-0.000909996684640646,0.0009099945891648531,0.4166666865348816,0.5833333730697632,0.0001922662922879681,8.816752233542502e-05,-0.0016506643733009696,0.002631007693707943,0.4166666865348816,0.5833333730697632,0.0,0.0,0.0,0.0,0.0,0.0,0.0,0.0001922662922879681,0.4166666865348816,0.5833333730697632,0.0,1.922662886499893e-05,1.0,nan,1.0,0.18069756031036377,0.008924740366637707,0.18962229788303375,0.00091
0,decoder.layers.0.blocks.6.attention.self.query,7.999965667724609,12.94275188446045,4.94278621673584,0.0002610588853713125,0.0009091325337067246,-0.0005011202883906662,0.0009099979070015252,0.5110677480697632,0.4889323115348816,-1.1476854524516966e-05,-1.054824679158628e-05,-0.004328859504312277,0.0028075037989765406,0.5110677480697632,0.4889323115348816,0.0,0.0,0.0,0.0,0.0,0.0,0.0,-1.1476854524516966e-05,0.5110677480697632,0.4889323115348816,0.0,-1.1476852250780212e-06,1.0,nan,1.0,0.18069756031036377,0.008924740366637707,0.18962229788303375,0.00091
0,decoder.layers.0.blocks.6.attention.self.key,7.999965190887451,13.022253036499023,5.022286891937256,0.0002543481532484293,0.0009087064536288381,-0.0004990216693840921,0.000909996684640646,0.5052083730697632,0.4947916865348816,-8.659601007821038e-06,-7.4532945291139185e-06,-0.0027686436660587788,0.0030315944459289312,0.5052083730697632,0.4947916865348816,0.0,0.0,0.0,0.0,0.0,0.0,0.0,-8.659601007821038e-06,0.5052083730697632,0.4947916865348816,0.0,-8.659600894134201e-07,1.0,nan,1.0,0.18069756031036377,0.008924740366637707,0.18962229788303375,0.00091
0,decoder.layers.0.blocks.6.attention.self.value,7.999967098236084,13.323675155639648,5.323707580566406,0.00021414601360447705,-0.00035085121635347605,-0.0006307389121502638,0.0009099985472857952,0.4850260615348816,0.5149739980697632,4.6565703087253496e-05,3.8312224205583334e-05,-0.0059434352442622185,0.005458994302898645,0.4850260615348816,0.5149739980697632,0.0,0.0,0.0,0.0,0.0,0.0,0.0,4.6565703087253496e-05,0.4850260615348816,0.5149739980697632,0.0,4.65657058157376e-06,1.0,nan,1.0,0.18069756031036377,0.008924740366637707,0.18962229788303375,0.00091
0,decoder.layers.0.blocks.6.attention.output.dense,7.999925136566162,12.592247009277344,4.592321872711182,0.00032018974889069796,0.0009073379333131015,-0.0006541118491441011,0.000909998663701117,0.509765625,0.490234375,-9.763323760125786e-06,-4.0140239434549585e-06,-0.00692371092736721,0.007535708136856556,0.509765625,0.490234375,0.0,0.0,0.0,0.0,0.0,0.0,0.0,-9.763323760125786e-06,0.509765625,0.490234375,0.0,-9.763323305378435e-07,1.0,nan,1.0,0.18069756031036377,0.008924740366637707,0.18962229788303375,0.00091
0,decoder.layers.0.blocks.6.intermediate.dense,7.999969482421875,13.28583812713623,5.285869598388672,0.00019538073684088886,-0.0001432297722203657,-0.0006525502540171146,0.0009099998278543353,0.4918619990348816,0.5081380605697632,9.162912465399131e-05,1.1644297046586871e-05,-0.04774734750390053,0.030140943825244904,0.4918619990348816,0.5081380605697632,0.0,0.0,0.0,0.0,0.0,0.0,0.0,9.162912465399131e-05,0.4918619990348816,0.5081380605697632,0.0,9.162914466287475e-06,1.0,nan,1.0,0.18069756031036377,0.008924740366637707,0.18962229788303375,0.00091
0,decoder.layers.0.blocks.6.output.dense,7.999894618988037,12.539751052856445,4.53985595703125,0.0003176646714564413,-5.9456400776980445e-05,-0.0006450166692957282,0.0009099997114390135,0.4967448115348816,0.5032552480697632,3.888498758897185e-05,3.9005535654723644e-06,-0.035045091062784195,0.0279836542904377,0.4967448115348816,0.5032552480697632,0.0,0.0,0.0,0.0,0.0,0.0,0.0,3.888498758897185e-05,0.4967448115348816,0.5032552480697632,0.0,3.888498213200364e-06,1.0,nan,1.0,0.18069756031036377,0.008924740366637707,0.18962229788303375,0.00091
0,decoder.layers.0.blocks.7.attention.self.continuous_position_bias_mlp.0,7.998616695404053,9.024395942687988,1.0257792472839355,2.7221520213061012e-05,0.0,-0.0009099947055801749,0.0009099934250116348,0.443359375,0.46484375,1.4255405403673649e-05,0.0,-0.0013902013888582587,0.0017156227258965373,0.443359375,0.46484375,0.0,0.0,0.0,0.0,0.0,0.0,0.0,1.4255405403673649e-05,0.443359375,0.46484375,0.0,1.4255404039431596e-06,1.0,nan,1.0,0.18069756031036377,0.008924740366637707,0.18962229788303375,0.00091
0,decoder.layers.0.blocks.7.attention.self.continuous_position_bias_mlp.2,7.999996185302734,7.79752254486084,-0.2024734914302826,0.0006066497880965471,0.0009099780581891537,-0.0009099948219954967,0.0009099976159632206,0.8333333730697632,0.1666666716337204,-0.0006202416843734682,-0.0005140003049746156,-0.003787530120462179,0.0017202571034431458,0.8333333730697632,0.1666666716337204,0.0,0.0,0.0,0.0,0.0,0.0,0.0,-0.0006202416843734682,0.8333333730697632,0.1666666716337204,0.0,-6.202417716849595e-05,1.0,nan,1.0,0.18069756031036377,0.008924740366637707,0.18962229788303375,0.00091
0,decoder.layers.0.blocks.7.attention.self.query,7.999960899353027,12.881662368774414,4.881701469421387,0.00028236297657713294,0.0009084076737053692,-0.0004947857814840972,0.0009099947055801749,0.5104166865348816,0.4895833432674408,-3.0886908461980056e-06,-5.9076264733448625e-06,-0.0017210203222930431,0.0020327146630734205,0.5104166865348816,0.4895833432674408,0.0,0.0,0.0,0.0,0.0,0.0,0.0,-3.0886908461980056e-06,0.5104166865348816,0.4895833432674408,0.0,-3.088690334607236e-07,1.0,nan,1.0,0.18069756031036377,0.008924740366637707,0.18962229788303375,0.00091
0,decoder.layers.0.blocks.7.attention.self.key,7.999961853027344,13.027594566345215,5.027632713317871,0.0002645872882567346,0.0008957411628216505,-0.0004969786969013512,0.000909995986148715,0.5013021230697632,0.4986979365348816,-8.81242158357054e-06,-6.647323971264996e-07,-0.002226743148639798,0.0014599880669265985,0.5013021230697632,0.4986979365348816,0.0,0.0,0.0,0.0,0.0,0.0,0.0,-8.81242158357054e-06,0.5013021230697632,0.4986979365348816,0.0,-8.812422720438917e-07,1.0,nan,1.0,0.18069756031036377,0.008924740366637707,0.18962229788303375,0.00091
0,decoder.layers.0.blocks.7.attention.self.value,7.999967098236084,12.94250774383545,4.942540168762207,0.0002497601672075689,0.0009097999427467585,-0.0005575931281782687,0.0009099988383240998,0.5143229365348816,0.4856770932674408,-2.676200892892666e-05,-4.651874769479036e-05,-0.008543569594621658,0.007075157016515732,0.5143229365348816,0.4856770932674408,0.0,0.0,0.0,0.0,0.0,0.0,0.0,-2.676200892892666e-05,0.5143229365348816,0.4856770932674408,0.0,-2.676200892892666e-06,1.0,nan,1.0,0.18069756031036377,0.008924740366637707,0.18962229788303375,0.00091
0,decoder.layers.0.blocks.7.attention.output.dense,7.9999237060546875,12.859637260437012,4.859712600708008,0.0002953727962449193,-6.321606633719057e-05,-0.0006008903728798032,0.0009099990711547434,0.4889323115348816,0.5110677480697632,3.569159161997959e-06,3.40632641382399e-06,-0.0110692847520113,0.00519017968326807,0.4889323115348816,0.5110677480697632,0.0,0.0,0.0,0.0,0.0,0.0,0.0,3.569159161997959e-06,0.4889323115348816,0.5110677480697632,0.0,3.5691573430085555e-07,1.0,nan,1.0,0.18069756031036377,0.008924740366637707,0.18962229788303375,0.00091
0,decoder.layers.0.blocks.7.intermediate.dense,7.999971389770508,13.143268585205078,5.143298149108887,0.00020659799338318408,0.0009086028439924121,-0.0005965600139461458,0.0009099998278543353,0.5042318105697632,0.4957682490348816,0.00016776109987404197,-6.982110789977014e-06,-0.06196722015738487,0.07562894374132156,0.5042318105697632,0.4957682490348816,0.0,0.0,0.0,0.0,0.0,0.0,0.0,0.00016776109987404197,0.5042318105697632,0.4957682490348816,0.0,1.6776109987404197e-05,1.0,nan,1.0,0.18069756031036377,0.008924740366637707,0.18962229788303375,0.00091
0,decoder.layers.0.blocks.7.output.dense,7.9998931884765625,12.592643737792969,4.592750549316406,0.0003291101602371782,-7.627325248904526e-05,-0.0006608506664633751,0.0009099997696466744,0.490234375,0.509765625,0.00018812244525179267,7.597289368277416e-06,-0.04529045894742012,0.03737708181142807,0.490234375,0.509765625,0.0,0.0,0.0,0.0,0.0,0.0,0.0,0.00018812244525179267,0.490234375,0.509765625,0.0,1.881224670796655e-05,1.0,nan,1.0,0.18069756031036377,0.008924740366637707,0.18962229788303375,0.00091
0,decoder.layers.0.upsample.upsample,7.999953269958496,13.100088119506836,5.100135803222656,0.0002656982687767595,-0.00020825889077968895,-0.0006876165280118585,0.0009099998860619962,0.48828125,0.51171875,0.00011683680349960923,1.5970072126947343e-05,-0.06957247853279114,0.06394105404615402,0.48828125,0.51171875,0.0,0.0,0.0,0.0,0.0,0.0,0.0,0.00011683680349960923,0.48828125,0.51171875,0.0,1.1683681805152446e-05,1.0,nan,1.0,0.18069756031036377,0.008924740366637707,0.18962229788303375,0.00091
0,decoder.layers.0.upsample.mixup,7.999964714050293,13.381743431091309,5.381779670715332,0.0002150071522919461,-0.00025986036052927375,-0.0008029149612411857,0.0009099998278543353,0.4778645932674408,0.5221354365348816,0.00042237850720994174,0.00037408038042485714,-0.05348221957683563,0.05070847272872925,0.4778645932674408,0.5221354365348816,0.0,0.0,0.0,0.0,0.0,0.0,0.0,0.00042237850720994174,0.4778645932674408,0.5221354365348816,0.0,4.223784708301537e-05,1.0,nan,1.0,0.18069756031036377,0.008924740366637707,0.18962229788303375,0.00091
0,decoder.layers.1.blocks.0.attention.self.continuous_position_bias_mlp.0,7.999955177307129,8.394070625305176,0.3941152095794678,4.958365025231615e-05,0.0,-0.0009099999442696571,0.0009099994786083698,0.49609375,0.462890625,-0.00012985296780243516,0.0,-0.014137428253889084,0.025834959000349045,0.49609375,0.462890625,0.0,0.0,0.0,0.0,0.0,0.0,0.0,-0.00012985296780243516,0.49609375,0.462890625,0.0,-1.2985295143153053e-05,1.0,nan,1.0,0.18069756031036377,0.008924740366637707,0.18962229788303375,0.00091
0,decoder.layers.1.blocks.0.attention.self.continuous_position_bias_mlp.2,7.999995231628418,8.43400764465332,0.43401235342025757,-0.00045498376130126417,-0.0009099766612052917,-0.0009099990129470825,0.0009099999442696571,0.25,0.75,-0.0025379627477377653,0.00025621114764362574,-0.033629052340984344,0.016832873225212097,0.25,0.75,0.0,0.0,0.0,0.0,0.0,0.0,0.0,-0.0025379627477377653,0.25,0.75,0.0,-0.0002537962864153087,1.0,nan,1.0,0.18069756031036377,0.008924740366637707,0.18962229788303375,0.00091
0,decoder.layers.1.blocks.0.attention.self.query,7.99997091293335,13.15223503112793,5.152263641357422,0.00021103413018863648,0.0009079830488190055,-0.0007750146905891597,0.000909998721908778,0.5026041865348816,0.4973958432674408,-5.761229658673983e-06,-5.798487109132111e-06,-0.007213594391942024,0.007028484251350164,0.5026041865348816,0.4973958432674408,0.0,0.0,0.0,0.0,0.0,0.0,0.0,-5.761229658673983e-06,0.5026041865348816,0.4973958432674408,0.0,-5.761226020695176e-07,1.0,nan,1.0,0.18069756031036377,0.008924740366637707,0.18962229788303375,0.00091
0,decoder.layers.1.blocks.0.attention.self.key,7.999968528747559,13.11234188079834,5.112374305725098,0.00021810174803249538,-0.00028049456886947155,-0.0009099824237637222,0.0009099983144551516,0.5,0.5,-1.3268894690554589e-05,-1.1864904081448913e-06,-0.005508861970156431,0.00607449421659112,0.5,0.5,0.0,0.0,0.0,0.0,0.0,0.0,0.0,-1.3268894690554589e-05,0.5,0.5,0.0,-1.3268891052575782e-06,1.0,nan,1.0,0.18069756031036377,0.008924740366637707,0.18962229788303375,0.00091
0,decoder.layers.1.blocks.0.attention.self.value,7.999967575073242,13.154088973999023,5.154120922088623,0.00022691345657221973,-9.290195885114372e-05,-0.0005931079504080117,0.0009099997696466744,0.4986979365348816,0.5013021230697632,-0.00010193204798270017,2.6946509024128318e-06,-0.024491269141435623,0.026724006980657578,0.4986979365348816,0.5013021230697632,0.0,0.0,0.0,0.0,0.0,0.0,0.0,-0.00010193204798270017,0.4986979365348816,0.5013021230697632,0.0,-1.0193204616371077e-05,1.0,nan,1.0,0.18069756031036377,0.008924740366637707,0.18962229788303375,0.00091
0,decoder.layers.1.blocks.0.attention.output.dense,7.999946117401123,13.208982467651367,5.209036827087402,0.00024894889793358743,-8.144744788296521e-05,-0.0005996034597046673,0.0009099997696466744,0.4791666865348816,0.5208333730697632,0.00011160297435708344,2.6349494874011725e-05,-0.043605342507362366,0.11250081658363342,0.4791666865348816,0.5208333730697632,0.0,0.0,0.0,0.0,0.0,0.0,0.0,0.00011160297435708344,0.4791666865348816,0.5208333730697632,0.0,1.116030034609139e-05,1.0,nan,1.0,0.18069756031036377,0.008924740366637707,0.18962229788303375,0.00091
0,decoder.layers.1.blocks.0.intermediate.dense,7.999734401702881,12.386775970458984,4.387041091918945,0.00024221636704169214,-1.349432841379894e-05,-0.0007258525001816452,0.000909999362193048,0.4977213740348816,0.5022786855697632,9.781497283256613e-06,2.435381247778423e-07,-0.014368968084454536,0.015591966919600964,0.4977213740348816,0.5022786855697632,0.0,0.0,0.0,0.0,0.0,0.0,0.0,9.781497283256613e-06,0.4977213740348816,0.5022786855697632,0.0,9.781495009519858e-07,1.0,nan,1.0,0.18069756031036377,0.008924740366637707,0.18962229788303375,0.00091
0,decoder.layers.1.blocks.0.output.dense,7.999944686889648,12.966825485229492,4.966878890991211,0.00028621609089896083,-0.00011959536641370505,-0.0005065894802100956,0.0009099996532313526,0.4921875,0.5078125,9.663059609010816e-05,1.0927513358183205e-05,-0.022034909576177597,0.03598935157060623,0.4921875,0.5078125,0.0,0.0,0.0,0.0,0.0,0.0,0.0,9.663059609010816e-05,0.4921875,0.5078125,0.0,9.663062883191742e-06,1.0,nan,1.0,0.18069756031036377,0.008924740366637707,0.18962229788303375,0.00091
0,decoder.layers.1.blocks.1.attention.self.continuous_position_bias_mlp.0,7.999890327453613,8.462526321411133,0.46263593435287476,7.905875099822879e-05,0.0,-0.0009099994786083698,0.0009099985472857952,0.498046875,0.44921875,-2.9821858333889395e-06,0.0,-0.0059341685846447945,0.014775173738598824,0.498046875,0.44921875,0.0,0.0,0.0,0.0,0.0,0.0,0.0,-2.9821858333889395e-06,0.498046875,0.44921875,0.0,-2.98218083116808e-07,1.0,nan,1.0,0.18069756031036377,0.008924740366637707,0.18962229788303375,0.00091
0,decoder.layers.1.blocks.1.attention.self.continuous_position_bias_mlp.2,7.999996185302734,7.89034366607666,-0.10965263843536377,0.0003033298999071121,0.0009099775925278664,-0.0009099990129470825,0.0009099962189793587,0.6666666865348816,0.3333333432674408,0.0004689935012720525,-0.0005756231257691979,-0.0022080240305513144,0.006711987312883139,0.6666666865348816,0.3333333432674408,0.0,0.0,0.0,0.0,0.0,0.0,0.0,0.0004689935012720525,0.6666666865348816,0.3333333432674408,0.0,4.68993530375883e-05,1.0,nan,1.0,0.18069756031036377,0.008924740366637707,0.18962229788303375,0.00091
0,decoder.layers.1.blocks.1.attention.self.query,7.99997091293335,13.29869270324707,5.298720836639404,0.000192078688996844,-0.00039848359301686287,-0.0008695615106262267,0.0009099968010559678,0.4921875,0.5078125,3.7614640859828796e-06,6.147638487163931e-06,-0.0029952754266560078,0.0026364552322775126,0.4921875,0.5078125,0.0,0.0,0.0,0.0,0.0,0.0,0.0,3.7614640859828796e-06,0.4921875,0.5078125,0.0,3.761463176488178e-07,1.0,nan,1.0,0.18069756031036377,0.008924740366637707,0.18962229788303375,0.00091
0,decoder.layers.1.blocks.1.attention.self.key,7.999969482421875,12.978399276733398,4.978429317474365,0.0002280056942254305,0.0009093590779229999,-0.0009099955786950886,0.0009099962771870196,0.5104166865348816,0.4895833432674408,1.0820366696862038e-05,-1.5134079148992896e-05,-0.0024392837658524513,0.0034022165928035975,0.5104166865348816,0.4895833432674408,0.0,0.0,0.0,0.0,0.0,0.0,0.0,1.0820366696862038e-05,0.5104166865348816,0.4895833432674408,0.0,1.0820365332619986e-06,1.0,nan,1.0,0.18069756031036377,0.008924740366637707,0.18962229788303375,0.00091
0,decoder.layers.1.blocks.1.attention.self.value,7.99997091293335,12.524408340454102,4.524437427520752,0.00027950992807745934,0.0009099432500079274,-0.0006484336918219924,0.0009099990129470825,0.5494791865348816,0.4505208432674408,-3.413284139242023e-05,-0.00016038052854128182,-0.008839044719934464,0.015318602323532104,0.5494791865348816,0.4505208432674408,0.0,0.0,0.0,0.0,0.0,0.0,0.0,-3.413284139242023e-05,0.5494791865348816,0.4505208432674408,0.0,-3.413287004150334e-06,1.0,nan,1.0,0.18069756031036377,0.008924740366637707,0.18962229788303375,0.00091
0,decoder.layers.1.blocks.1.attention.output.dense,7.999960899353027,12.839273452758789,4.83931303024292,0.0002630279050208628,0.0009097516885958612,-0.0006330902688205242,0.0009099994786083698,0.5169271230697632,0.4830729365348816,0.00026247152709402144,-3.710559394676238e-05,-0.01619904488325119,0.03142673522233963,0.5169271230697632,0.4830729365348816,0.0,0.0,0.0,0.0,0.0,0.0,0.0,0.00026247152709402144,0.5169271230697632,0.4830729365348816,0.0,2.6247154892189428e-05,1.0,nan,1.0,0.18069756031036377,0.008924740366637707,0.18962229788303375,0.00091
0,decoder.layers.1.blocks.1.intermediate.dense,7.999671459197998,11.970731735229492,3.9710605144500732,0.00027060529100708663,0.0009076900314539671,-0.0007363755721598864,0.0009099994786083698,0.5208333730697632,0.4791666865348816,-1.9877477825502865e-05,-3.968154487665743e-06,-0.017955882474780083,0.024509232491254807,0.5208333730697632,0.4791666865348816,0.0,0.0,0.0,0.0,0.0,0.0,0.0,-1.9877477825502865e-05,0.5208333730697632,0.4791666865348816,0.0,-1.987747964449227e-06,1.0,nan,1.0,0.18069756031036377,0.008924740366637707,0.18962229788303375,0.00091
0,decoder.layers.1.blocks.1.output.dense,7.999942302703857,13.01739501953125,5.017454147338867,0.0002851405879482627,-0.00012114239507354796,-0.00048808453720994294,0.0009099997696466744,0.4869791865348816,0.5130208730697632,2.501234666851815e-05,2.294646401423961e-05,-0.028426604345440865,0.03664615750312805,0.4869791865348816,0.5130208730697632,0.0,0.0,0.0,0.0,0.0,0.0,0.0,2.501234666851815e-05,0.4869791865348816,0.5130208730697632,0.0,2.501233666407643e-06,1.0,nan,1.0,0.18069756031036377,0.008924740366637707,0.18962229788303375,0.00091
0,decoder.layers.1.blocks.2.attention.self.continuous_position_bias_mlp.0,7.999839782714844,8.39753532409668,0.39769577980041504,5.967725155642256e-05,0.0,-0.0009099976159632206,0.0009099934250116348,0.48046875,0.43359375,4.270059434929863e-06,0.0,-0.001366204465739429,0.0038398054894059896,0.48046875,0.43359375,0.0,0.0,0.0,0.0,0.0,0.0,0.0,4.270059434929863e-06,0.48046875,0.43359375,0.0,4.270058866495674e-07,1.0,nan,1.0,0.18069756031036377,0.008924740366637707,0.18962229788303375,0.00091
0,decoder.layers.1.blocks.2.attention.self.continuous_position_bias_mlp.2,7.999995231628418,8.181333541870117,0.18133854866027832,-0.00015166329103522003,-0.0009099881863221526,-0.0009099979652091861,0.0009099957533180714,0.4166666865348816,0.5833333730697632,0.0002728681720327586,0.00030712789157405496,-0.0021451732609421015,0.004614841192960739,0.4166666865348816,0.5833333730697632,0.0,0.0,0.0,0.0,0.0,0.0,0.0,0.0002728681720327586,0.4166666865348816,0.5833333730697632,0.0,2.7286816475680098e-05,1.0,nan,1.0,0.18069756031036377,0.008924740366637707,0.18962229788303375,0.00091
0,decoder.layers.1.blocks.2.attention.self.query,7.999971389770508,13.6461820602417,5.646210670471191,0.00014408257266040891,-0.0004260188725311309,-0.0009099893504753709,0.0009099956369027495,0.46484375,0.53515625,5.8667283155955374e-05,3.642891169874929e-05,-0.0021195802837610245,0.0029324949719011784,0.46484375,0.53515625,0.0,0.0,0.0,0.0,0.0,0.0,0.0,5.8667283155955374e-05,0.46484375,0.53515625,0.0,5.8667283155955374e-06,1.0,nan,1.0,0.18069756031036377,0.008924740366637707,0.18962229788303375,0.00091
0,decoder.layers.1.blocks.2.attention.self.key,7.999969482421875,13.29124641418457,5.291276931762695,0.0002016181097133085,-0.00033374864142388105,-0.000904214393813163,0.0009099962771870196,0.4908854365348816,0.5091146230697632,3.2021698643802665e-06,6.739135642419569e-06,-0.0024285316467285156,0.0024219832848757505,0.4908854365348816,0.5091146230697632,0.0,0.0,0.0,0.0,0.0,0.0,0.0,3.2021698643802665e-06,0.4908854365348816,0.5091146230697632,0.0,3.2021694096329156e-07,1.0,nan,1.0,0.18069756031036377,0.008924740366637707,0.18962229788303375,0.00091
0,decoder.layers.1.blocks.2.attention.self.value,7.999970436096191,13.048064231872559,5.048093318939209,0.00021243366063572466,0.0009098786977119744,-0.0006340842810459435,0.0009099996532313526,0.51171875,0.48828125,-9.16901626624167e-06,-8.624739712104201e-05,-0.0250546932220459,0.03547021746635437,0.51171875,0.48828125,0.0,0.0,0.0,0.0,0.0,0.0,0.0,-9.16901626624167e-06,0.51171875,0.48828125,0.0,-9.169004329123709e-07,1.0,nan,1.0,0.18069756031036377,0.008924740366637707,0.18962229788303375,0.00091
0,decoder.layers.1.blocks.2.attention.output.dense,7.999956130981445,12.613088607788086,4.613132476806641,0.0002804072282742709,0.0009096721187233925,-0.0006570054683834314,0.0009099997114390135,0.5299479365348816,0.4700520932674408,0.00011253934644628316,-2.8545240638777614e-05,-0.03897480666637421,0.03462250530719757,0.5299479365348816,0.4700520932674408,0.0,0.0,0.0,0.0,0.0,0.0,0.0,0.00011253934644628316,0.5299479365348816,0.4700520932674408,0.0,1.1253934644628316e-05,1.0,nan,1.0,0.18069756031036377,0.008924740366637707,0.18962229788303375,0.00091
0,decoder.layers.1.blocks.2.intermediate.dense,7.999664306640625,12.236201286315918,4.236536026000977,0.0002504060394130647,-1.2812532986572478e-05,-0.0007590132299810648,0.0009099995950236917,0.4938151240348816,0.5061849355697632,-2.218562258349266e-05,1.7600714272703044e-06,-0.02083875611424446,0.016611116006970406,0.4938151240348816,0.5061849355697632,0.0,0.0,0.0,0.0,0.0,0.0,0.0,-2.218562258349266e-05,0.4938151240348816,0.5061849355697632,0.0,-2.218562258349266e-06,1.0,nan,1.0,0.18069756031036377,0.008924740366637707,0.18962229788303375,0.00091
0,decoder.layers.1.blocks.2.output.dense,7.9999494552612305,12.943023681640625,4.943075180053711,0.00028466631192713976,-0.00011843034735647961,-0.000492846651468426,0.0009099997114390135,0.4973958432674408,0.5026041865348816,0.00031760765705257654,1.2555692592286505e-06,-0.025485403835773468,0.0391794815659523,0.4973958432674408,0.5026041865348816,0.0,0.0,0.0,0.0,0.0,0.0,0.0,0.00031760765705257654,0.4973958432674408,0.5026041865348816,0.0,3.176076279487461e-05,1.0,nan,1.0,0.18069756031036377,0.008924740366637707,0.18962229788303375,0.00091
0,decoder.layers.1.blocks.3.attention.self.continuous_position_bias_mlp.0,7.999993801116943,8.17220687866211,0.17221291363239288,-1.0180883691646159e-08,-0.00018516667478252202,-0.0009099994786083698,0.0009099990129470825,0.49609375,0.501953125,1.9344726752024144e-05,3.0227238312363625e-06,-0.010741841048002243,0.015395872294902802,0.49609375,0.501953125,0.0,0.0,0.0,0.0,0.0,0.0,0.0,1.9344726752024144e-05,0.49609375,0.501953125,0.0,1.934472948050825e-06,1.0,nan,1.0,0.18069756031036377,0.008924740366637707,0.18962229788303375,0.00091
0,decoder.layers.1.blocks.3.attention.self.continuous_position_bias_mlp.2,7.999994277954102,8.332880973815918,0.3328859210014343,-0.0003033280372619629,-0.0009099971503019333,-0.0009099999442696571,0.0009099994786083698,0.3333333432674408,0.6666666865348816,0.0031175012700259686,0.0025488652754575014,-0.01736077293753624,0.027449440211057663,0.3333333432674408,0.6666666865348816,0.0,0.0,0.0,0.0,0.0,0.0,0.0,0.0031175012700259686,0.3333333432674408,0.6666666865348816,0.0,0.00031175007461570203,1.0,nan,1.0,0.18069756031036377,0.008924740366637707,0.18962229788303375,0.00091
0,decoder.layers.1.blocks.3.attention.self.query,7.999972343444824,13.19000244140625,5.190031051635742,0.00019617870566435158,-0.0003760922700166702,-0.0009099887683987617,0.0009099987801164389,0.5,0.5,-7.309638021979481e-06,-1.03760976344347e-06,-0.007994345389306545,0.005880946293473244,0.5,0.5,0.0,0.0,0.0,0.0,0.0,0.0,0.0,-7.309638021979481e-06,0.5,0.5,0.0,-7.309636202990077e-07,1.0,nan,1.0,0.18069756031036377,0.008924740366637707,0.18962229788303375,0.00091
0,decoder.layers.1.blocks.3.attention.self.key,7.999971389770508,13.210651397705078,5.21068000793457,0.00019658298697322607,-0.0003484806511551142,-0.0009009260102175176,0.0009099983726628125,0.4986979365348816,0.5013021230697632,1.4770702364330646e-05,1.2688105925917625e-06,-0.0055422475561499596,0.006595273967832327,0.4986979365348816,0.5013021230697632,0.0,0.0,0.0,0.0,0.0,0.0,0.0,1.4770702364330646e-05,0.4986979365348816,0.5013021230697632,0.0,1.477070213695697e-06,1.0,nan,1.0,0.18069756031036377,0.008924740366637707,0.18962229788303375,0.00091
0,decoder.layers.1.blocks.3.attention.self.value,7.999969482421875,13.1293363571167,5.129366874694824,0.00021769615705125034,0.0009087155922316015,-0.0006292112520895898,0.0009099997114390135,0.5026041865348816,0.4973958432674408,-0.00020852811576332897,-5.1372102461755276e-05,-0.029551103711128235,0.02758224867284298,0.5026041865348816,0.4973958432674408,0.0,0.0,0.0,0.0,0.0,0.0,0.0,-0.00020852811576332897,0.5026041865348816,0.4973958432674408,0.0,-2.085281266772654e-05,1.0,nan,1.0,0.18069756031036377,0.008924740366637707,0.18962229788303375,0.00091
0,decoder.layers.1.blocks.3.attention.output.dense,7.999964714050293,13.094779968261719,5.094815254211426,0.0002343340020161122,0.000880101986695081,-0.0006111091352067888,0.0009099998860619962,0.5013021230697632,0.4986979365348816,-0.00010205640865024179,-1.3968383427709341e-05,-0.06850551068782806,0.055549994111061096,0.5013021230697632,0.4986979365348816,0.0,0.0,0.0,0.0,0.0,0.0,0.0,-0.00010205640865024179,0.5013021230697632,0.4986979365348816,0.0,-1.0205641956417821e-05,1.0,nan,1.0,0.18069756031036377,0.008924740366637707,0.18962229788303375,0.00091
0,decoder.layers.1.blocks.3.intermediate.dense,7.999505519866943,11.813482284545898,3.813976287841797,0.00027399929240345955,-1.1286893823125865e-05,-0.0007513865130022168,0.0009099996532313526,0.4918619990348816,0.5081380605697632,3.509915404720232e-05,1.8973178157466464e-06,-0.026647523045539856,0.030855398625135422,0.4918619990348816,0.5081380605697632,0.0,0.0,0.0,0.0,0.0,0.0,0.0,3.509915404720232e-05,0.4918619990348816,0.5081380605697632,0.0,3.509916041366523e-06,1.0,nan,1.0,0.18069756031036377,0.008924740366637707,0.18962229788303375,0.00091
0,decoder.layers.1.blocks.3.output.dense,7.999948024749756,13.030632019042969,5.030683994293213,0.00027885951567441225,-0.00010600712266750634,-0.0004609733005054295,0.0009099995950236917,0.4895833432674408,0.5104166865348816,0.0004968542489223182,2.317321195732802e-05,-0.033301763236522675,0.027689673006534576,0.4895833432674408,0.5104166865348816,0.0,0.0,0.0,0.0,0.0,0.0,0.0,0.0004968542489223182,0.4895833432674408,0.5104166865348816,0.0,4.968541907146573e-05,1.0,nan,1.0,0.18069756031036377,0.008924740366637707,0.18962229788303375,0.00091
0,decoder.layers.1.blocks.4.attention.self.continuous_position_bias_mlp.0,7.999826908111572,8.539467811584473,0.539641261100769,-7.385682692984119e-06,-3.061717507080175e-06,-0.0009099990129470825,0.0009099985472857952,0.48046875,0.50390625,-4.4708067434839904e-06,3.1023009796626866e-06,-0.007301522884517908,0.007766432128846645,0.48046875,0.50390625,0.0,0.0,0.0,0.0,0.0,0.0,0.0,-4.4708067434839904e-06,0.48046875,0.50390625,0.0,-4.470807652978692e-07,1.0,nan,1.0,0.18069756031036377,0.008924740366637707,0.18962229788303375,0.00091
0,decoder.layers.1.blocks.4.attention.self.continuous_position_bias_mlp.2,7.999995231628418,8.393162727355957,0.39316755533218384,1.076841726899147e-09,-0.0009099869639612734,-0.0009099990129470825,0.0009099999442696571,0.5,0.5,-0.0013059219345450401,-0.0022985858377069235,-0.019469529390335083,0.009690028615295887,0.5,0.5,0.0,0.0,0.0,0.0,0.0,0.0,0.0,-0.0013059219345450401,0.5,0.5,0.0,-0.0001305922050960362,1.0,nan,1.0,0.18069756031036377,0.008924740366637707,0.18962229788303375,0.00091
0,decoder.layers.1.blocks.4.attention.self.query,7.999972343444824,13.56576919555664,5.565797328948975,0.00015449928469024599,-0.00043500139145180583,-0.0008799080969765782,0.000909998663701117,0.4739583432674408,0.5260416865348816,5.342559234122746e-05,6.420063436962664e-05,-0.006590485107153654,0.00545834843069315,0.4739583432674408,0.5260416865348816,0.0,0.0,0.0,0.0,0.0,0.0,0.0,5.342559234122746e-05,0.4739583432674408,0.5260416865348816,0.0,5.342559234122746e-06,1.0,nan,1.0,0.18069756031036377,0.008924740366637707,0.18962229788303375,0.00091
0,decoder.layers.1.blocks.4.attention.self.key,7.99997091293335,13.432085037231445,5.4321136474609375,0.0001709515054244548,-0.0003873106907121837,-0.0009099100716412067,0.0009099985472857952,0.4817708432674408,0.5182291865348816,-6.909463081683498e-06,3.239490615669638e-05,-0.006154878996312618,0.007556923199445009,0.4817708432674408,0.5182291865348816,0.0,0.0,0.0,0.0,0.0,0.0,0.0,-6.909463081683498e-06,0.4817708432674408,0.5182291865348816,0.0,-6.90945398673648e-07,1.0,nan,1.0,0.18069756031036377,0.008924740366637707,0.18962229788303375,0.00091
0,decoder.layers.1.blocks.4.attention.self.value,7.999972343444824,13.523696899414062,5.5237250328063965,0.0001614904176676646,-0.0004303487075958401,-0.0006625105743296444,0.0009099991875700653,0.4765625,0.5234375,0.00024024774029385298,0.00014329934492707253,-0.011651463806629181,0.013126380741596222,0.4765625,0.5234375,0.0,0.0,0.0,0.0,0.0,0.0,0.0,0.00024024774029385298,0.4765625,0.5234375,0.0,2.402477548457682e-05,1.0,nan,1.0,0.18069756031036377,0.008924740366637707,0.18962229788303375,0.00091
0,decoder.layers.1.blocks.4.attention.output.dense,7.999960899353027,13.110050201416016,5.1100897789001465,0.00022764818277209997,-0.00010033208673121408,-0.0006611302378587425,0.0009099994786083698,0.4973958432674408,0.5026041865348816,8.59456486068666e-05,1.5417099348269403e-06,-0.01680312491953373,0.012981309555470943,0.4973958432674408,0.5026041865348816,0.0,0.0,0.0,0.0,0.0,0.0,0.0,8.59456486068666e-05,0.4973958432674408,0.5026041865348816,0.0,8.594565770181362e-06,1.0,nan,1.0,0.18069756031036377,0.008924740366637707,0.18962229788303375,0.00091
0,decoder.layers.1.blocks.4.intermediate.dense,7.999593734741211,12.13349437713623,4.133901119232178,0.00025032201665453613,-1.0969896720780525e-05,-0.0007613777415826917,0.0009099995950236917,0.4915364682674408,0.5084635615348816,9.821297135204077e-05,3.1825838959775865e-06,-0.020425651222467422,0.02293243259191513,0.4915364682674408,0.5084635615348816,0.0,0.0,0.0,0.0,0.0,0.0,0.0,9.821297135204077e-05,0.4915364682674408,0.5084635615348816,0.0,9.821294952416793e-06,1.0,nan,1.0,0.18069756031036377,0.008924740366637707,0.18962229788303375,0.00091
0,decoder.layers.1.blocks.4.output.dense,7.999947547912598,12.911486625671387,4.9115400314331055,0.0002893563942052424,-0.00010795592243084684,-0.00047067724517546594,0.0009099997696466744,0.4986979365348816,0.5013021230697632,3.7070742109790444e-05,9.08970832824707e-07,-0.026758579537272453,0.029654180631041527,0.4986979365348816,0.5013021230697632,0.0,0.0,0.0,0.0,0.0,0.0,0.0,3.7070742109790444e-05,0.4986979365348816,0.5013021230697632,0.0,3.7070738017064286e-06,1.0,nan,1.0,0.18069756031036377,0.008924740366637707,0.18962229788303375,0.00091
0,decoder.layers.1.blocks.5.attention.self.continuous_position_bias_mlp.0,7.99997615814209,8.55880355834961,0.5588264465332031,-2.310098170710262e-05,-0.0004607687587849796,-0.0009099985472857952,0.0009099980816245079,0.470703125,0.517578125,3.1386873160954565e-05,3.414417733438313e-05,-0.004507150966674089,0.0055192639119923115,0.470703125,0.517578125,0.0,0.0,0.0,0.0,0.0,0.0,0.0,3.1386873160954565e-05,0.470703125,0.517578125,0.0,3.138687134196516e-06,1.0,nan,1.0,0.18069756031036377,0.008924740366637707,0.18962229788303375,0.00091
0,decoder.layers.1.blocks.5.attention.self.continuous_position_bias_mlp.2,7.999997615814209,8.175485610961914,0.17548887431621552,-0.00045493239304050803,-0.0009099908638745546,-0.0009099994786083698,0.0009099990129470825,0.25,0.75,0.004660699050873518,0.0008177089039236307,-0.00920950248837471,0.020255092531442642,0.25,0.75,0.0,0.0,0.0,0.0,0.0,0.0,0.0,0.004660699050873518,0.25,0.75,0.0,0.0004660699050873518,1.0,nan,1.0,0.18069756031036377,0.008924740366637707,0.18962229788303375,0.00091
0,decoder.layers.1.blocks.5.attention.self.query,7.999972343444824,13.479324340820312,5.479351997375488,0.00016164621047209948,-0.00045073425280861557,-0.0009098931332118809,0.0009099986054934561,0.4791666865348816,0.5208333730697632,-2.7094440156361088e-05,3.7818128475919366e-05,-0.006258342880755663,0.004050291609019041,0.4791666865348816,0.5208333730697632,0.0,0.0,0.0,0.0,0.0,0.0,0.0,-2.7094440156361088e-05,0.4791666865348816,0.5208333730697632,0.0,-2.7094442884845193e-06,1.0,nan,1.0,0.18069756031036377,0.008924740366637707,0.18962229788303375,0.00091
0,decoder.layers.1.blocks.5.attention.self.key,7.999972343444824,13.178149223327637,5.178176403045654,0.00019742541189771146,0.0009085822966881096,-0.0008261065231636167,0.0009099985472857952,0.5026041865348816,0.4973958432674408,2.5103450752794743e-05,-6.67144195176661e-06,-0.006254957988858223,0.009578308090567589,0.5026041865348816,0.4973958432674408,0.0,0.0,0.0,0.0,0.0,0.0,0.0,2.5103450752794743e-05,0.5026041865348816,0.4973958432674408,0.0,2.510345439077355e-06,1.0,nan,1.0,0.18069756031036377,0.008924740366637707,0.18962229788303375,0.00091
0,decoder.layers.1.blocks.5.attention.self.value,7.999969482421875,13.262083053588867,5.262113571166992,0.0001999795640585944,-0.00034656299976632,-0.0007181069231592119,0.0009099998278543353,0.4934895932674408,0.5065104365348816,-0.00018375052604824305,6.190617568790913e-05,-0.03540370985865593,0.028376713395118713,0.4934895932674408,0.5065104365348816,0.0,0.0,0.0,0.0,0.0,0.0,0.0,-0.00018375052604824305,0.4934895932674408,0.5065104365348816,0.0,-1.8375052604824305e-05,1.0,nan,1.0,0.18069756031036377,0.008924740366637707,0.18962229788303375,0.00091
0,decoder.layers.1.blocks.5.attention.output.dense,7.999963283538818,12.980204582214355,4.980241775512695,0.00024007243337109685,0.0009095877758227289,-0.0007402823539450765,0.0009099997696466744,0.5091146230697632,0.4908854365348816,-0.00031081264023669064,-2.9027549317106605e-05,-0.03854822367429733,0.03942520171403885,0.5091146230697632,0.4908854365348816,0.0,0.0,0.0,0.0,0.0,0.0,0.0,-0.00031081264023669064,0.5091146230697632,0.4908854365348816,0.0,-3.1081264751264825e-05,1.0,nan,1.0,0.18069756031036377,0.008924740366637707,0.18962229788303375,0.00091
0,decoder.layers.1.blocks.5.intermediate.dense,7.99959135055542,12.38546371459961,4.385872840881348,0.00022433749109040946,-1.0237556125503033e-05,-0.0007927792612463236,0.0009099996532313526,0.4788411557674408,0.5211588740348816,0.00011296630691504106,1.0477968316990882e-05,-0.024393171072006226,0.03862179070711136,0.4788411557674408,0.5211588740348816,0.0,0.0,0.0,0.0,0.0,0.0,0.0,0.00011296630691504106,0.4788411557674408,0.5211588740348816,0.0,1.129663269239245e-05,1.0,nan,1.0,0.18069756031036377,0.008924740366637707,0.18962229788303375,0.00091
0,decoder.layers.1.blocks.5.output.dense,7.9999494552612305,13.063292503356934,5.063343048095703,0.00027977940044365823,-0.00012580254406202585,-0.0005009627202525735,0.0009099997114390135,0.4895833432674408,0.5104166865348816,0.00011326000094413757,2.7133435651194304e-05,-0.03729875013232231,0.02994605526328087,0.4895833432674408,0.5104166865348816,0.0,0.0,0.0,0.0,0.0,0.0,0.0,0.00011326000094413757,0.4895833432674408,0.5104166865348816,0.0,1.1325998457323294e-05,1.0,nan,1.0,0.18069756031036377,0.008924740366637707,0.18962229788303375,0.00091
0,decoder.layers.1.blocks.6.attention.self.continuous_position_bias_mlp.0,7.999979019165039,8.452033042907715,0.45205357670783997,-3.497781290207058e-05,-0.0007649647886864841,-0.0009099985472857952,0.0009099990129470825,0.470703125,0.529296875,0.0001401984627591446,8.418734796578065e-05,-0.008059649728238583,0.006919741630554199,0.470703125,0.529296875,0.0,0.0,0.0,0.0,0.0,0.0,0.0,0.0001401984627591446,0.470703125,0.529296875,0.0,1.401984627591446e-05,1.0,nan,1.0,0.18069756031036377,0.008924740366637707,0.18962229788303375,0.00091
0,decoder.layers.1.blocks.6.attention.self.continuous_position_bias_mlp.2,7.999997138977051,8.09416389465332,0.09416651725769043,-0.00015166621597018093,-0.0009099969174712896,-0.0009099994786083698,0.0009099994786083698,0.4166666865348816,0.5833333730697632,-0.0010160687379539013,0.0025988551788032055,-0.031152814626693726,0.018987683579325676,0.4166666865348816,0.5833333730697632,0.0,0.0,0.0,0.0,0.0,0.0,0.0,-0.0010160687379539013,0.4166666865348816,0.5833333730697632,0.0,-0.00010160688543692231,1.0,nan,1.0,0.18069756031036377,0.008924740366637707,0.18962229788303375,0.00091
0,decoder.layers.1.blocks.6.attention.self.query,7.999973297119141,13.231361389160156,5.231388568878174,0.0001847631501732394,-0.00041053304448723793,-0.0007722724694758654,0.000909998663701117,0.5,0.5,-2.9132008421584032e-05,-1.6910198610275984e-06,-0.006875971797853708,0.005092628765851259,0.5,0.5,0.0,0.0,0.0,0.0,0.0,0.0,0.0,-2.9132008421584032e-05,0.5,0.5,0.0,-2.9132013423804892e-06,1.0,nan,1.0,0.18069756031036377,0.008924740366637707,0.18962229788303375,0.00091
0,decoder.layers.1.blocks.6.attention.self.key,7.999972820281982,13.016122817993164,5.016149520874023,0.0002116969262715429,0.0009098168811760843,-0.0007075618486851454,0.0009099985472857952,0.515625,0.484375,-3.0905066523700953e-06,-5.102029535919428e-05,-0.0056211636401712894,0.00674454914405942,0.515625,0.484375,0.0,0.0,0.0,0.0,0.0,0.0,0.0,-3.0905066523700953e-06,0.515625,0.484375,0.0,-3.0905147241355735e-07,1.0,nan,1.0,0.18069756031036377,0.008924740366637707,0.18962229788303375,0.00091
0,decoder.layers.1.blocks.6.attention.self.value,7.99997091293335,13.311381340026855,5.311410903930664,0.00019441376207396388,-0.0004066856927238405,-0.0006573779392056167,0.0009099995950236917,0.4908854365348816,0.5091146230697632,0.0002356282202526927,0.00010570402082521468,-0.018155522644519806,0.019615793600678444,0.4908854365348816,0.5091146230697632,0.0,0.0,0.0,0.0,0.0,0.0,0.0,0.0002356282202526927,0.4908854365348816,0.5091146230697632,0.0,2.3562824935652316e-05,1.0,nan,1.0,0.18069756031036377,0.008924740366637707,0.18962229788303375,0.00091
0,decoder.layers.1.blocks.6.attention.output.dense,7.999956130981445,13.014654159545898,5.0146965980529785,0.0002527606557123363,-0.00010280503192916512,-0.0006131433183327317,0.0009099996532313526,0.5,0.5,-8.110995258903131e-05,-2.1501764422282577e-06,-0.02438950352370739,0.025404002517461777,0.5,0.5,0.0,0.0,0.0,0.0,0.0,0.0,0.0,-8.110995258903131e-05,0.5,0.5,0.0,-8.110995622701012e-06,1.0,nan,1.0,0.18069756031036377,0.008924740366637707,0.18962229788303375,0.00091
0,decoder.layers.1.blocks.6.intermediate.dense,7.999537467956543,12.163040161132812,4.163503646850586,0.00024296887568198144,-8.766194696363527e-06,-0.0007708935881964862,0.0009099995950236917,0.4895833432674408,0.5104166865348816,-8.296934538520873e-06,4.980820449418388e-06,-0.02402479387819767,0.02584769017994404,0.4895833432674408,0.5104166865348816,0.0,0.0,0.0,0.0,0.0,0.0,0.0,-8.296934538520873e-06,0.4895833432674408,0.5104166865348816,0.0,-8.296932492157794e-07,1.0,nan,1.0,0.18069756031036377,0.008924740366637707,0.18962229788303375,0.00091
0,decoder.layers.1.blocks.6.output.dense,7.999948024749756,13.129316329956055,5.129367828369141,0.00027216068701818585,-0.0001329334918409586,-0.0004952138988301158,0.0009099997696466744,0.4830729365348816,0.5169271230697632,-7.171425386331975e-05,2.0353279978735372e-05,-0.034827351570129395,0.0319502130150795,0.4830729365348816,0.5169271230697632,0.0,0.0,0.0,0.0,0.0,0.0,0.0,-7.171425386331975e-05,0.4830729365348816,0.5169271230697632,0.0,-7.171424840635154e-06,1.0,nan,1.0,0.18069756031036377,0.008924740366637707,0.18962229788303375,0.00091
0,decoder.layers.1.blocks.7.attention.self.continuous_position_bias_mlp.0,7.999957084655762,8.576152801513672,0.5761958956718445,-1.2599775800481439e-06,-5.536197932087816e-05,-0.0009099990129470825,0.0009099991875700653,0.47265625,0.517578125,8.334296580869704e-05,4.537584027275443e-05,-0.010374226607382298,0.008989701978862286,0.47265625,0.517578125,0.0,0.0,0.0,0.0,0.0,0.0,0.0,8.334296580869704e-05,0.47265625,0.517578125,0.0,8.334296580869704e-06,1.0,nan,1.0,0.18069756031036377,0.008924740366637707,0.18962229788303375,0.00091
0,decoder.layers.1.blocks.7.attention.self.continuous_position_bias_mlp.2,7.999997615814209,8.107959747314453,0.10796241462230682,-0.0003033315297216177,-0.0009099952876567841,-0.0009099995950236917,0.0009099990129470825,0.3333333432674408,0.6666666865348816,0.004259760957211256,0.0016145944828167558,-0.008390882983803749,0.03400343656539917,0.3333333432674408,0.6666666865348816,0.0,0.0,0.0,0.0,0.0,0.0,0.0,0.004259760957211256,0.3333333432674408,0.6666666865348816,0.0,0.00042597611900418997,1.0,nan,1.0,0.18069756031036377,0.008924740366637707,0.18962229788303375,0.00091
0,decoder.layers.1.blocks.7.attention.self.query,7.999973297119141,13.199323654174805,5.1993513107299805,0.00018783053383231163,0.0009084299090318382,-0.000808154174592346,0.000909998663701117,0.5026041865348816,0.4973958432674408,-3.0585018976125866e-05,-7.878472388256341e-06,-0.007096194662153721,0.007034556940197945,0.5026041865348816,0.4973958432674408,0.0,0.0,0.0,0.0,0.0,0.0,0.0,-3.0585018976125866e-05,0.5026041865348816,0.4973958432674408,0.0,-3.058501988562057e-06,1.0,nan,1.0,0.18069756031036377,0.008924740366637707,0.18962229788303375,0.00091
0,decoder.layers.1.blocks.7.attention.self.key,7.999972820281982,13.240377426147461,5.240405082702637,0.00018686463590711355,-0.0004142819088883698,-0.0006667764973826706,0.0009099990711547434,0.4986979365348816,0.5013021230697632,-8.160823199432343e-06,1.3900862541049719e-06,-0.010174493305385113,0.007242739666253328,0.4986979365348816,0.5013021230697632,0.0,0.0,0.0,0.0,0.0,0.0,0.0,-8.160823199432343e-06,0.4986979365348816,0.5013021230697632,0.0,-8.160823199432343e-07,1.0,nan,1.0,0.18069756031036377,0.008924740366637707,0.18962229788303375,0.00091
0,decoder.layers.1.blocks.7.attention.self.value,7.999968528747559,13.157702445983887,5.157734394073486,0.00022391852689906955,-0.0002788674901239574,-0.0006203741650097072,0.000910000002477318,0.4986979365348816,0.5013021230697632,-4.7068191634025425e-05,1.6894424334168434e-05,-0.0780407190322876,0.07553757727146149,0.4986979365348816,0.5013021230697632,0.0,0.0,0.0,0.0,0.0,0.0,0.0,-4.7068191634025425e-05,0.4986979365348816,0.5013021230697632,0.0,-4.706816980615258e-06,1.0,nan,1.0,0.18069756031036377,0.008924740366637707,0.18962229788303375,0.00091
0,decoder.layers.1.blocks.7.attention.output.dense,7.999948501586914,12.804728507995605,4.80478048324585,0.00027946618502028286,0.000909328693524003,-0.0006531591643579304,0.0009099999442696571,0.5091146230697632,0.4908854365348816,-0.00035099772503599524,-1.738948776619509e-05,-0.13216817378997803,0.2019144892692566,0.5091146230697632,0.4908854365348816,0.0,0.0,0.0,0.0,0.0,0.0,0.0,-0.00035099772503599524,0.5091146230697632,0.4908854365348816,0.0,-3.5099783417535946e-05,1.0,nan,1.0,0.18069756031036377,0.008924740366637707,0.18962229788303375,0.00091
0,decoder.layers.1.blocks.7.intermediate.dense,7.999480247497559,11.851927757263184,3.852447271347046,0.00026612120564095676,-9.541294275550172e-06,-0.0007709740311838686,0.0009099998278543353,0.4938151240348816,0.5061849355697632,7.538921636296436e-05,3.3918531698873267e-06,-0.036784928292036057,0.03803497925400734,0.4938151240348816,0.5061849355697632,0.0,0.0,0.0,0.0,0.0,0.0,0.0,7.538921636296436e-05,0.4938151240348816,0.5061849355697632,0.0,7.538921181549085e-06,1.0,nan,1.0,0.18069756031036377,0.008924740366637707,0.18962229788303375,0.00091
0,decoder.layers.1.blocks.7.output.dense,7.999945640563965,12.77629280090332,4.7763471603393555,0.00030975264962762594,0.0009093348053283989,-0.00047510003787465394,0.0009099997114390135,0.5052083730697632,0.4947916865348816,-1.8219870980829e-05,-1.4190634828992188e-05,-0.04238732531666756,0.03584807366132736,0.5052083730697632,0.4947916865348816,0.0,0.0,0.0,0.0,0.0,0.0,0.0,-1.8219870980829e-05,0.5052083730697632,0.4947916865348816,0.0,-1.8219943740405142e-06,1.0,nan,1.0,0.18069756031036377,0.008924740366637707,0.18962229788303375,0.00091
0,decoder.layers.1.upsample.upsample,7.999968528747559,13.344217300415039,5.3442487716674805,0.00020596919057425112,-0.000320252263918519,-0.0006049172952771187,0.000910000060684979,0.484375,0.515625,0.0009057380957528949,0.0003352849744260311,-0.19592350721359253,0.36512491106987,0.484375,0.515625,0.0,0.0,0.0,0.0,0.0,0.0,0.0,0.0009057380957528949,0.484375,0.515625,0.0,9.057381248567253e-05,1.0,nan,1.0,0.18069756031036377,0.008924740366637707,0.18962229788303375,0.00091
0,decoder.layers.1.upsample.mixup,7.999976634979248,14.118449211120605,6.118474006652832,4.082931991433725e-05,-0.0005515895900316536,-0.0008604311151430011,0.000910000060684979,0.4375,0.5625,0.007535804063081741,0.007537849247455597,-0.4931703209877014,0.45485904812812805,0.4375,0.5625,0.0,0.0,0.0,0.0,0.0,0.0,0.0,0.007535804063081741,0.4375,0.5625,0.0,0.0007535804761573672,1.0,nan,1.0,0.18069756031036377,0.008924740366637707,0.18962229788303375,0.00091
0,decoder.layers.2.blocks.0.attention.self.continuous_position_bias_mlp.0,7.999864101409912,8.804617881774902,0.8047535419464111,-7.829947207937948e-06,-2.108422268065624e-05,-0.0009099999442696571,0.0009099999442696571,0.447265625,0.5078125,0.0011256716679781675,6.065491788831423e-07,-0.04141058400273323,0.11901617795228958,0.447265625,0.5078125,0.0,0.0,0.0,0.0,0.0,0.0,0.0,0.0011256716679781675,0.447265625,0.5078125,0.0,0.00011256718426011503,1.0,nan,1.0,0.18069756031036377,0.008924740366637707,0.18962229788303375,0.00091
0,decoder.layers.2.blocks.0.attention.self.continuous_position_bias_mlp.2,7.999996185302734,8.107743263244629,0.10774644464254379,2.7551627646005272e-09,-0.0009099890012294054,-0.0009099952876567841,0.0009099990129470825,0.5,0.5,-0.004483853932470083,-0.0047599575482308865,-0.017679300159215927,0.002033839700743556,0.5,0.5,0.0,0.0,0.0,0.0,0.0,0.0,0.0,-0.004483853932470083,0.5,0.5,0.0,-0.00044838542817160487,1.0,nan,1.0,0.18069756031036377,0.008924740366637707,0.18962229788303375,0.00091
0,decoder.layers.2.blocks.0.attention.self.query,7.999972343444824,13.505592346191406,5.505619049072266,0.00016202661208808422,-0.0003871406661346555,-0.000785176525823772,0.0009099999442696571,0.4791666865348816,0.5208333730697632,0.002841995097696781,0.0006747422739863396,-0.10651947557926178,0.14070671796798706,0.4791666865348816,0.5208333730697632,0.0,0.0,0.0,0.0,0.0,0.0,0.0,0.002841995097696781,0.4791666865348816,0.5208333730697632,0.0,0.00028419948648661375,1.0,nan,1.0,0.18069756031036377,0.008924740366637707,0.18962229788303375,0.00091
0,decoder.layers.2.blocks.0.attention.self.key,7.999968528747559,13.552413940429688,5.552446365356445,0.00017077619850169867,-0.0003453200915828347,-0.0009099997696466744,0.0009099999442696571,0.4661458432674408,0.5338541865348816,0.004601685330271721,0.0012516742572188377,-0.14268198609352112,0.13117307424545288,0.4661458432674408,0.5338541865348816,0.0,0.0,0.0,0.0,0.0,0.0,0.0,0.004601685330271721,0.4661458432674408,0.5338541865348816,0.0,0.0004601685213856399,1.0,nan,1.0,0.18069756031036377,0.008924740366637707,0.18962229788303375,0.00091
0,decoder.layers.2.blocks.0.attention.self.value,7.99997091293335,13.601615905761719,5.601645469665527,0.00016355360276065767,-0.00040489566163159907,-0.0006659146747551858,0.000910000060684979,0.46875,0.53125,0.004718783311545849,0.002302287146449089,-0.31007441878318787,0.254921019077301,0.46875,0.53125,0.0,0.0,0.0,0.0,0.0,0.0,0.0,0.004718783311545849,0.46875,0.53125,0.0,0.0004718783311545849,1.0,nan,1.0,0.18069756031036377,0.008924740366637707,0.18962229788303375,0.00091
0,decoder.layers.2.blocks.0.attention.output.dense,7.999968528747559,13.035052299499512,5.035085201263428,0.00022884008649270982,0.0009099094313569367,-0.0009099992457777262,0.000910000060684979,0.5078125,0.4921875,-0.0018891633953899145,-0.00011201971210539341,-0.5313774347305298,0.14809933304786682,0.5078125,0.4921875,0.0,0.0,0.0,0.0,0.0,0.0,0.0,-0.0018891633953899145,0.5078125,0.4921875,0.0,-0.00018891633953899145,1.0,nan,1.0,0.18069756031036377,0.008924740366637707,0.18962229788303375,0.00091
0,decoder.layers.2.blocks.0.intermediate.dense,7.987398147583008,9.47738265991211,1.4899839162826538,0.00011320324847474694,-4.4443677893468703e-07,-0.0008318215259350836,0.0009099999442696571,0.4856770932674408,0.5143229365348816,0.00017903138359542936,1.017276372294873e-05,-0.2566371560096741,0.219210684299469,0.4856770932674408,0.5143229365348816,0.0,0.0,0.0,0.0,0.0,0.0,0.0,0.00017903138359542936,0.4856770932674408,0.5143229365348816,0.0,1.7903146726894192e-05,1.0,nan,1.0,0.18069756031036377,0.008924740366637707,0.18962229788303375,0.00091
0,decoder.layers.2.blocks.0.output.dense,7.99993896484375,12.473666191101074,4.473727703094482,0.00035229799686931074,0.0009099713643081486,-0.0004096137417946011,0.000910000060684979,0.5208333730697632,0.4791666865348816,-0.0001278796698898077,-0.0003472165553830564,-0.24530617892742157,0.22111369669437408,0.5208333730697632,0.4791666865348816,0.0,0.0,0.0,0.0,0.0,0.0,0.0,-0.0001278796698898077,0.5208333730697632,0.4791666865348816,0.0,-1.2787990272045135e-05,1.0,nan,1.0,0.18069756031036377,0.008924740366637707,0.18962229788303375,0.00091
0,decoder.layers.2.blocks.1.attention.self.continuous_position_bias_mlp.0,7.999913215637207,8.685977935791016,0.686065673828125,8.43408088258002e-07,-4.6800800191704184e-05,-0.0009099999442696571,0.0009099995950236917,0.46875,0.5078125,0.0006116767763160169,8.771676789365301e-07,-0.034165896475315094,0.07230432331562042,0.46875,0.5078125,0.0,0.0,0.0,0.0,0.0,0.0,0.0,0.0006116767763160169,0.46875,0.5078125,0.0,6.116766599006951e-05,1.0,nan,1.0,0.18069756031036377,0.008924740366637707,0.18962229788303375,0.00091
0,decoder.layers.2.blocks.1.attention.self.continuous_position_bias_mlp.2,7.999995231628418,8.754356384277344,0.7543607950210571,-0.000606666668318212,-0.0009099999442696571,-0.0009099999442696571,0.0009099990129470825,0.1666666716337204,0.8333333730697632,0.09287204593420029,0.03887319564819336,-0.00622211629524827,0.22769129276275635,0.1666666716337204,0.8333333730697632,0.0,0.0,0.0,0.0,0.0,0.0,0.0,0.09287204593420029,0.1666666716337204,0.8333333730697632,0.0,0.009287204593420029,1.0,nan,1.0,0.18069756031036377,0.008924740366637707,0.18962229788303375,0.00091
0,decoder.layers.2.blocks.1.attention.self.query,7.999972343444824,13.425753593444824,5.42578125,0.0001697686966508627,-0.00040500552859157324,-0.0007857467280700803,0.0009099999442696571,0.484375,0.515625,0.0006310397293418646,0.00028137568733654916,-0.09110886603593826,0.06945152580738068,0.484375,0.515625,0.0,0.0,0.0,0.0,0.0,0.0,0.0,0.0006310397293418646,0.484375,0.515625,0.0,6.310398748610169e-05,1.0,nan,1.0,0.18069756031036377,0.008924740366637707,0.18962229788303375,0.00091
0,decoder.layers.2.blocks.1.attention.self.key,7.999969482421875,13.884702682495117,5.884734153747559,0.00013514465535990894,-0.0003783089923672378,-0.0009099997114390135,0.0009099998860619962,0.4427083432674408,0.5572916865348816,0.0017566836904734373,0.0018299217335879803,-0.13013595342636108,0.0992153212428093,0.4427083432674408,0.5572916865348816,0.0,0.0,0.0,0.0,0.0,0.0,0.0,0.0017566836904734373,0.4427083432674408,0.5572916865348816,0.0,0.00017566836322657764,1.0,nan,1.0,0.18069756031036377,0.008924740366637707,0.18962229788303375,0.00091
0,decoder.layers.2.blocks.1.attention.self.value,7.999968528747559,13.638980865478516,5.639012813568115,0.00017386581748723984,-0.00037102671922184527,-0.0005939279217272997,0.000910000002477318,0.4635416865348816,0.5364583730697632,0.0051198797300457954,0.00254273135215044,-0.2909085154533386,0.30847251415252686,0.4635416865348816,0.5364583730697632,0.0,0.0,0.0,0.0,0.0,0.0,0.0,0.0051198797300457954,0.4635416865348816,0.5364583730697632,0.0,0.0005119879497215152,1.0,nan,1.0,0.18069756031036377,0.008924740366637707,0.18962229788303375,0.00091
0,decoder.layers.2.blocks.1.attention.output.dense,7.999963283538818,13.710311889648438,5.7103495597839355,0.00018091266974806786,-0.0003342037962283939,-0.0005675379070453346,0.000910000060684979,0.453125,0.546875,0.005882707890123129,0.0016138851642608643,-0.2801723778247833,0.38540318608283997,0.453125,0.546875,0.0,0.0,0.0,0.0,0.0,0.0,0.0,0.005882707890123129,0.453125,0.546875,0.0,0.0005882708355784416,1.0,nan,1.0,0.18069756031036377,0.008924740366637707,0.18962229788303375,0.00091
0,decoder.layers.2.blocks.1.intermediate.dense,7.987144470214844,9.430643081665039,1.4434993267059326,0.00011470341996755451,0.00010010267578763887,-0.0007347952923737466,0.000910000002477318,0.5071614980697632,0.4928385615348816,0.0004190643667243421,-5.807836714666337e-06,-0.19725622236728668,0.1401689350605011,0.5071614980697632,0.4928385615348816,0.0,0.0,0.0,0.0,0.0,0.0,0.0,0.0004190643667243421,0.5071614980697632,0.4928385615348816,0.0,4.190644176560454e-05,1.0,nan,1.0,0.18069756031036377,0.008924740366637707,0.18962229788303375,0.00091
0,decoder.layers.2.blocks.1.output.dense,7.999945640563965,12.489947319030762,4.490001201629639,0.0003431990626268089,0.0009099842282012105,-0.00040836905827745795,0.0009099999442696571,0.5234375,0.4765625,0.0029860027134418488,-0.000579324783757329,-0.19622451066970825,0.3754322826862335,0.5234375,0.4765625,0.0,0.0,0.0,0.0,0.0,0.0,0.0,0.0029860027134418488,0.5234375,0.4765625,0.0,0.00029860023641958833,1.0,nan,1.0,0.18069756031036377,0.008924740366637707,0.18962229788303375,0.00091
0,decoder.layers.2.blocks.2.attention.self.continuous_position_bias_mlp.0,7.999934673309326,8.269920349121094,0.2699851393699646,-2.4897050025174394e-05,-0.0005984961171634495,-0.0009099999442696571,0.0009099999442696571,0.47265625,0.515625,0.0010744951432570815,0.0004607229493558407,-0.10366298258304596,0.19692103564739227,0.47265625,0.515625,0.0,0.0,0.0,0.0,0.0,0.0,0.0,0.0010744951432570815,0.47265625,0.515625,0.0,0.0001074495303328149,1.0,nan,1.0,0.18069756031036377,0.008924740366637707,0.18962229788303375,0.00091
0,decoder.layers.2.blocks.2.attention.self.continuous_position_bias_mlp.2,7.999996185302734,7.949460029602051,-0.05053671449422836,-0.0003033327520824969,-0.0009099999442696571,-0.0009100008755922318,0.0009099997114390135,0.3333333432674408,0.6666666865348816,0.1806546449661255,0.0017999904230237007,-0.031036075204610825,0.7260386347770691,0.3333333432674408,0.6666666865348816,0.0,0.0,0.0,0.0,0.0,0.0,0.0,0.1806546449661255,0.3333333432674408,0.6666666865348816,0.0,0.01806546561419964,1.0,nan,1.0,0.18069756031036377,0.008924740366637707,0.18962229788303375,0.00091
0,decoder.layers.2.blocks.2.attention.self.query,7.99997091293335,13.36699104309082,5.367020606994629,0.00018537805590312928,-0.00038983431295491755,-0.0007216842495836318,0.0009099999442696571,0.4869791865348816,0.5130208730697632,0.00018994805577676743,0.0005988273769617081,-0.16434860229492188,0.07010219991207123,0.4869791865348816,0.5130208730697632,0.0,0.0,0.0,0.0,0.0,0.0,0.0,0.00018994805577676743,0.4869791865348816,0.5130208730697632,0.0,1.899480412248522e-05,1.0,nan,1.0,0.18069756031036377,0.008924740366637707,0.18962229788303375,0.00091
0,decoder.layers.2.blocks.2.attention.self.key,7.999968528747559,13.43576431274414,5.435795783996582,0.0001957190688699484,-0.00033542048186063766,-0.0007873495342209935,0.0009099999442696571,0.4791666865348816,0.5208333730697632,2.4293394744745456e-05,0.0006708460859954357,-0.06876064836978912,0.12624719738960266,0.4791666865348816,0.5208333730697632,0.0,0.0,0.0,0.0,0.0,0.0,0.0,2.4293394744745456e-05,0.4791666865348816,0.5208333730697632,0.0,2.4293549358844757e-06,1.0,nan,1.0,0.18069756031036377,0.008924740366637707,0.18962229788303375,0.00091
0,decoder.layers.2.blocks.2.attention.self.value,7.999969482421875,13.405763626098633,5.4057936668396,0.0001923482632264495,-0.00037670930032618344,-0.0006062032771296799,0.000910000060684979,0.4817708432674408,0.5182291865348816,0.0065407827496528625,0.0018239736091345549,-0.2701680064201355,0.4258579909801483,0.4817708432674408,0.5182291865348816,0.0,0.0,0.0,0.0,0.0,0.0,0.0,0.0065407827496528625,0.4817708432674408,0.5182291865348816,0.0,0.0006540782633237541,1.0,nan,1.0,0.18069756031036377,0.008924740366637707,0.18962229788303375,0.00091
0,decoder.layers.2.blocks.2.attention.output.dense,7.999965667724609,13.416933059692383,5.416967391967773,0.00019730899657588452,-0.0002126359031535685,-0.0006789100007154047,0.000910000060684979,0.4765625,0.5234375,0.0021375310607254505,0.0006838161498308182,-0.625495195388794,0.36643099784851074,0.4765625,0.5234375,0.0,0.0,0.0,0.0,0.0,0.0,0.0,0.0021375310607254505,0.4765625,0.5234375,0.0,0.00021375305368565023,1.0,nan,1.0,0.18069756031036377,0.008924740366637707,0.18962229788303375,0.00091
0,decoder.layers.2.blocks.2.intermediate.dense,7.990331649780273,10.007723808288574,2.017392158508301,0.0001280200231121853,0.00011026243009837344,-0.0008297869353555143,0.000910000060684979,0.50390625,0.49609375,-7.002800703048706e-05,-4.957033524988219e-06,-0.19804897904396057,0.21313273906707764,0.50390625,0.49609375,0.0,0.0,0.0,0.0,0.0,0.0,0.0,-7.002800703048706e-05,0.50390625,0.49609375,0.0,-7.002803613431752e-06,1.0,nan,1.0,0.18069756031036377,0.008924740366637707,0.18962229788303375,0.00091
0,decoder.layers.2.blocks.2.output.dense,7.999944686889648,13.340520858764648,5.340575218200684,0.00027207733364775777,-0.00015152423293329775,-0.0003880293224938214,0.000910000002477318,0.4635416865348816,0.5364583730697632,0.003992829006165266,0.000628690468147397,-0.19477228820323944,0.2991417646408081,0.4635416865348816,0.5364583730697632,0.0,0.0,0.0,0.0,0.0,0.0,0.0,0.003992829006165266,0.4635416865348816,0.5364583730697632,0.0,0.0003992829006165266,1.0,nan,1.0,0.18069756031036377,0.008924740366637707,0.18962229788303375,0.00091
0,decoder.layers.2.blocks.3.attention.self.continuous_position_bias_mlp.0,7.999963760375977,8.112199783325195,0.11223559826612473,-2.9911601814092137e-05,-0.0009099554736167192,-0.0009100008755922318,0.0009099999442696571,0.474609375,0.513671875,0.003237052820622921,0.0002147355698980391,-0.13796550035476685,0.36703890562057495,0.474609375,0.513671875,0.0,0.0,0.0,0.0,0.0,0.0,0.0,0.003237052820622921,0.474609375,0.513671875,0.0,0.00032370525877922773,1.0,nan,1.0,0.18069756031036377,0.008924740366637707,0.18962229788303375,0.00091
0,decoder.layers.2.blocks.3.attention.self.continuous_position_bias_mlp.2,7.999997615814209,8.33167552947998,0.33167847990989685,-0.0009099999442696571,-0.0009099999442696571,-0.0009099999442696571,-0.0009099997114390135,0.0,1.0,0.4759559631347656,0.23604491353034973,0.042492322623729706,1.535277009010315,0.0,1.0,0.0,0.0,0.0,0.0,0.0,0.0,0.0,0.4759559631347656,0.0,1.0,0.0,0.04759559780359268,1.0,nan,1.0,0.18069756031036377,0.008924740366637707,0.18962229788303375,0.00091
0,decoder.layers.2.blocks.3.attention.self.query,7.99997091293335,13.75633430480957,5.756361961364746,0.0001430172414984554,-0.00043028968502767384,-0.0008496830123476684,0.0009099999442696571,0.4583333432674408,0.5416666865348816,0.002950892550870776,0.001271046930924058,-0.1015840545296669,0.20703501999378204,0.4583333432674408,0.5416666865348816,0.0,0.0,0.0,0.0,0.0,0.0,0.0,0.002950892550870776,0.4583333432674408,0.5416666865348816,0.0,0.0002950892667286098,1.0,nan,1.0,0.18069756031036377,0.008924740366637707,0.18962229788303375,0.00091
0,decoder.layers.2.blocks.3.attention.self.key,7.999969482421875,13.241518020629883,5.24154806137085,0.00020473751646932214,-0.0003499843878671527,-0.0006281952955760062,0.0009099999442696571,0.4947916865348816,0.5052083730697632,0.0012033171951770782,0.00011893920600414276,-0.09425032138824463,0.10765135288238525,0.4947916865348816,0.5052083730697632,0.0,0.0,0.0,0.0,0.0,0.0,0.0,0.0012033171951770782,0.4947916865348816,0.5052083730697632,0.0,0.00012033170787617564,1.0,nan,1.0,0.18069756031036377,0.008924740366637707,0.18962229788303375,0.00091
0,decoder.layers.2.blocks.3.attention.self.value,7.999968528747559,13.283842086791992,5.283873558044434,0.00021010164346080273,-0.00036828668089583516,-0.0006587072857655585,0.000910000060684979,0.4895833432674408,0.5104166865348816,0.01411098800599575,0.00047406740486621857,-0.3459799885749817,0.6101582050323486,0.4895833432674408,0.5104166865348816,0.0,0.0,0.0,0.0,0.0,0.0,0.0,0.01411098800599575,0.4895833432674408,0.5104166865348816,0.0,0.0014110987540334463,1.0,nan,1.0,0.18069756031036377,0.008924740366637707,0.18962229788303375,0.00091
0,decoder.layers.2.blocks.3.attention.output.dense,7.999964714050293,13.524358749389648,5.524393081665039,0.00019668269669637084,-0.00023886752023827285,-0.0006305507267825305,0.000910000060684979,0.46875,0.53125,0.018043935298919678,0.001439779414795339,-0.5848814249038696,1.8204829692840576,0.46875,0.53125,0.0,0.0,0.0,0.0,0.0,0.0,0.0,0.018043935298919678,0.46875,0.53125,0.0,0.0018043937161564827,1.0,nan,1.0,0.18069756031036377,0.008924740366637707,0.18962229788303375,0.00091
0,decoder.layers.2.blocks.3.intermediate.dense,7.992056846618652,10.29712200164795,2.3050646781921387,0.0001341907773166895,-6.07277456765587e-07,-0.0007519634673371911,0.000910000002477318,0.4934895932674408,0.5065104365348816,0.0009201336652040482,7.519411155954003e-06,-0.29105401039123535,0.3023607134819031,0.4934895932674408,0.5065104365348816,0.0,0.0,0.0,0.0,0.0,0.0,0.0,0.0009201336652040482,0.4934895932674408,0.5065104365348816,0.0,9.201336069963872e-05,1.0,nan,1.0,0.18069756031036377,0.008924740366637707,0.18962229788303375,0.00091
0,decoder.layers.2.blocks.3.output.dense,7.999945640563965,12.512983322143555,4.51303768157959,0.0003419392160139978,0.0009099824819713831,-0.00040841251029632986,0.000910000002477318,0.5234375,0.4765625,-0.007337688468396664,-0.0005210510571487248,-0.6025680899620056,0.2763691246509552,0.5234375,0.4765625,0.0,0.0,0.0,0.0,0.0,0.0,0.0,-0.007337688468396664,0.5234375,0.4765625,0.0,-0.0007337689166888595,1.0,nan,1.0,0.18069756031036377,0.008924740366637707,0.18962229788303375,0.00091
0,decoder.layers.2.blocks.4.attention.self.continuous_position_bias_mlp.0,7.999979496002197,8.581233978271484,0.581254243850708,-4.6559976908611134e-05,-0.0005458727246150374,-0.000910000002477318,0.000910000060684979,0.453125,0.53515625,0.0024562980979681015,0.0013513562735170126,-0.20106959342956543,0.17997880280017853,0.453125,0.53515625,0.0,0.0,0.0,0.0,0.0,0.0,0.0,0.0024562980979681015,0.453125,0.53515625,0.0,0.00024562980979681015,1.0,nan,1.0,0.18069756031036377,0.008924740366637707,0.18962229788303375,0.00091
0,decoder.layers.2.blocks.4.attention.self.continuous_position_bias_mlp.2,7.999998092651367,8.112775802612305,0.11277715861797333,-0.0006066664936952293,-0.0009099999442696571,-0.0009099999442696571,0.0009099999442696571,0.1666666716337204,0.8333333730697632,0.5132081508636475,0.23005591332912445,-0.10918028652667999,1.965086817741394,0.1666666716337204,0.8333333730697632,0.0,0.0,0.0,0.0,0.0,0.0,0.0,0.5132081508636475,0.1666666716337204,0.8333333730697632,0.0,0.051320817321538925,1.0,nan,1.0,0.18069756031036377,0.008924740366637707,0.18962229788303375,0.00091
0,decoder.layers.2.blocks.4.attention.self.query,7.99997091293335,13.123489379882812,5.123518466949463,0.0002100047713611275,0.0009016752592287958,-0.0007391910767182708,0.0009099999442696571,0.5052083730697632,0.4947916865348816,0.0005687211523763835,-4.97220316901803e-05,-0.18437525629997253,0.18787609040737152,0.5052083730697632,0.4947916865348816,0.0,0.0,0.0,0.0,0.0,0.0,0.0,0.0005687211523763835,0.5052083730697632,0.4947916865348816,0.0,5.687214434146881e-05,1.0,nan,1.0,0.18069756031036377,0.008924740366637707,0.18962229788303375,0.00091
0,decoder.layers.2.blocks.4.attention.self.key,7.999969482421875,12.647747039794922,4.647777557373047,0.00026650732615962625,0.0009099948219954967,-0.0007425664225593209,0.0009099999442696571,0.5390625,0.4609375,-0.0010890717385336757,-0.001901071984320879,-0.12442600727081299,0.10886390507221222,0.5390625,0.4609375,0.0,0.0,0.0,0.0,0.0,0.0,0.0,-0.0010890717385336757,0.5390625,0.4609375,0.0,-0.00010890715930145234,1.0,nan,1.0,0.18069756031036377,0.008924740366637707,0.18962229788303375,0.00091
0,decoder.layers.2.blocks.4.attention.self.value,7.999967098236084,13.345541000366211,5.345572471618652,0.0002097283722832799,-0.00035639191628433764,-0.000602038751821965,0.000910000060684979,0.484375,0.515625,0.010517916642129421,0.005314769223332405,-0.4008620083332062,0.4875151216983795,0.484375,0.515625,0.0,0.0,0.0,0.0,0.0,0.0,0.0,0.010517916642129421,0.484375,0.515625,0.0,0.001051791594363749,1.0,nan,1.0,0.18069756031036377,0.008924740366637707,0.18962229788303375,0.00091
0,decoder.layers.2.blocks.4.attention.output.dense,7.999963283538818,13.58357048034668,5.583606243133545,0.00019640881509985775,-0.00020319972827564925,-0.0006444951286539435,0.000910000060684979,0.4635416865348816,0.5364583730697632,0.01022033579647541,0.0015429684426635504,-0.5862303972244263,0.6008913516998291,0.4635416865348816,0.5364583730697632,0.0,0.0,0.0,0.0,0.0,0.0,0.0,0.01022033579647541,0.4635416865348816,0.5364583730697632,0.0,0.0010220336262136698,1.0,nan,1.0,0.18069756031036377,0.008924740366637707,0.18962229788303375,0.00091
0,decoder.layers.2.blocks.4.intermediate.dense,7.993721961975098,10.892265319824219,2.8985443115234375,0.00014171056682243943,-6.474073188655893e-07,-0.000874305609613657,0.000910000002477318,0.4889323115348816,0.5110677480697632,0.002646737266331911,2.64692134805955e-05,-0.15442520380020142,0.28675082325935364,0.4889323115348816,0.5110677480697632,0.0,0.0,0.0,0.0,0.0,0.0,0.0,0.002646737266331911,0.4889323115348816,0.5110677480697632,0.0,0.0002646737266331911,1.0,nan,1.0,0.18069756031036377,0.008924740366637707,0.18962229788303375,0.00091
0,decoder.layers.2.blocks.4.output.dense,7.999948024749756,12.539107322692871,4.539159297943115,0.0003342441632412374,0.0009099725284613669,-0.0003911880776286125,0.000910000060684979,0.5234375,0.4765625,0.004075347445905209,-0.00036045449087396264,-0.3019716739654541,0.3528119921684265,0.5234375,0.4765625,0.0,0.0,0.0,0.0,0.0,0.0,0.0,0.004075347445905209,0.5234375,0.4765625,0.0,0.0004075347096659243,1.0,nan,1.0,0.18069756031036377,0.008924740366637707,0.18962229788303375,0.00091
0,decoder.layers.2.blocks.5.attention.self.continuous_position_bias_mlp.0,7.999939918518066,8.583870887756348,0.5839301347732544,-3.173364530084655e-05,-0.00031127489637583494,-0.0009099999442696571,0.0009099999442696571,0.462890625,0.521484375,0.005934001877903938,0.0003627380356192589,-0.08152125775814056,0.6547321081161499,0.462890625,0.521484375,0.0,0.0,0.0,0.0,0.0,0.0,0.0,0.005934001877903938,0.462890625,0.521484375,0.0,0.0005934002110734582,1.0,nan,1.0,0.18069756031036377,0.008924740366637707,0.18962229788303375,0.00091
0,decoder.layers.2.blocks.5.attention.self.continuous_position_bias_mlp.2,7.999999046325684,8.174314498901367,0.1743154525756836,-0.0009099995950236917,-0.0009099999442696571,-0.0009099999442696571,-0.0009099985472857952,0.0,1.0,0.2735058665275574,0.146628275513649,0.0060036201030015945,0.7809506058692932,0.0,1.0,0.0,0.0,0.0,0.0,0.0,0.0,0.0,0.2735058665275574,0.0,1.0,0.0,0.02735058218240738,1.0,nan,1.0,0.18069756031036377,0.008924740366637707,0.18962229788303375,0.00091
0,decoder.layers.2.blocks.5.attention.self.query,7.999971389770508,12.961027145385742,4.961054801940918,0.0002261837653350085,0.0009099844610318542,-0.0006455171969719231,0.0009099998860619962,0.5182291865348816,0.4817708432674408,-1.6940641216933727e-05,-0.0006991205736994743,-0.05861032009124756,0.07168760895729065,0.5182291865348816,0.4817708432674408,0.0,0.0,0.0,0.0,0.0,0.0,0.0,-1.6940641216933727e-05,0.5182291865348816,0.4817708432674408,0.0,-1.6940564364631427e-06,1.0,nan,1.0,0.18069756031036377,0.008924740366637707,0.18962229788303375,0.00091
0,decoder.layers.2.blocks.5.attention.self.key,7.99997091293335,13.391510009765625,5.39154052734375,0.00018281493976246566,-0.00034075111034326255,-0.0008777137845754623,0.0009099999442696571,0.484375,0.515625,0.0007979561924003065,0.0009992867708206177,-0.08670192956924438,0.07351698726415634,0.484375,0.515625,0.0,0.0,0.0,0.0,0.0,0.0,0.0,0.0007979561924003065,0.484375,0.515625,0.0,7.97956163296476e-05,1.0,nan,1.0,0.18069756031036377,0.008924740366637707,0.18962229788303375,0.00091
0,decoder.layers.2.blocks.5.attention.self.value,7.999967575073242,13.625347137451172,5.625378608703613,0.0001783723710104823,-0.00038719529402442276,-0.0006775075453333557,0.000910000060684979,0.4635416865348816,0.5364583730697632,0.014440643601119518,0.010904334485530853,-0.8403359055519104,0.6791344881057739,0.4635416865348816,0.5364583730697632,0.0,0.0,0.0,0.0,0.0,0.0,0.0,0.014440643601119518,0.4635416865348816,0.5364583730697632,0.0,0.001444064429961145,1.0,nan,1.0,0.18069756031036377,0.008924740366637707,0.18962229788303375,0.00091
0,decoder.layers.2.blocks.5.attention.output.dense,7.999964714050293,14.361988067626953,6.36202335357666,0.00010421611659694463,-0.0003878470160998404,-0.0006424495368264616,0.000910000060684979,0.40625,0.59375,0.021189531311392784,0.007716212421655655,-0.47957149147987366,2.0634377002716064,0.40625,0.59375,0.0,0.0,0.0,0.0,0.0,0.0,0.0,0.021189531311392784,0.40625,0.59375,0.0,0.002118953038007021,1.0,nan,1.0,0.18069756031036377,0.008924740366637707,0.18962229788303375,0.00091
0,decoder.layers.2.blocks.5.intermediate.dense,7.994953155517578,11.377796173095703,3.3828418254852295,0.00014315289445221424,-9.42622705224494e-07,-0.000825584982521832,0.000910000060684979,0.4615885615348816,0.5384114980697632,0.001903338823467493,7.48610618757084e-05,-0.2438187450170517,0.32921165227890015,0.4615885615348816,0.5384114980697632,0.0,0.0,0.0,0.0,0.0,0.0,0.0,0.001903338823467493,0.4615885615348816,0.5384114980697632,0.0,0.00019033392891287804,1.0,nan,1.0,0.18069756031036377,0.008924740366637707,0.18962229788303375,0.00091
0,decoder.layers.2.blocks.5.output.dense,7.999948501586914,13.746091842651367,5.746143341064453,0.0002288495161337778,-0.00021000939887017012,-0.0004173035267740488,0.000910000002477318,0.4375,0.5625,0.009371399879455566,0.0011708509409800172,-0.2868504822254181,0.34048715233802795,0.4375,0.5625,0.0,0.0,0.0,0.0,0.0,0.0,0.0,0.009371399879455566,0.4375,0.5625,0.0,0.0009371399646624923,1.0,nan,1.0,0.18069756031036377,0.008924740366637707,0.18962229788303375,0.00091
0,decoder.layers.2.blocks.6.attention.self.continuous_position_bias_mlp.0,7.999934196472168,8.477319717407227,0.47738486528396606,-8.889880700735375e-05,-0.0009089305531233549,-0.0009099999442696571,0.0009099999442696571,0.419921875,0.54296875,0.0052018496207892895,0.0021972074173390865,-0.12959475815296173,0.29464948177337646,0.419921875,0.54296875,0.0,0.0,0.0,0.0,0.0,0.0,0.0,0.0052018496207892895,0.419921875,0.54296875,0.0,0.0005201849853619933,1.0,nan,1.0,0.18069756031036377,0.008924740366637707,0.18962229788303375,0.00091
0,decoder.layers.2.blocks.6.attention.self.continuous_position_bias_mlp.2,7.999997615814209,8.232156753540039,0.2321585863828659,-0.0009099991293624043,-0.0009099999442696571,-0.0009099999442696571,-0.0009099957533180714,0.0,1.0,0.8557101488113403,0.12961004674434662,0.002146669663488865,3.0770092010498047,0.0,1.0,0.0,0.0,0.0,0.0,0.0,0.0,0.0,0.8557101488113403,0.0,1.0,0.0,0.08557101339101791,1.0,nan,1.0,0.18069756031036377,0.008924740366637707,0.18962229788303375,0.00091
0,decoder.layers.2.blocks.6.attention.self.query,7.999969482421875,13.320619583129883,5.320649147033691,0.0001923216477734968,-0.00036675811861641705,-0.0009099991293624043,0.0009099999442696571,0.4869791865348816,0.5130208730697632,0.00011516820813994855,0.00014623673632740974,-0.11392015218734741,0.1148463562130928,0.4869791865348816,0.5130208730697632,0.0,0.0,0.0,0.0,0.0,0.0,0.0,0.00011516820813994855,0.4869791865348816,0.5130208730697632,0.0,1.1516836821101606e-05,1.0,nan,1.0,0.18069756031036377,0.008924740366637707,0.18962229788303375,0.00091
0,decoder.layers.2.blocks.6.attention.self.key,7.999969482421875,13.737067222595215,5.737096786499023,0.00014986336464062333,-0.0003883922181557864,-0.0009099995950236917,0.000910000002477318,0.4557291865348816,0.5442708730697632,0.0019809247460216284,0.0013953880406916142,-0.14021484553813934,0.2864343523979187,0.4557291865348816,0.5442708730697632,0.0,0.0,0.0,0.0,0.0,0.0,0.0,0.0019809247460216284,0.4557291865348816,0.5442708730697632,0.0,0.0001980924716917798,1.0,nan,1.0,0.18069756031036377,0.008924740366637707,0.18962229788303375,0.00091
0,decoder.layers.2.blocks.6.attention.self.value,7.999967098236084,13.767471313476562,5.767504692077637,0.00017066267901100218,-0.00036954539245925844,-0.0006320065003819764,0.000910000060684979,0.453125,0.546875,0.011887303553521633,0.018048150464892387,-1.1704139709472656,1.1030794382095337,0.453125,0.546875,0.0,0.0,0.0,0.0,0.0,0.0,0.0,0.011887303553521633,0.453125,0.546875,0.0,0.001188730588182807,1.0,nan,1.0,0.18069756031036377,0.008924740366637707,0.18962229788303375,0.00091
0,decoder.layers.2.blocks.6.attention.output.dense,7.999960899353027,13.052011489868164,5.05204963684082,0.0002455837675370276,-0.00012802693527191877,-0.0005876615759916604,0.000910000060684979,0.5,0.5,0.02002418413758278,-6.17284094914794e-05,-0.7788747549057007,4.578457832336426,0.5,0.5,0.0,0.0,0.0,0.0,0.0,0.0,0.0,0.02002418413758278,0.5,0.5,0.0,0.0020024185068905354,1.0,nan,1.0,0.18069756031036377,0.008924740366637707,0.18962229788303375,0.00091
0,decoder.layers.2.blocks.6.intermediate.dense,7.995741844177246,10.812219619750977,2.8164782524108887,0.0001681844878476113,0.00022553531744051725,-0.0009099990129470825,0.000910000060684979,0.5026041865348816,0.4973958432674408,-5.40733663001447e-06,-1.3484670489560813e-05,-0.5485116839408875,0.7108321189880371,0.5026041865348816,0.4973958432674408,0.0,0.0,0.0,0.0,0.0,0.0,0.0,-5.40733663001447e-06,0.5026041865348816,0.4973958432674408,0.0,-5.407249545896775e-07,1.0,nan,1.0,0.18069756031036377,0.008924740366637707,0.18962229788303375,0.00091
0,decoder.layers.2.blocks.6.output.dense,7.999945640563965,13.422694206237793,5.422748565673828,0.0002560321881901473,-0.0001592316839378327,-0.00042028113966807723,0.000910000060684979,0.4583333432674408,0.5416666865348816,0.008625652641057968,0.00028863525949418545,-0.3305823504924774,0.242629274725914,0.4583333432674408,0.5416666865348816,0.0,0.0,0.0,0.0,0.0,0.0,0.0,0.008625652641057968,0.4583333432674408,0.5416666865348816,0.0,0.0008625652990303934,1.0,nan,1.0,0.18069756031036377,0.008924740366637707,0.18962229788303375,0.00091
0,decoder.layers.2.blocks.7.attention.self.continuous_position_bias_mlp.0,7.987278938293457,9.775824546813965,1.788545846939087,9.053829126060009e-05,0.0,-0.0009099999442696571,0.0009099999442696571,0.3671875,0.423828125,0.0017852503806352615,0.0,-0.07738877832889557,0.1010226160287857,0.3671875,0.42578125,611.4067993164062,0.0,0.0,313040.28125,0.0,0.001953125,6.11406818507021e-08,611.4085083007812,0.3671875,0.42578125,0.0,61.1408576965332,0.9975369572639465,0.0,0.9975369572639465,0.18069756031036377,0.008924740366637707,0.18962229788303375,0.00091
0,decoder.layers.2.blocks.7.attention.self.continuous_position_bias_mlp.2,7.9999895095825195,13.955622673034668,5.955634593963623,-0.00020819708879571408,-0.0008103514555841684,-0.0009099999442696571,0.0009099990129470825,0.3333333432674408,0.6666666865348816,0.06813888996839523,0.031635113060474396,-0.03190203011035919,0.25061988830566406,0.3333333432674408,0.6666666865348816,0.0,0.0,0.0,0.0,0.0,0.0,0.0,0.06813888996839523,0.3333333432674408,0.6666666865348816,0.0,0.006813888903707266,1.0,nan,1.0,0.18069756031036377,0.008924740366637707,0.18962229788303375,0.00091
0,decoder.layers.2.blocks.7.attention.self.query,7.999969482421875,12.582626342773438,4.582657814025879,0.00027506297919899225,0.0009099917369894683,-0.0009099991875700653,0.0009099998278543353,0.5416666865348816,0.4583333432674408,-0.0004955657059326768,-0.0011368021368980408,-0.05258239805698395,0.10980332642793655,0.5416666865348816,0.4583333432674408,0.0,0.0,0.0,0.0,0.0,0.0,0.0,-0.0004955657059326768,0.5416666865348816,0.4583333432674408,0.0,-4.955656186211854e-05,1.0,nan,1.0,0.18069756031036377,0.008924740366637707,0.18962229788303375,0.00091
0,decoder.layers.2.blocks.7.attention.self.key,7.999968528747559,13.152698516845703,5.1527299880981445,0.00022212699695955962,-0.00024622055934742093,-0.000686123501509428,0.0009099999442696571,0.5,0.5,0.0008808600250631571,-0.00024313386529684067,-0.19036516547203064,0.32882434129714966,0.5,0.5,0.0,0.0,0.0,0.0,0.0,0.0,0.0,0.0008808600250631571,0.5,0.5,0.0,8.80859952303581e-05,1.0,nan,1.0,0.18069756031036377,0.008924740366637707,0.18962229788303375,0.00091
0,decoder.layers.2.blocks.7.attention.self.value,7.999967098236084,13.129477500915527,5.129510402679443,0.00023548041644971818,-0.0002909316390287131,-0.0006801452836953104,0.000910000060684979,0.5,0.5,0.009725427255034447,-0.0010461211204528809,-1.9677544832229614,4.93850040435791,0.5,0.5,0.0,0.0,0.0,0.0,0.0,0.0,0.0,0.009725427255034447,0.5,0.5,0.0,0.0009725427953526378,1.0,nan,1.0,0.18069756031036377,0.008924740366637707,0.18962229788303375,0.00091
0,decoder.layers.2.blocks.7.attention.output.dense,7.9999518394470215,13.581893920898438,5.5819411277771,0.0001990469463635236,-0.00014601385919377208,-0.0007154647028073668,0.000910000060684979,0.453125,0.546875,0.05906538665294647,0.003194086253643036,-0.5093005895614624,13.717387199401855,0.453125,0.546875,0.0,0.0,0.0,0.0,0.0,0.0,0.0,0.05906538665294647,0.453125,0.546875,0.0,0.005906539969146252,1.0,nan,1.0,0.18069756031036377,0.008924740366637707,0.18962229788303375,0.00091
0,decoder.layers.2.blocks.7.intermediate.dense,7.996834754943848,10.906866073608398,2.9100310802459717,0.00019157867063768208,-1.4143336102279136e-06,-0.0008849404403008521,0.000910000002477318,0.4856770932674408,0.5143229365348816,0.000969195447396487,3.730440221261233e-05,-0.14100661873817444,0.12906083464622498,0.4856770932674408,0.5143229365348816,0.0,0.0,0.0,0.0,0.0,0.0,0.0,0.000969195447396487,0.4856770932674408,0.5143229365348816,0.0,9.691953891888261e-05,1.0,nan,1.0,0.18069756031036377,0.008924740366637707,0.18962229788303375,0.00091
0,decoder.layers.2.blocks.7.output.dense,7.999941825866699,12.693359375,4.693417072296143,0.0003338439273647964,0.0009097788715735078,-0.0003710550081450492,0.000910000002477318,0.5078125,0.4921875,0.0030983281321823597,-4.3078143789898604e-05,-0.2988366484642029,0.5252622365951538,0.5078125,0.4921875,0.0,0.0,0.0,0.0,0.0,0.0,0.0,0.0030983281321823597,0.5078125,0.4921875,0.0,0.00030983283068053424,1.0,nan,1.0,0.18069756031036377,0.008924740366637707,0.18962229788303375,0.00091
0,decoder.layers.2.upsample.upsample,7.999959468841553,13.431071281433105,5.431110382080078,0.00022998909116722643,-0.00024092548119369894,-0.0007287394837476313,0.000910000060684979,0.46875,0.53125,0.02156519889831543,0.004323072265833616,-1.0362378358840942,1.6754825115203857,0.46875,0.53125,0.0,0.0,0.0,0.0,0.0,0.0,0.0,0.02156519889831543,0.46875,0.53125,0.0,0.002156520029529929,1.0,nan,1.0,0.18069756031036377,0.008924740366637707,0.18962229788303375,0.00091
0,decoder.layers.2.upsample.mixup,7.999974727630615,15.653406143188477,7.653430461883545,-0.00011386902042431757,-0.0004981697420589626,-0.0009099997114390135,0.000910000060684979,0.3177083432674408,0.6822916865348816,0.17704099416732788,0.030818305909633636,-0.7907520532608032,5.381210803985596,0.3177083432674408,0.6822916865348816,0.0,0.0,0.0,0.0,0.0,0.0,0.0,0.17704099416732788,0.3177083432674408,0.6822916865348816,0.0,0.017704101279377937,1.0,nan,1.0,0.18069756031036377,0.008924740366637707,0.18962229788303375,0.00091
0,decoder.layers.3.blocks.0.attention.self.continuous_position_bias_mlp.0,7.999844551086426,9.105207443237305,1.105363130569458,8.04251030785963e-05,0.0,-0.0009099994786083698,0.0009099990129470825,0.490234375,0.478515625,-1.427869574399665e-05,0.0,-0.010196268558502197,0.014784688130021095,0.498046875,0.484375,0.0,0.0,0.0,0.0,0.0,0.0,0.0,-1.427869574399665e-05,0.498046875,0.484375,0.0,-1.4278698472480755e-06,0.986083447933197,nan,0.986083447933197,0.18069756031036377,0.008924740366637707,0.18962229788303375,0.00091
0,decoder.layers.3.blocks.0.attention.self.continuous_position_bias_mlp.2,7.999999046325684,7.937987804412842,-0.06201108545064926,0.00030333129689097404,0.0009099948219954967,-0.0009099990129470825,0.0009099980816245079,0.6666666865348816,0.3333333432674408,0.0013408873928710818,-0.0019060263875871897,-0.0039770654402673244,0.009905753657221794,0.6666666865348816,0.3333333432674408,0.0,0.0,0.0,0.0,0.0,0.0,0.0,0.0013408873928710818,0.6666666865348816,0.3333333432674408,0.0,0.0001340887538390234,1.0,nan,1.0,0.18069756031036377,0.008924740366637707,0.18962229788303375,0.00091
0,decoder.layers.3.blocks.0.attention.self.query,7.99997091293335,13.398565292358398,5.398595333099365,0.0001802227197913453,-0.00039552952512167394,-0.0006697231438010931,0.0009099998860619962,0.484375,0.515625,-0.0003680158988572657,0.0008203089237213135,-0.08906398713588715,0.05363690108060837,0.484375,0.515625,0.0,0.0,0.0,0.0,0.0,0.0,0.0,-0.0003680158988572657,0.484375,0.515625,0.0,-3.680158260976896e-05,1.0,nan,1.0,0.18069756031036377,0.008924740366637707,0.18962229788303375,0.00091
0,decoder.layers.3.blocks.0.attention.self.key,7.999969482421875,12.821203231811523,4.821234226226807,0.00025166929117403924,0.0009099789895117283,-0.0006085121422074735,0.0009099997114390135,0.5260416865348816,0.4739583432674408,-0.0005639732116833329,-0.0006454350659623742,-0.031039169058203697,0.02647821232676506,0.5260416865348816,0.4739583432674408,0.0,0.0,0.0,0.0,0.0,0.0,0.0,-0.0005639732116833329,0.5260416865348816,0.4739583432674408,0.0,-5.63973153475672e-05,1.0,nan,1.0,0.18069756031036377,0.008924740366637707,0.18962229788303375,0.00091
0,decoder.layers.3.blocks.0.attention.self.value,7.999972343444824,14.105926513671875,6.105954170227051,9.553554991725832e-05,-0.000437728624092415,-0.0006194887682795525,0.000910000002477318,0.4322916865348816,0.5677083730697632,0.0050691841170191765,0.005512036383152008,-0.3072950839996338,0.291695773601532,0.4322916865348816,0.5677083730697632,0.0,0.0,0.0,0.0,0.0,0.0,0.0,0.0050691841170191765,0.4322916865348816,0.5677083730697632,0.0,0.0005069183534942567,1.0,nan,1.0,0.18069756031036377,0.008924740366637707,0.18962229788303375,0.00091
0,decoder.layers.3.blocks.0.attention.output.dense,7.999958038330078,13.653437614440918,5.653480052947998,0.00017275603022426367,-0.00019752093066927046,-0.0007733217207714915,0.000910000060684979,0.453125,0.546875,0.0023170781787484884,0.002300101798027754,-0.7495890855789185,0.2081698477268219,0.453125,0.546875,0.0,0.0,0.0,0.0,0.0,0.0,0.0,0.0023170781787484884,0.453125,0.546875,0.0,0.00023170780332293361,1.0,nan,1.0,0.18069756031036377,0.008924740366637707,0.18962229788303375,0.00091
0,decoder.layers.3.blocks.0.intermediate.dense,7.991138458251953,9.484506607055664,1.4933680295944214,0.000149681291077286,-4.996746270080621e-07,-0.0009099994204007089,0.0009099999442696571,0.4908854365348816,0.5091146230697632,-0.000373749528080225,3.463756002020091e-06,-0.17929202318191528,0.07726863771677017,0.4908854365348816,0.5091146230697632,0.0,0.0,0.0,0.0,0.0,0.0,0.0,-0.000373749528080225,0.4908854365348816,0.5091146230697632,0.0,-3.7374960811575875e-05,1.0,nan,1.0,0.18069756031036377,0.008924740366637707,0.18962229788303375,0.00091
0,decoder.layers.3.blocks.0.output.dense,7.999932765960693,12.293212890625,4.293280601501465,0.0003725220449268818,0.0009099842282012105,-0.00038893011515028775,0.000910000002477318,0.53125,0.46875,0.003341990988701582,-0.0009228894487023354,-0.14349694550037384,0.19187597930431366,0.53125,0.46875,0.0,0.0,0.0,0.0,0.0,0.0,0.0,0.003341990988701582,0.53125,0.46875,0.0,0.00033419913961552083,1.0,nan,1.0,0.18069756031036377,0.008924740366637707,0.18962229788303375,0.00091
0,decoder.layers.3.blocks.1.attention.self.continuous_position_bias_mlp.0,7.99996280670166,9.24986743927002,1.2499048709869385,4.997769428882748e-05,0.0,-0.0009099990129470825,0.0009099994786083698,0.5,0.490234375,-0.0001959548972081393,-6.985415934926409e-13,-0.012979691848158836,0.008517772890627384,0.5,0.490234375,0.0,0.0,0.0,0.0,0.0,0.0,0.0,-0.0001959548972081393,0.5,0.490234375,0.0,-1.9595487174228765e-05,1.0,nan,1.0,0.18069756031036377,0.008924740366637707,0.18962229788303375,0.00091
0,decoder.layers.3.blocks.1.attention.self.continuous_position_bias_mlp.2,7.999999046325684,8.07396125793457,0.07396189868450165,-0.0003033345565199852,-0.0009099971503019333,-0.0009099999442696571,0.0009099934250116348,0.3333333432674408,0.6666666865348816,0.006902697961777449,0.003416510298848152,-0.0014869996812194586,0.01877858303487301,0.3333333432674408,0.6666666865348816,0.0,0.0,0.0,0.0,0.0,0.0,0.0,0.006902697961777449,0.3333333432674408,0.6666666865348816,0.0,0.0006902697496116161,1.0,nan,1.0,0.18069756031036377,0.008924740366637707,0.18962229788303375,0.00091
0,decoder.layers.3.blocks.1.attention.self.query,7.99997091293335,13.709765434265137,5.709794521331787,0.00013969627616461366,-0.00043726476724259555,-0.0009099984890781343,0.0009099997114390135,0.4583333432674408,0.5416666865348816,0.0011154748499393463,0.00040343578439205885,-0.03572066128253937,0.05092263221740723,0.4583333432674408,0.5416666865348816,0.0,0.0,0.0,0.0,0.0,0.0,0.0,0.0011154748499393463,0.4583333432674408,0.5416666865348816,0.0,0.00011154749518027529,1.0,nan,1.0,0.18069756031036377,0.008924740366637707,0.18962229788303375,0.00091
0,decoder.layers.3.blocks.1.attention.self.key,7.99997091293335,13.80823802947998,5.808266639709473,0.00012666441034525633,-0.0004281357687432319,-0.0007401150069199502,0.0009099995950236917,0.453125,0.546875,0.0026881908997893333,0.000684504397213459,-0.03266916051506996,0.13276374340057373,0.453125,0.546875,0.0,0.0,0.0,0.0,0.0,0.0,0.0,0.0026881908997893333,0.453125,0.546875,0.0,0.0002688191016204655,1.0,nan,1.0,0.18069756031036377,0.008924740366637707,0.18962229788303375,0.00091
0,decoder.layers.3.blocks.1.attention.self.value,7.999967098236084,13.547297477722168,5.547329902648926,0.00018332705076318234,-0.0003676496271509677,-0.0006048204377293587,0.000910000060684979,0.46875,0.53125,0.0036544455215334892,0.0036185812205076218,-0.2826700806617737,0.3090638220310211,0.46875,0.53125,0.0,0.0,0.0,0.0,0.0,0.0,0.0,0.0036544455215334892,0.46875,0.53125,0.0,0.00036544454633258283,1.0,nan,1.0,0.18069756031036377,0.008924740366637707,0.18962229788303375,0.00091
0,decoder.layers.3.blocks.1.attention.output.dense,7.999959945678711,14.3614501953125,6.3614912033081055,9.748609591042623e-05,-0.0003309193125460297,-0.0009099994204007089,0.000910000002477318,0.3958333432674408,0.6041666865348816,0.012361040338873863,0.003949802368879318,-0.14937454462051392,1.0152517557144165,0.3958333432674408,0.6041666865348816,0.0,0.0,0.0,0.0,0.0,0.0,0.0,0.012361040338873863,0.3958333432674408,0.6041666865348816,0.0,0.0012361039407551289,1.0,nan,1.0,0.18069756031036377,0.008924740366637707,0.18962229788303375,0.00091
0,decoder.layers.3.blocks.1.intermediate.dense,7.997659206390381,11.273612022399902,3.2759528160095215,0.0002095088711939752,-2.2702909063809784e-06,-0.0009099995950236917,0.000910000002477318,0.4544270932674408,0.5455729365348816,0.0033866465091705322,7.400025060633197e-05,-0.18804872035980225,0.2902982532978058,0.4544270932674408,0.5455729365348816,0.0,0.0,0.0,0.0,0.0,0.0,0.0,0.0033866465091705322,0.4544270932674408,0.5455729365348816,0.0,0.00033866462763398886,1.0,nan,1.0,0.18069756031036377,0.008924740366637707,0.18962229788303375,0.00091
0,decoder.layers.3.blocks.1.output.dense,7.999946594238281,13.786940574645996,5.786993026733398,0.00022276390518527478,-0.00022562095546163619,-0.00048410810995846987,0.000910000002477318,0.4322916865348816,0.5677083730697632,0.016098368912935257,0.0040155681781470776,-0.13772518932819366,1.9961988925933838,0.4322916865348816,0.5677083730697632,0.0,0.0,0.0,0.0,0.0,0.0,0.0,0.016098368912935257,0.4322916865348816,0.5677083730697632,0.0,0.0016098369378596544,1.0,nan,1.0,0.18069756031036377,0.008924740366637707,0.18962229788303375,0.00091
0,decoder.layers.3.blocks.2.attention.self.continuous_position_bias_mlp.0,7.999955177307129,8.52911376953125,0.5291592478752136,-2.2993255697656423e-05,-6.051635500625707e-05,-0.0009099980816245079,0.0009099980816245079,0.46484375,0.51953125,8.166964835254475e-05,1.1298857849340038e-08,-0.00546965142711997,0.005098313093185425,0.46484375,0.51953125,0.0,0.0,0.0,0.0,0.0,0.0,0.0,8.166964835254475e-05,0.46484375,0.51953125,0.0,8.166965017153416e-06,1.0,nan,1.0,0.18069756031036377,0.008924740366637707,0.18962229788303375,0.00091
0,decoder.layers.3.blocks.2.attention.self.continuous_position_bias_mlp.2,7.999998092651367,7.933448314666748,-0.0665496215224266,0.00030333324684761465,0.0009099990129470825,-0.0009099990129470825,0.0009099997114390135,0.6666666865348816,0.3333333432674408,-0.007279062177985907,-0.0049132597632706165,-0.027138933539390564,0.010215007700026035,0.6666666865348816,0.3333333432674408,0.0,0.0,0.0,0.0,0.0,0.0,0.0,-0.007279062177985907,0.6666666865348816,0.3333333432674408,0.0,-0.000727906241081655,1.0,nan,1.0,0.18069756031036377,0.008924740366637707,0.18962229788303375,0.00091
0,decoder.layers.3.blocks.2.attention.self.query,7.999972343444824,13.409515380859375,5.409542083740234,0.00017653130635153502,-0.00041098042856901884,-0.0007332573877647519,0.0009099996532313526,0.484375,0.515625,-0.00012707660789601505,0.00010459701297804713,-0.02244502678513527,0.017022565007209778,0.484375,0.515625,0.0,0.0,0.0,0.0,0.0,0.0,0.0,-0.00012707660789601505,0.484375,0.515625,0.0,-1.270766369998455e-05,1.0,nan,1.0,0.18069756031036377,0.008924740366637707,0.18962229788303375,0.00091
0,decoder.layers.3.blocks.2.attention.self.key,7.999971389770508,13.261127471923828,5.261155605316162,0.00019211959443055093,-0.00037333014188334346,-0.0006418821285478771,0.0009099994786083698,0.4947916865348816,0.5052083730697632,0.0004862388304900378,8.578906999900937e-05,-0.021132219582796097,0.023429086431860924,0.4947916865348816,0.5052083730697632,0.0,0.0,0.0,0.0,0.0,0.0,0.0,0.0004862388304900378,0.4947916865348816,0.5052083730697632,0.0,4.862388232140802e-05,1.0,nan,1.0,0.18069756031036377,0.008924740366637707,0.18962229788303375,0.00091
0,decoder.layers.3.blocks.2.attention.self.value,7.999965667724609,13.455290794372559,5.455325126647949,0.00020762858912348747,-0.00032944604754447937,-0.000509228790178895,0.0009099999442696571,0.4739583432674408,0.5260416865348816,0.004543201997876167,0.0014267305377870798,-0.2130044400691986,0.14309117197990417,0.4739583432674408,0.5260416865348816,0.0,0.0,0.0,0.0,0.0,0.0,0.0,0.004543201997876167,0.4739583432674408,0.5260416865348816,0.0,0.00045432019396685064,1.0,nan,1.0,0.18069756031036377,0.008924740366637707,0.18962229788303375,0.00091
0,decoder.layers.3.blocks.2.attention.output.dense,7.999959468841553,13.234332084655762,5.234372615814209,0.00022145539696794003,-0.00013807229697704315,-0.0009099876042455435,0.000910000002477318,0.484375,0.515625,0.0007967145647853613,0.0005007525905966759,-0.23624981939792633,0.19126978516578674,0.484375,0.515625,0.0,0.0,0.0,0.0,0.0,0.0,0.0,0.0007967145647853613,0.484375,0.515625,0.0,7.967148849274963e-05,1.0,nan,1.0,0.18069756031036377,0.008924740366637707,0.18962229788303375,0.00091
0,decoder.layers.3.blocks.2.intermediate.dense,7.990331172943115,10.438750267028809,2.4484195709228516,8.715264266356826e-05,-4.103403625776991e-07,-0.0009099991875700653,0.0009099996532313526,0.4817708432674408,0.5182291865348816,0.0007050613639876246,9.067845894605853e-06,-0.031892143189907074,0.04685182869434357,0.4817708432674408,0.5182291865348816,0.0,0.0,0.0,0.0,0.0,0.0,0.0,0.0007050613639876246,0.4817708432674408,0.5182291865348816,0.0,7.050613930914551e-05,1.0,nan,1.0,0.18069756031036377,0.008924740366637707,0.18962229788303375,0.00091
0,decoder.layers.3.blocks.2.output.dense,7.9999494552612305,12.868169784545898,4.86821985244751,0.0002933634095825255,-0.0001297562412219122,-0.0007832733681425452,0.0009099998860619962,0.5,0.5,0.0017225340707227588,-9.235297329723835e-05,-0.08512388914823532,0.15612265467643738,0.5,0.5,0.0,0.0,0.0,0.0,0.0,0.0,0.0,0.0017225340707227588,0.5,0.5,0.0,0.00017225343617610633,1.0,nan,1.0,0.18069756031036377,0.008924740366637707,0.18962229788303375,0.00091
0,decoder.layers.3.blocks.3.attention.self.continuous_position_bias_mlp.0,7.999926567077637,9.328388214111328,1.3284618854522705,4.254882151144557e-05,-2.447053702780977e-05,-0.0009099987801164389,0.0009099980816245079,0.478515625,0.509765625,4.945446926285513e-05,2.0075574536093654e-10,-0.005177867133170366,0.0067880176939070225,0.478515625,0.509765625,0.0,0.0,0.0,0.0,0.0,0.0,0.0,4.945446926285513e-05,0.478515625,0.509765625,0.0,4.945446562487632e-06,1.0,nan,1.0,0.18069756031036377,0.008924740366637707,0.18962229788303375,0.00091
0,decoder.layers.3.blocks.3.attention.self.continuous_position_bias_mlp.2,7.999998092651367,8.127252578735352,0.1272546499967575,-0.00030333641916513443,-0.0009099999442696571,-0.0009099999442696571,0.000909990631043911,0.3333333432674408,0.6666666865348816,0.020837612450122833,0.02389838919043541,-0.000978432479314506,0.03959287703037262,0.3333333432674408,0.6666666865348816,0.0,0.0,0.0,0.0,0.0,0.0,0.0,0.020837612450122833,0.3333333432674408,0.6666666865348816,0.0,0.002083761151880026,1.0,nan,1.0,0.18069756031036377,0.008924740366637707,0.18962229788303375,0.00091
0,decoder.layers.3.blocks.3.attention.self.query,7.999972343444824,13.080660820007324,5.0806884765625,0.00020902324467897415,0.0009099586168304086,-0.0006801833515055478,0.0009099990129470825,0.5104166865348816,0.4895833432674408,-2.498202957212925e-05,-0.0002726743696257472,-0.00899472739547491,0.012305134907364845,0.5104166865348816,0.4895833432674408,0.0,0.0,0.0,0.0,0.0,0.0,0.0,-2.498202957212925e-05,0.5104166865348816,0.4895833432674408,0.0,-2.498202547940309e-06,1.0,nan,1.0,0.18069756031036377,0.008924740366637707,0.18962229788303375,0.00091
0,decoder.layers.3.blocks.3.attention.self.key,7.999972343444824,14.389753341674805,6.389781951904297,7.200705294962972e-05,-0.0004658127436414361,-0.0006301786052063107,0.000909999362193048,0.4114583432674408,0.5885416865348816,0.0008010633173398674,0.001009694067761302,-0.013763731345534325,0.025975747033953667,0.4114583432674408,0.5885416865348816,0.0,0.0,0.0,0.0,0.0,0.0,0.0,0.0008010633173398674,0.4114583432674408,0.5885416865348816,0.0,8.010632882360369e-05,1.0,nan,1.0,0.18069756031036377,0.008924740366637707,0.18962229788303375,0.00091
0,decoder.layers.3.blocks.3.attention.self.value,7.999965190887451,13.728225708007812,5.728261947631836,0.00018291320884600282,-0.00036170007660984993,-0.0005048054736107588,0.000910000002477318,0.453125,0.546875,0.007347423583269119,0.005746568087488413,-0.32261520624160767,0.2879076302051544,0.453125,0.546875,0.0,0.0,0.0,0.0,0.0,0.0,0.0,0.007347423583269119,0.453125,0.546875,0.0,0.0007347423816099763,1.0,nan,1.0,0.18069756031036377,0.008924740366637707,0.18962229788303375,0.00091
0,decoder.layers.3.blocks.3.attention.output.dense,7.999957084655762,13.620409965515137,5.620453834533691,0.00017085217405110598,-0.00029520117095671594,-0.0009099984308704734,0.000910000002477318,0.4427083432674408,0.5572916865348816,0.006508121266961098,0.0014554723165929317,-0.8145713806152344,0.398984432220459,0.4427083432674408,0.5572916865348816,0.0,0.0,0.0,0.0,0.0,0.0,0.0,0.006508121266961098,0.4427083432674408,0.5572916865348816,0.0,0.0006508122896775603,1.0,nan,1.0,0.18069756031036377,0.008924740366637707,0.18962229788303375,0.00091
0,decoder.layers.3.blocks.3.intermediate.dense,7.99510383605957,11.162965774536133,3.1678614616394043,0.00013851502444595098,-7.654683145119634e-07,-0.0009099996532313526,0.0009099999442696571,0.4700520932674408,0.5299479365348816,0.0014666151255369186,2.4018288968363777e-05,-0.09601199626922607,0.12639635801315308,0.4700520932674408,0.5299479365348816,0.0,0.0,0.0,0.0,0.0,0.0,0.0,0.0014666151255369186,0.4700520932674408,0.5299479365348816,0.0,0.000146661521284841,1.0,nan,1.0,0.18069756031036377,0.008924740366637707,0.18962229788303375,0.00091
0,decoder.layers.3.blocks.3.output.dense,7.999949932098389,12.839101791381836,4.839151382446289,0.0003136688028462231,0.0009099706658162177,-0.0005354322493076324,0.0009099999442696571,0.5052083730697632,0.4947916865348816,0.003238924778997898,-0.0003211261937394738,-0.14657528698444366,0.3669074475765228,0.5052083730697632,0.4947916865348816,0.0,0.0,0.0,0.0,0.0,0.0,0.0,0.003238924778997898,0.5052083730697632,0.4947916865348816,0.0,0.00032389257103204727,1.0,nan,1.0,0.18069756031036377,0.008924740366637707,0.18962229788303375,0.00091
0,decoder.layers.3.blocks.4.attention.self.continuous_position_bias_mlp.0,7.999921798706055,8.705530166625977,0.7056083679199219,6.984387437114492e-05,7.65318691264838e-06,-0.0009099980816245079,0.0009099990129470825,0.51953125,0.47265625,-5.324931407812983e-06,-8.558409536618683e-11,-0.007974375039339066,0.004530926235020161,0.51953125,0.47265625,0.0,0.0,0.0,0.0,0.0,0.0,0.0,-5.324931407812983e-06,0.51953125,0.47265625,0.0,-5.324934591044439e-07,1.0,nan,1.0,0.18069756031036377,0.008924740366637707,0.18962229788303375,0.00091
0,decoder.layers.3.blocks.4.attention.self.continuous_position_bias_mlp.2,7.999997615814209,8.251765251159668,0.2517671585083008,-0.0009099972667172551,-0.0009099980816245079,-0.0009099997114390135,-0.0009099938906729221,0.0,1.0,0.009677303954958916,0.005174711812287569,0.0015209581470116973,0.022336240857839584,0.0,1.0,0.0,0.0,0.0,0.0,0.0,0.0,0.0,0.009677303954958916,0.0,1.0,0.0,0.0009677304769866168,1.0,nan,1.0,0.18069756031036377,0.008924740366637707,0.18962229788303375,0.00091
0,decoder.layers.3.blocks.4.attention.self.query,7.999969005584717,13.914405822753906,5.914437770843506,0.00012625724775716662,-0.0003637325717136264,-0.0007404217030853033,0.000909999362193048,0.4427083432674408,0.5572916865348816,0.0005199472070671618,0.0005312974099069834,-0.015455624088644981,0.01871802657842636,0.4427083432674408,0.5572916865348816,0.0,0.0,0.0,0.0,0.0,0.0,0.0,0.0005199472070671618,0.4427083432674408,0.5572916865348816,0.0,5.199472070671618e-05,1.0,nan,1.0,0.18069756031036377,0.008924740366637707,0.18962229788303375,0.00091
0,decoder.layers.3.blocks.4.attention.self.key,7.999969482421875,13.587165832519531,5.587195873260498,0.00016980536747723818,-0.0003860068682115525,-0.0007146287243813276,0.0009099995950236917,0.46875,0.53125,0.000626766006462276,0.000352262519299984,-0.021137308329343796,0.023831846192479134,0.46875,0.53125,0.0,0.0,0.0,0.0,0.0,0.0,0.0,0.000626766006462276,0.46875,0.53125,0.0,6.267659773584455e-05,1.0,nan,1.0,0.18069756031036377,0.008924740366637707,0.18962229788303375,0.00091
0,decoder.layers.3.blocks.4.attention.self.value,7.999964714050293,13.72184944152832,5.721884727478027,0.0001843009958975017,-0.0003127914678771049,-0.000529651006218046,0.0009099999442696571,0.453125,0.546875,0.005717372056096792,0.0023340806365013123,-0.14686870574951172,0.38943496346473694,0.453125,0.546875,0.0,0.0,0.0,0.0,0.0,0.0,0.0,0.005717372056096792,0.453125,0.546875,0.0,0.0005717372987419367,1.0,nan,1.0,0.18069756031036377,0.008924740366637707,0.18962229788303375,0.00091
0,decoder.layers.3.blocks.4.attention.output.dense,7.999961853027344,13.076757431030273,5.0767951011657715,0.00024393349303863943,-0.0001135727361543104,-0.0008109648479148746,0.000910000060684979,0.5,0.5,0.0028984067030251026,-2.6832567527890205e-05,-0.7413785457611084,0.7585475444793701,0.5,0.5,0.0,0.0,0.0,0.0,0.0,0.0,0.0,0.0028984067030251026,0.5,0.5,0.0,0.0002898405946325511,1.0,nan,1.0,0.18069756031036377,0.008924740366637707,0.18962229788303375,0.00091
0,decoder.layers.3.blocks.4.intermediate.dense,7.999874114990234,13.240473747253418,5.2406005859375,0.00020417878113221377,-0.0002309544652234763,-0.0009099994786083698,0.0009099998278543353,0.47265625,0.52734375,0.0011016882490366697,0.0002035200595855713,-0.04363812878727913,0.05269051343202591,0.47265625,0.52734375,0.0,0.0,0.0,0.0,0.0,0.0,0.0,0.0011016882490366697,0.47265625,0.52734375,0.0,0.00011016882490366697,1.0,nan,1.0,0.18069756031036377,0.008924740366637707,0.18962229788303375,0.00091
0,decoder.layers.3.blocks.4.output.dense,7.9999518394470215,12.943288803100586,4.94333553314209,0.0002751048596110195,-0.00010954959725495428,-0.0008078584796749055,0.000910000060684979,0.5,0.5,-0.0007871121633797884,-0.00010539352660998702,-0.1915404498577118,0.10987182706594467,0.5,0.5,0.0,0.0,0.0,0.0,0.0,0.0,0.0,-0.0007871121633797884,0.5,0.5,0.0,-7.871124398661777e-05,1.0,nan,1.0,0.18069756031036377,0.008924740366637707,0.18962229788303375,0.00091
0,decoder.layers.3.blocks.5.attention.self.continuous_position_bias_mlp.0,7.999948501586914,9.501495361328125,1.50154709815979,-4.237805478624068e-05,-0.00022065047232899815,-0.0009099990129470825,0.0009099990129470825,0.435546875,0.548828125,0.000162163472850807,5.269849862088449e-05,-0.008155434392392635,0.010259050875902176,0.435546875,0.548828125,0.0,0.0,0.0,0.0,0.0,0.0,0.0,0.000162163472850807,0.435546875,0.548828125,0.0,1.6216348740272224e-05,1.0,nan,1.0,0.18069756031036377,0.008924740366637707,0.18962229788303375,0.00091
0,decoder.layers.3.blocks.5.attention.self.continuous_position_bias_mlp.2,7.999997138977051,7.76641845703125,-0.23357820510864258,0.0009099977905862033,0.0009099980816245079,0.0009099952876567841,0.0009099999442696571,1.0,0.0,-0.017536776140332222,-0.004671876318752766,-0.046142905950546265,-0.00179554324131459,1.0,0.0,0.0,0.0,0.0,0.0,0.0,0.0,0.0,-0.017536776140332222,1.0,0.0,0.0,-0.0017536776140332222,1.0,nan,1.0,0.18069756031036377,0.008924740366637707,0.18962229788303375,0.00091
0,decoder.layers.3.blocks.5.attention.self.query,7.99997091293335,13.329379081726074,5.329408645629883,0.00017802865477278829,-0.00032950882450677454,-0.0008645193302072585,0.0009099998860619962,0.4895833432674408,0.5104166865348816,-0.0010652714408934116,5.671655526384711e-05,-0.05677494406700134,0.020999858155846596,0.4895833432674408,0.5104166865348816,0.0,0.0,0.0,0.0,0.0,0.0,0.0,-0.0010652714408934116,0.4895833432674408,0.5104166865348816,0.0,-0.00010652714263414964,1.0,nan,1.0,0.18069756031036377,0.008924740366637707,0.18962229788303375,0.00091
0,decoder.layers.3.blocks.5.attention.self.key,7.999970436096191,13.470858573913574,5.470887660980225,0.00017628171190153807,-0.00035469504655338824,-0.0008789821295067668,0.0009099997696466744,0.4791666865348816,0.5208333730697632,-0.0002469249884597957,0.00025772477965801954,-0.04047640040516853,0.04173731431365013,0.4791666865348816,0.5208333730697632,0.0,0.0,0.0,0.0,0.0,0.0,0.0,-0.0002469249884597957,0.4791666865348816,0.5208333730697632,0.0,-2.4692501028766856e-05,1.0,nan,1.0,0.18069756031036377,0.008924740366637707,0.18962229788303375,0.00091
0,decoder.layers.3.blocks.5.attention.self.value,7.999967098236084,13.390790939331055,5.3908233642578125,0.0002062497369479388,-0.0003366348391864449,-0.0005850674933753908,0.0009099999442696571,0.4791666865348816,0.5208333730697632,0.003384807612746954,0.0028525562956929207,-0.22371044754981995,0.3284410834312439,0.4791666865348816,0.5208333730697632,0.0,0.0,0.0,0.0,0.0,0.0,0.0,0.003384807612746954,0.4791666865348816,0.5208333730697632,0.0,0.00033848086604848504,1.0,nan,1.0,0.18069756031036377,0.008924740366637707,0.18962229788303375,0.00091
0,decoder.layers.3.blocks.5.attention.output.dense,7.9999613761901855,13.26727294921875,5.267313003540039,0.00022019038442522287,-0.0001555923226987943,-0.000805624877102673,0.0009099999442696571,0.484375,0.515625,-0.0070173973217606544,0.0007287177722901106,-0.2577468454837799,0.21663375198841095,0.484375,0.515625,0.0,0.0,0.0,0.0,0.0,0.0,0.0,-0.0070173973217606544,0.484375,0.515625,0.0,-0.0007017396856099367,1.0,nan,1.0,0.18069756031036377,0.008924740366637707,0.18962229788303375,0.00091
0,decoder.layers.3.blocks.5.intermediate.dense,7.999965667724609,14.217283248901367,6.2173171043396,0.00010590997408144176,-0.0003091889666393399,-0.0009099991293624043,0.0009099998278543353,0.4166666865348816,0.5833333730697632,0.006780252791941166,0.0031877122819423676,-0.12350168079137802,0.48989051580429077,0.4166666865348816,0.5833333730697632,0.0,0.0,0.0,0.0,0.0,0.0,0.0,0.006780252791941166,0.4166666865348816,0.5833333730697632,0.0,0.000678025302477181,1.0,nan,1.0,0.18069756031036377,0.008924740366637707,0.18962229788303375,0.00091
0,decoder.layers.3.blocks.5.output.dense,7.999959945678711,14.886800765991211,6.886839866638184,9.016662079375237e-05,-0.00030192823032848537,-0.0006454797694459558,0.0009099999442696571,0.3645833432674408,0.6354166865348816,0.0266236811876297,0.002039865357801318,-0.3313928246498108,0.666651725769043,0.3645833432674408,0.6354166865348816,0.0,0.0,0.0,0.0,0.0,0.0,0.0,0.0266236811876297,0.3645833432674408,0.6354166865348816,0.0,0.00266236811876297,1.0,nan,1.0,0.18069756031036377,0.008924740366637707,0.18962229788303375,0.00091
0,decoder.layers.3.blocks.6.attention.self.continuous_position_bias_mlp.0,7.999777793884277,9.085315704345703,1.0855381488800049,6.640253559453413e-05,0.0,-0.0009099983144551516,0.0009099995950236917,0.49609375,0.494140625,-8.946718298830092e-05,0.0,-0.017325568944215775,0.012309631332755089,0.49609375,0.494140625,0.0,0.0,0.0,0.0,0.0,0.0,0.0,-8.946718298830092e-05,0.49609375,0.494140625,0.0,-8.94671757123433e-06,1.0,nan,1.0,0.18069756031036377,0.008924740366637707,0.18962229788303375,0.00091
0,decoder.layers.3.blocks.6.attention.self.continuous_position_bias_mlp.2,7.999993324279785,8.142047882080078,0.14205503463745117,0.0003033331595361233,0.0009099994786083698,-0.0009099998278543353,0.0009099998278543353,0.6666666865348816,0.3333333432674408,0.022877611219882965,-0.01888728328049183,-0.04903348535299301,0.1365536004304886,0.6666666865348816,0.3333333432674408,0.0,0.0,0.0,0.0,0.0,0.0,0.0,0.022877611219882965,0.6666666865348816,0.3333333432674408,0.0,0.002287760842591524,1.0,nan,1.0,0.18069756031036377,0.008924740366637707,0.18962229788303375,0.00091
0,decoder.layers.3.blocks.6.attention.self.query,7.9999542236328125,14.192347526550293,6.192391872406006,0.0001698095875326544,-0.000228129792958498,-0.000684382626786828,0.000910000060684979,0.4114583432674408,0.5885416865348816,0.1463567018508911,0.0022763225715607405,-1.0444689989089966,2.8130459785461426,0.4114583432674408,0.5885416865348816,0.0,0.0,0.0,0.0,0.0,0.0,0.0,0.1463567018508911,0.4114583432674408,0.5885416865348816,0.0,0.014635670930147171,1.0,nan,1.0,0.18069756031036377,0.008924740366637707,0.18962229788303375,0.00091
0,decoder.layers.3.blocks.6.attention.self.key,7.999963283538818,13.99763011932373,5.9976654052734375,0.00011303877545287833,-0.0002831759047694504,-0.0009099992457777262,0.0009099998278543353,0.421875,0.578125,0.0016300625866279006,0.0010378278093412519,-0.07262842357158661,0.13122360408306122,0.421875,0.578125,0.0,0.0,0.0,0.0,0.0,0.0,0.0,0.0016300625866279006,0.421875,0.578125,0.0,0.00016300623246934265,1.0,nan,1.0,0.18069756031036377,0.008924740366637707,0.18962229788303375,0.00091
0,decoder.layers.3.blocks.6.attention.self.value,7.999956130981445,14.25805950164795,6.258103847503662,0.00013857932935934514,-0.0002109992055920884,-0.0006941781030036509,0.000910000060684979,0.40625,0.59375,0.02626708149909973,0.01738550513982773,-0.3878059983253479,0.5867480635643005,0.40625,0.59375,0.0,0.0,0.0,0.0,0.0,0.0,0.0,0.02626708149909973,0.40625,0.59375,0.0,0.0026267077773809433,1.0,nan,1.0,0.18069756031036377,0.008924740366637707,0.18962229788303375,0.00091
0,decoder.layers.3.blocks.6.attention.output.dense,7.99995756149292,12.850810050964355,4.850852012634277,0.00028087172540836036,0.0009099868475459516,-0.0006659578066319227,0.000910000060684979,0.5104166865348816,0.4895833432674408,0.007926667109131813,-0.0007824773201718926,-0.6767199635505676,1.0774681568145752,0.5104166865348816,0.4895833432674408,0.0,0.0,0.0,0.0,0.0,0.0,0.0,0.007926667109131813,0.5104166865348816,0.4895833432674408,0.0,0.0007926666876301169,1.0,nan,1.0,0.18069756031036377,0.008924740366637707,0.18962229788303375,0.00091
0,decoder.layers.3.blocks.6.intermediate.dense,7.999972820281982,13.774592399597168,5.774620056152344,7.074218592606485e-05,-0.00041696830885484815,-0.0009099997114390135,0.0009099996532313526,0.43359375,0.56640625,0.0023442208766937256,0.0011812194716185331,-0.025357462465763092,0.05377388745546341,0.43359375,0.56640625,0.0,0.0,0.0,0.0,0.0,0.0,0.0,0.0023442208766937256,0.43359375,0.56640625,0.0,0.00023442209931090474,1.0,nan,1.0,0.18069756031036377,0.008924740366637707,0.18962229788303375,0.00091
0,decoder.layers.3.blocks.6.output.dense,7.9999542236328125,14.050430297851562,6.050477504730225,0.00017958285752683878,-0.00026415131287649274,-0.0009099965682253242,0.0009099998860619962,0.4166666865348816,0.5833333730697632,0.008225862868130207,0.000725346093531698,-0.08027760684490204,0.19233985245227814,0.4166666865348816,0.5833333730697632,0.0,0.0,0.0,0.0,0.0,0.0,0.0,0.008225862868130207,0.4166666865348816,0.5833333730697632,0.0,0.0008225863566622138,1.0,nan,1.0,0.18069756031036377,0.008924740366637707,0.18962229788303375,0.00091
0,decoder.layers.3.blocks.7.attention.self.continuous_position_bias_mlp.0,7.999926567077637,8.803590774536133,0.8036643266677856,2.6165173039771616e-05,0.0,-0.0009099994786083698,0.0009099990129470825,0.490234375,0.484375,7.081457442836836e-05,0.0,-0.013802919536828995,0.019358988851308823,0.490234375,0.484375,0.0,0.0,0.0,0.0,0.0,0.0,0.0,7.081457442836836e-05,0.490234375,0.484375,0.0,7.081455805746373e-06,1.0,nan,1.0,0.18069756031036377,0.008924740366637707,0.18962229788303375,0.00091
0,decoder.layers.3.blocks.7.attention.self.continuous_position_bias_mlp.2,7.999995231628418,8.360243797302246,0.3602480888366699,-0.00030333385802805424,-0.0009099997114390135,-0.0009099999442696571,0.0009099980816245079,0.3333333432674408,0.6666666865348816,0.05848109722137451,0.02620525099337101,-0.005082101561129093,0.1543201506137848,0.3333333432674408,0.6666666865348816,0.0,0.0,0.0,0.0,0.0,0.0,0.0,0.05848109722137451,0.3333333432674408,0.6666666865348816,0.0,0.005848109722137451,1.0,nan,1.0,0.18069756031036377,0.008924740366637707,0.18962229788303375,0.00091
0,decoder.layers.3.blocks.7.attention.self.query,7.999969482421875,13.110723495483398,5.110753536224365,0.0002181466406909749,0.0009094941196963191,-0.0007068804698064923,0.0009099998860619962,0.5052083730697632,0.4947916865348816,0.0006353553617373109,-7.967336568981409e-05,-0.06780973076820374,0.05934399738907814,0.5052083730697632,0.4947916865348816,0.0,0.0,0.0,0.0,0.0,0.0,0.0,0.0006353553617373109,0.5052083730697632,0.4947916865348816,0.0,6.35355245321989e-05,1.0,nan,1.0,0.18069756031036377,0.008924740366637707,0.18962229788303375,0.00091
0,decoder.layers.3.blocks.7.attention.self.key,7.999968528747559,12.580482482910156,4.580514907836914,0.00027428247267380357,0.000909987953491509,-0.0008161396253854036,0.0009099999442696571,0.5416666865348816,0.4583333432674408,-0.0031441543251276016,-0.0007932038279250264,-0.18690143525600433,0.04052365571260452,0.5416666865348816,0.4583333432674408,0.0,0.0,0.0,0.0,0.0,0.0,0.0,-0.0031441543251276016,0.5416666865348816,0.4583333432674408,0.0,-0.0003144154907204211,1.0,nan,1.0,0.18069756031036377,0.008924740366637707,0.18962229788303375,0.00091
0,decoder.layers.3.blocks.7.attention.self.value,7.999972343444824,13.136798858642578,5.136826515197754,0.0001629816833883524,-0.0002878059749491513,-0.0009099996532313526,0.000910000060684979,0.5,0.5,0.008682195097208023,-0.00014940486289560795,-0.3826780915260315,0.6501529812812805,0.5,0.5,0.0,0.0,0.0,0.0,0.0,0.0,0.0,0.008682195097208023,0.5,0.5,0.0,0.0008682196494191885,1.0,nan,1.0,0.18069756031036377,0.008924740366637707,0.18962229788303375,0.00091
0,decoder.layers.3.blocks.7.attention.output.dense,7.9999518394470215,13.85608196258545,5.856128692626953,0.0001689589989837259,-0.00017484326963312924,-0.000909999362193048,0.000910000060684979,0.4270833432674408,0.5729166865348816,0.00014035280037205666,0.001386404037475586,-1.1803419589996338,1.5206172466278076,0.4270833432674408,0.5729166865348816,0.0,0.0,0.0,0.0,0.0,0.0,0.0,0.00014035280037205666,0.4270833432674408,0.5729166865348816,0.0,1.4035342246643268e-05,1.0,nan,1.0,0.18069756031036377,0.008924740366637707,0.18962229788303375,0.00091
0,decoder.layers.3.blocks.7.intermediate.dense,7.999971389770508,14.215499877929688,6.2155280113220215,6.342459528241307e-05,-0.00041591282933950424,-0.0009099997114390135,0.0009099999442696571,0.4114583432674408,0.5885416865348816,0.005417115055024624,0.001724552595987916,-0.14811059832572937,0.41425207257270813,0.4114583432674408,0.5885416865348816,0.0,0.0,0.0,0.0,0.0,0.0,0.0,0.005417115055024624,0.4114583432674408,0.5885416865348816,0.0,0.0005417114589363337,1.0,nan,1.0,0.18069756031036377,0.008924740366637707,0.18962229788303375,0.00091
0,decoder.layers.3.blocks.7.output.dense,7.999946117401123,14.095629692077637,6.0956830978393555,0.00017262226901948452,-0.0001716653205221519,-0.0008729171822778881,0.0009099999442696571,0.4114583432674408,0.5885416865348816,0.06448547542095184,0.0013979674549773335,-0.08898624032735825,6.085143566131592,0.4114583432674408,0.5885416865348816,0.0,0.0,0.0,0.0,0.0,0.0,0.0,0.06448547542095184,0.4114583432674408,0.5885416865348816,0.0,0.006448547821491957,1.0,nan,1.0,0.18069756031036377,0.008924740366637707,0.18962229788303375,0.00091
0,residual_blocks.0.0.pwconv1,7.9999823570251465,12.762999534606934,4.763017177581787,3.9628197555430233e-05,-0.0006523994961753488,-0.0009099997696466744,0.0009099998278543353,0.4921875,0.5078125,0.00048627401702106,0.00015829375479370356,-0.033978626132011414,0.05635511130094528,0.4921875,0.5078125,0.0,0.0,0.0,0.0,0.0,0.0,0.0,0.00048627401702106,0.4921875,0.5078125,0.0,4.862740388489328e-05,1.0,nan,1.0,0.18069756031036377,0.008924740366637707,0.18962229788303375,0.00091
0,residual_blocks.0.0.pwconv2,7.999847412109375,14.22161865234375,6.221772193908691,-3.6418547097127885e-05,-0.000566558912396431,-0.0009099994204007089,0.0009099997696466744,0.375,0.625,0.006305857561528683,0.0011340905912220478,-0.044848889112472534,0.05654728412628174,0.375,0.625,0.0,0.0,0.0,0.0,0.0,0.0,0.0,0.006305857561528683,0.375,0.625,0.0,0.0006305857677944005,1.0,nan,1.0,0.18069756031036377,0.008924740366637707,0.18962229788303375,0.00091
0,residual_blocks.0.1.pwconv1,7.9999823570251465,12.639997482299805,4.640013694763184,2.4867831598385237e-05,-0.000605509034357965,-0.0009099995950236917,0.0009099998278543353,0.48046875,0.51953125,0.00021540757734328508,0.00024163373745977879,-0.06089821830391884,0.02938813716173172,0.48046875,0.51953125,0.0,0.0,0.0,0.0,0.0,0.0,0.0,0.00021540757734328508,0.48046875,0.51953125,0.0,2.1540759917115793e-05,1.0,nan,1.0,0.18069756031036377,0.008924740366637707,0.18962229788303375,0.00091
0,residual_blocks.0.1.pwconv2,7.999872207641602,13.525758743286133,5.525886058807373,6.167688843561336e-05,-2.329697599634528e-05,-0.0009099999442696571,0.0009099999442696571,0.4427083432674408,0.5572916865348816,0.003079215530306101,3.901793752447702e-05,-0.06648417562246323,0.12392501533031464,0.4427083432674408,0.5572916865348816,0.0,0.0,0.0,0.0,0.0,0.0,0.0,0.003079215530306101,0.4427083432674408,0.5572916865348816,0.0,0.0003079215530306101,1.0,nan,1.0,0.18069756031036377,0.008924740366637707,0.18962229788303375,0.00091
0,residual_blocks.1.0.pwconv1,7.999977111816406,13.426887512207031,5.426910400390625,0.00012142518971813843,-0.0005392683669924736,-0.0009099991293624043,0.0009099999442696571,0.486328125,0.513671875,5.294716538628563e-05,0.00038388348184525967,-0.09284280240535736,0.0753006637096405,0.486328125,0.513671875,0.0,0.0,0.0,0.0,0.0,0.0,0.0,5.294716538628563e-05,0.486328125,0.513671875,0.0,5.294713446346577e-06,1.0,nan,1.0,0.18069756031036377,0.008924740366637707,0.18962229788303375,0.00091
0,residual_blocks.1.0.pwconv2,7.999953269958496,13.483688354492188,5.48373556137085,0.00012086962669854984,-4.80882590636611e-05,-0.0008409417932853103,0.0009099999442696571,0.4765625,0.5234375,0.0010215130168944597,1.5156952031247783e-06,-0.06434112787246704,0.09692110866308212,0.4765625,0.5234375,0.0,0.0,0.0,0.0,0.0,0.0,0.0,0.0010215130168944597,0.4765625,0.5234375,0.0,0.0001021513162413612,1.0,nan,1.0,0.18069756031036377,0.008924740366637707,0.18962229788303375,0.00091
0,residual_blocks.1.1.pwconv1,7.999977111816406,13.42481517791748,5.424837112426758,0.0001233568909810856,-0.0005513901705853641,-0.0009099991875700653,0.0009099999442696571,0.48828125,0.51171875,0.0007332699606195092,0.0004641544073820114,-0.08280778676271439,0.07037338614463806,0.48828125,0.51171875,0.0,0.0,0.0,0.0,0.0,0.0,0.0,0.0007332699606195092,0.48828125,0.51171875,0.0,7.332698442041874e-05,1.0,nan,1.0,0.18069756031036377,0.008924740366637707,0.18962229788303375,0.00091
0,residual_blocks.1.1.pwconv2,7.9999518394470215,13.193536758422852,5.1935834884643555,0.00012788272579200566,-5.256078657112084e-05,-0.0009099997696466744,0.0009099998278543353,0.4921875,0.5078125,0.0020588559564203024,4.293308847991284e-06,-0.06864112615585327,0.083368219435215,0.4921875,0.5078125,0.0,0.0,0.0,0.0,0.0,0.0,0.0,0.0020588559564203024,0.4921875,0.5078125,0.0,0.0002058856189250946,1.0,nan,1.0,0.18069756031036377,0.008924740366637707,0.18962229788303375,0.00091
0,residual_blocks.2.0.pwconv1,7.999974727630615,13.201521873474121,5.201546669006348,0.0001755610282998532,0.000908315705601126,-0.0007589019369333982,0.0009099950548261404,0.5042318105697632,0.4957682490348816,-2.450778993079439e-07,-6.187983672134578e-06,-0.0018607608508318663,0.0018373681232333183,0.5042318105697632,0.4957682490348816,0.0,0.0,0.0,0.0,0.0,0.0,0.0,-2.450778993079439e-07,0.5042318105697632,0.4957682490348816,0.0,-2.4507812668161932e-08,1.0,nan,1.0,0.18069756031036377,0.008924740366637707,0.18962229788303375,0.00091
0,residual_blocks.2.0.pwconv2,7.999919891357422,13.050010681152344,5.0500898361206055,0.0002202547329943627,-5.410949233919382e-05,-0.0008331997087225318,0.0009099979070015252,0.48046875,0.51953125,4.3784952140413225e-05,1.5009985645519919e-06,-0.0041558449156582355,0.0037393062375485897,0.48046875,0.51953125,0.0,0.0,0.0,0.0,0.0,0.0,0.0,4.3784952140413225e-05,0.48046875,0.51953125,0.0,4.3784957597381435e-06,1.0,nan,1.0,0.18069756031036377,0.008924740366637707,0.18962229788303375,0.00091
0,residual_blocks.2.1.pwconv1,7.999974727630615,13.278564453125,5.278589725494385,0.00016704753215890378,-0.00044562233961187303,-0.0008113268995657563,0.0009099941235035658,0.4986979365348816,0.5013021230697632,-2.155587026209105e-06,3.196168108843267e-06,-0.001536490861326456,0.0021391185000538826,0.4986979365348816,0.5013021230697632,0.0,0.0,0.0,0.0,0.0,0.0,0.0,-2.155587026209105e-06,0.4986979365348816,0.5013021230697632,0.0,-2.1555868556788482e-07,1.0,nan,1.0,0.18069756031036377,0.008924740366637707,0.18962229788303375,0.00091
0,residual_blocks.2.1.pwconv2,7.999896049499512,12.427973747253418,4.428078651428223,0.0002966144238598645,0.0008963129366748035,-0.000800203182734549,0.0009099978487938643,0.51953125,0.48046875,-2.1234260202618316e-05,-7.158969310694374e-07,-0.004174069967120886,0.00240315985865891,0.51953125,0.48046875,0.0,0.0,0.0,0.0,0.0,0.0,0.0,-2.1234260202618316e-05,0.51953125,0.48046875,0.0,-2.1234263840597123e-06,1.0,nan,1.0,0.18069756031036377,0.008924740366637707,0.18962229788303375,0.00091
1,encoder.layers.0.blocks.0.attention.self.continuous_position_bias_mlp.0,9.036865234375,7.878838539123535,-1.1580262184143066,-2.3606658942298964e-05,-0.0006719250231981277,-0.0006771645275875926,0.0006771645275875926,0.474609375,0.51953125,2.236617092421511e-06,6.85390205035219e-07,-0.00038942182436585426,0.00038601396954618394,0.451171875,0.53125,-16389.294921875,0.007215218618512154,-683049.0625,17.762845993041992,0.470703125,0.517578125,-1.6389295751650934e-06,-16389.294921875,0.474609375,0.51953125,1.2125596526857407e-08,-1638.929443359375,0.5268389582633972,1.0,1.0,0.24497997760772705,6550.181640625,6550.4267578125,0.00091
1,encoder.layers.0.blocks.0.attention.self.continuous_position_bias_mlp.2,8.09919548034668,8.001426696777344,-0.0977691039443016,-0.00021887532784603536,-0.0006581200286746025,-0.0006725976709276438,0.0006740917451679707,0.3333333432674408,0.6666666865348816,0.0006201890064403415,0.0008556061657145619,0.0001475876779295504,0.0008573730592615902,0.0,1.0,-0.149347722530365,0.013115579262375832,-0.5405431985855103,0.079384446144104,0.3333333432674408,0.6666666865348816,-1.4934772168961885e-11,-0.14872753620147705,0.3333333432674408,0.6666666865348816,5.6291708460776135e-05,-0.014822090975940228,0.6666666865348816,1.0,1.0,0.24497997760772705,6550.181640625,6550.4267578125,0.00091
1,encoder.layers.0.blocks.0.attention.self.query,12.790416717529297,7.319886684417725,-5.4705305099487305,-1.377522676193621e-05,-0.0006733271293342113,-0.0006771638873033226,0.0006771645857952535,0.4895833432674408,0.5104166865348816,-4.870234988629818e-07,-3.373068102519028e-05,-0.007184567861258984,0.004004462156444788,0.5572916865348816,0.4427083432674408,-38681.5546875,0.25775274634361267,-355523.4375,1.9493942260742188,0.4895833432674408,0.5104166865348816,-3.868155545205809e-06,-38681.5546875,0.4895833432674408,0.5104166865348816,7.999444164852321e-07,-3868.15576171875,0.578125,1.0,1.0,0.24497997760772705,6550.181640625,6550.4267578125,0.00091
1,encoder.layers.0.blocks.0.attention.self.key,12.885699272155762,7.308614253997803,-5.577085018157959,1.4489584827970248e-05,0.0006771530606783926,-0.0006771640619263053,0.0006771645275875926,0.5104166865348816,0.4895833432674408,8.951193740358576e-05,-1.773828626028262e-05,-0.005064427852630615,0.007682815659791231,0.5364583730697632,0.4635416865348816,-36967.921875,-26.164262771606445,-298961.125,2.2338809967041016,0.5104166865348816,0.4895833432674408,-3.696792191476561e-06,-36967.921875,0.5104166865348816,0.4895833432674408,6.932622909516795e-06,-3696.79248046875,0.4322916865348816,1.0,1.0,0.24497997760772705,6550.181640625,6550.4267578125,0.00091
1,encoder.layers.0.blocks.0.attention.self.value,12.570865631103516,7.740626335144043,-4.830240249633789,3.099390960414894e-05,0.0006762543926015496,-0.0006771543994545937,0.0006771645275875926,0.5104166865348816,0.4895833432674408,0.007942115887999535,0.0008455847855657339,-0.30122441053390503,0.652252733707428,0.484375,0.515625,-19136.40625,-8.762907981872559,-77351.484375,0.8793490529060364,0.5104166865348816,0.4895833432674408,-1.913640517159365e-06,-19136.3984375,0.5104166865348816,0.4895833432674408,8.619395521236584e-05,-1913.6396484375,0.515625,1.0,1.0,0.24497997760772705,6550.181640625,6550.4267578125,0.00091
1,encoder.layers.0.blocks.0.attention.output.dense,12.198514938354492,6.804083824157715,-5.394431114196777,-2.58407490036916e-05,-0.0006479928269982338,-0.0006771626067347825,0.0006771645275875926,0.4791666865348816,0.5208333730697632,0.0006395551608875394,0.0002709385589696467,-0.17761807143688202,0.17064973711967468,0.453125,0.546875,-70695.703125,0.07501605153083801,-509212.125,2.4778220653533936,0.4791666865348816,0.5208333730697632,-7.069570528983604e-06,-70695.703125,0.4791666865348816,0.5208333730697632,-1.7714977730065584e-05,-7069.56982421875,0.484375,1.0,1.0,0.24497997760772705,6550.181640625,6550.4267578125,0.00091
1,encoder.layers.0.blocks.0.intermediate.dense,13.364428520202637,7.492195129394531,-5.8722333908081055,2.342086736462079e-05,0.0006771639455109835,-0.0006771456683054566,0.0006771645275875926,0.5143229365348816,0.4856770932674408,-0.0003532947157509625,-0.0003571546985767782,-0.07502229511737823,0.10771197825670242,0.5286458730697632,0.4713541865348816,-31006.951171875,-34940.796875,-142975.96875,1.1819404363632202,0.5143229365348816,0.4856770932674408,-3.1006948120193556e-06,-31006.953125,0.5143229365348816,0.4856770932674408,0.00011705467477440834,-3100.6953125,0.4778645932674408,1.0,1.0,0.24497997760772705,6550.181640625,6550.4267578125,0.00091
1,encoder.layers.0.blocks.0.output.dense,13.307302474975586,7.211606025695801,-6.095695495605469,9.324085840489715e-05,0.0006771641201339662,-0.0006771620246581733,0.0006771645857952535,0.5677083730697632,0.4322916865348816,-0.0009261250379495323,-0.00014134860248304904,-0.06563226878643036,0.08862782269716263,0.546875,0.453125,-48609.13671875,-33724.7421875,-425029.8125,2.3384430408477783,0.5677083730697632,0.4322916865348816,-4.860913577431347e-06,-48609.13671875,0.5677083730697632,0.4322916865348816,8.873293700162321e-05,-4860.91357421875,0.4479166865348816,1.0,1.0,0.24497997760772705,6550.181640625,6550.4267578125,0.00091
1,encoder.layers.0.blocks.1.attention.self.continuous_position_bias_mlp.0,9.263949394226074,7.979786396026611,-1.2841633558273315,3.049996666959487e-05,0.0006562196649610996,-0.0006771624321117997,0.0006771645857952535,0.513671875,0.482421875,-8.443521437584423e-07,0.0,-0.0014869559090584517,0.0014182778540998697,0.484375,0.498046875,-12426.21484375,-0.017261028289794922,-659707.6875,7.183062553405762,0.51171875,0.482421875,-1.2426215789673734e-06,-12426.2158203125,0.513671875,0.482421875,1.9238691493228544e-06,-1242.62158203125,0.5149105191230774,1.0,1.0,0.24497997760772705,6550.181640625,6550.4267578125,0.00091
1,encoder.layers.0.blocks.1.attention.self.continuous_position_bias_mlp.2,8.140962600708008,8.017887115478516,-0.12307500839233398,0.0002526476455386728,0.0006677662022411823,-0.0005855648778378963,0.000675741583108902,0.6666666865348816,0.3333333432674408,-0.0035963456612080336,-0.0025466601364314556,-0.009960383176803589,0.001718007493764162,0.6666666865348816,0.3333333432674408,-0.037935223430395126,-0.032851073890924454,-0.12146051973104477,0.04050593078136444,0.6666666865348816,0.3333333432674408,-3.793522353884304e-12,-0.04153156653046608,0.6666666865348816,0.3333333432674408,-7.775457197567448e-05,-0.004223135765641928,0.3333333432674408,1.0,1.0,0.24497997760772705,6550.181640625,6550.4267578125,0.00091
1,encoder.layers.0.blocks.1.attention.self.query,13.453474044799805,7.721551418304443,-5.731922149658203,1.4954404832678847e-05,0.0006771643529646099,-0.0006771479384042323,0.0006771645275875926,0.5104166865348816,0.4895833432674408,9.774733189260587e-05,3.6133278626948595e-06,-0.009428750723600388,0.011353326961398125,0.4947916865348816,0.5052083730697632,-23277.615234375,-37065.078125,-60139.078125,0.7263965010643005,0.5104166865348816,0.4895833432674408,-2.3277616492123343e-06,-23277.615234375,0.5104166865348816,0.4895833432674408,2.6564226573100314e-05,-2327.761474609375,0.4114583432674408,1.0,1.0,0.24497997760772705,6550.181640625,6550.4267578125,0.00091
1,encoder.layers.0.blocks.1.attention.self.key,13.45376205444336,7.61105489730835,-5.842707633972168,2.2228192392503843e-05,0.0006771643529646099,-0.0006771428161300719,0.0006771645275875926,0.515625,0.484375,6.98981384630315e-05,1.657145912759006e-05,-0.010355092585086823,0.014084901660680771,0.4947916865348816,0.5052083730697632,-26597.865234375,-37330.7890625,-83207.578125,0.8987297415733337,0.515625,0.484375,-2.6597867872624192e-06,-26597.865234375,0.515625,0.484375,-5.713675818697084e-06,-2659.78662109375,0.53125,1.0,1.0,0.24497997760772705,6550.181640625,6550.4267578125,0.00091
1,encoder.layers.0.blocks.1.attention.self.value,12.711339950561523,7.413569927215576,-5.2977705001831055,-3.31743030983489e-05,-0.0006046055350452662,-0.0006771485786885023,0.0006771645275875926,0.4635416865348816,0.5364583730697632,-0.002023535780608654,-0.0027611982077360153,-0.2149844467639923,0.16811120510101318,0.5208333730697632,0.4791666865348816,-30228.5546875,0.4405759871006012,-107509.9453125,1.0438545942306519,0.4635416865348816,0.5364583730697632,-3.022855480594444e-06,-30228.55859375,0.4635416865348816,0.5364583730697632,7.141860260162503e-05,-3022.85546875,0.515625,1.0,1.0,0.24497997760772705,6550.181640625,6550.4267578125,0.00091
1,encoder.layers.0.blocks.1.attention.output.dense,13.606803894042969,7.091609954833984,-6.515193939208984,6.967954686842859e-05,0.000677164236549288,-0.0006771625485271215,0.0006771645275875926,0.546875,0.453125,0.001178061356768012,0.0001421588967787102,-0.18685278296470642,0.1133214607834816,0.484375,0.515625,-55138.94921875,-45973.58984375,-293621.6875,1.909997582435608,0.546875,0.453125,-5.5138953030109406e-06,-55138.94921875,0.546875,0.453125,-7.420365000143647e-05,-5513.89453125,0.5416666865348816,1.0,1.0,0.24497997760772705,6550.181640625,6550.4267578125,0.00091
1,encoder.layers.0.blocks.1.intermediate.dense,11.905319213867188,5.44592809677124,-6.459390640258789,1.709538628347218e-05,0.0006771636544726789,-0.000677164236549288,0.0006771645857952535,0.5104166865348816,0.4895833432674408,0.0013043851358816028,-3.768240276258439e-06,-0.30548936128616333,0.2423403263092041,0.5013021230697632,0.4986979365348816,-212787.90625,-43141.8125,-692406.0,3.561307668685913,0.5104166865348816,0.4895833432674408,-2.1278790882206522e-05,-212787.90625,0.5104166865348816,0.4895833432674408,8.380824874620885e-05,-21278.7890625,0.48046875,1.0,1.0,0.24497997760772705,6550.181640625,6550.4267578125,0.00091
1,encoder.layers.0.blocks.1.output.dense,12.582794189453125,6.652976036071777,-5.9298200607299805,-2.907726184275816e-06,-0.0005965142627246678,-0.0006771619664505124,0.0006771645275875926,0.4947916865348816,0.5052083730697632,-0.0015880819410085678,-0.0010901929344981909,-0.5102754235267639,0.2517020106315613,0.5260416865348816,0.4739583432674408,-65856.265625,0.7787132859230042,-332551.03125,2.194274663925171,0.4947916865348816,0.5052083730697632,-6.585627033928176e-06,-65856.265625,0.4947916865348816,0.5052083730697632,0.00015385565347969532,-6585.626953125,0.4895833432674408,1.0,1.0,0.24497997760772705,6550.181640625,6550.4267578125,0.00091
1,encoder.layers.0.blocks.2.attention.self.continuous_position_bias_mlp.0,9.67523193359375,7.847442626953125,-1.8277891874313354,1.8984304915647954e-05,8.082477143034339e-05,-0.0006771644111722708,0.0006771645275875926,0.50390625,0.482421875,1.239169250766281e-06,0.0,-0.000991873093880713,0.0008242630865424871,0.482421875,0.486328125,-23229.2109375,0.0,-688761.6875,18.00836753845215,0.4921875,0.482421875,-2.322920863662148e-06,-23229.2109375,0.50390625,0.482421875,-8.40030736526387e-07,-2322.921142578125,0.5141128897666931,1.0,1.0,0.24497997760772705,6550.181640625,6550.4267578125,0.00091
1,encoder.layers.0.blocks.2.attention.self.continuous_position_bias_mlp.2,7.9704413414001465,7.972296714782715,0.0018547376384958625,-0.00022630079183727503,-0.0006673811003565788,-0.0006771401967853308,0.0006656189216300845,0.3333333432674408,0.6666666865348816,0.00030260690255090594,-0.0006278771325014532,-0.002799566835165024,0.004335264675319195,0.6666666865348816,0.3333333432674408,-0.07071010768413544,0.049664322286844254,-0.36110642552375793,0.09931180626153946,0.3333333432674408,0.6666666865348816,-7.071009576475884e-12,-0.07040748745203018,0.3333333432674408,0.6666666865348816,0.0001706002512946725,-0.006887208204716444,0.0,1.0,1.0,0.24497997760772705,6550.181640625,6550.4267578125,0.00091
1,encoder.layers.0.blocks.2.attention.self.query,13.33228874206543,7.600175380706787,-5.732112884521484,1.7562342691235244e-05,0.0006771630723960698,-0.0006771517801098526,0.0006771645857952535,0.5104166865348816,0.4895833432674408,0.0018055492546409369,-0.00011570792412385345,-0.06162387505173683,0.054273054003715515,0.53125,0.46875,-26506.083984375,-35300.5234375,-79475.6328125,0.785065770149231,0.5104166865348816,0.4895833432674408,-2.6506083941058023e-06,-26506.078125,0.5104166865348816,0.4895833432674408,-2.305385351064615e-06,-2650.60791015625,0.5,1.0,1.0,0.24497997760772705,6550.181640625,6550.4267578125,0.00091
1,encoder.layers.0.blocks.2.attention.self.key,12.455411911010742,7.547902584075928,-4.907509803771973,-7.550672307843342e-05,-0.0006688360590487719,-0.0006771613261662424,0.0006771645275875926,0.4427083432674408,0.5572916865348816,0.00029307149816304445,0.0003953550476580858,-0.05460062995553017,0.04355471208691597,0.453125,0.546875,-23769.740234375,0.4810393452644348,-73140.453125,0.7856600880622864,0.4427083432674408,0.5572916865348816,-2.3769739527779166e-06,-23769.740234375,0.4427083432674408,0.5572916865348816,-2.3670829250477254e-05,-2376.97412109375,0.5,1.0,1.0,0.24497997760772705,6550.181640625,6550.4267578125,0.00091
1,encoder.layers.0.blocks.2.attention.self.value,13.041022300720215,7.556947231292725,-5.484074592590332,-1.0328911230317317e-05,-0.0006122181657701731,-0.0006769174360670149,0.0006771645275875926,0.484375,0.515625,0.0013315704418346286,0.0010595018975436687,-0.19371207058429718,0.10052834451198578,0.4635416865348816,0.5364583730697632,-25994.232421875,0.387098103761673,-93891.171875,0.8794780969619751,0.484375,0.515625,-2.599423169158399e-06,-25994.23046875,0.484375,0.515625,-3.497875513858162e-05,-2599.423095703125,0.4895833432674408,1.0,1.0,0.24497997760772705,6550.181640625,6550.4267578125,0.00091
1,encoder.layers.0.blocks.2.attention.output.dense,13.461404800415039,7.030703544616699,-6.43070125579834,5.98267070017755e-05,0.0006771641783416271,-0.000677148753311485,0.0006771645275875926,0.5416666865348816,0.4583333432674408,-0.003636106848716736,-0.000404295336920768,-0.26666775345802307,0.1273002028465271,0.5364583730697632,0.4635416865348816,-58131.15625,-50027.62890625,-407740.5625,2.2980315685272217,0.5416666865348816,0.4583333432674408,-5.813116331410129e-06,-58131.1640625,0.5416666865348816,0.4583333432674408,0.00016322298324666917,-5813.1162109375,0.515625,1.0,1.0,0.24497997760772705,6550.181640625,6550.4267578125,0.00091
1,encoder.layers.0.blocks.2.intermediate.dense,10.69693660736084,4.044179916381836,-6.652756690979004,3.0582457839045674e-05,0.0006771634216420352,-0.000677164236549288,0.0006771645857952535,0.5182291865348816,0.4817708432674408,0.00013940493226982653,-1.7825441318564117e-05,-0.27995505928993225,0.4275766909122467,0.5052083730697632,0.4947916865348816,-239035.484375,-49731.71875,-689624.3125,4.379354476928711,0.5182291865348816,0.4817708432674408,-2.3903548935777508e-05,-239035.484375,0.5182291865348816,0.4817708432674408,0.00014925548748578876,-23903.55078125,0.4895833432674408,1.0,1.0,0.24497997760772705,6550.181640625,6550.4267578125,0.00091
1,encoder.layers.0.blocks.2.output.dense,12.00013542175293,6.315593242645264,-5.68454122543335,-3.516463766572997e-05,-0.0006363648572005332,-0.0006770326290279627,0.0006771645275875926,0.46875,0.53125,0.005029118619859219,-0.0006767027080059052,-0.4064220190048218,0.36619675159454346,0.5052083730697632,0.4947916865348816,-87772.1875,1.0612903833389282,-494158.65625,2.3485910892486572,0.46875,0.53125,-8.777218681643717e-06,-87772.1796875,0.46875,0.53125,0.0004141651443205774,-8777.2177734375,0.4947916865348816,1.0,1.0,0.24497997760772705,6550.181640625,6550.4267578125,0.00091
1,encoder.layers.0.blocks.3.attention.self.continuous_position_bias_mlp.0,9.036248207092285,7.930845260620117,-1.1054030656814575,-1.7581276551936753e-05,-0.00021717506751883775,-0.0006771605694666505,0.0006771645275875926,0.470703125,0.517578125,1.0042178473668173e-05,3.782613111624755e-12,-0.0018575662979856133,0.0020650930237025023,0.48046875,0.501953125,-11358.57421875,0.011191438883543015,-675575.9375,179187.53125,0.470703125,0.515625,-1.1358574738551397e-06,-11358.5751953125,0.470703125,0.51953125,34.9975700378418,-1104.359619140625,0.47117292881011963,0.998019814491272,0.9980276226997375,0.24497997760772705,6550.181640625,6550.4267578125,0.00091
1,encoder.layers.0.blocks.3.attention.self.continuous_position_bias_mlp.2,8.076759338378906,8.00828742980957,-0.06847143173217773,0.00023899259394966066,0.0005792705342173576,-0.0004523675888776779,0.0005900748074054718,0.6666666865348816,0.3333333432674408,-0.0036749481223523617,-0.0039243996143341064,-0.00777313020080328,0.0006726854480803013,0.6666666865348816,0.3333333432674408,-0.011201086454093456,-0.020000703632831573,-0.043950196355581284,0.030347639694809914,0.6666666865348816,0.3333333432674408,-1.1201086716136621e-12,-0.01487603597342968,0.6666666865348816,0.3333333432674408,4.219083348289132e-05,-0.0014496318763121963,0.3333333432674408,1.0,1.0,0.24497997760772705,6550.181640625,6550.4267578125,0.00091
1,encoder.layers.0.blocks.3.attention.self.query,14.499435424804688,7.637986660003662,-6.8614501953125,0.00012790897744707763,0.0006771644111722708,-0.0006771425250917673,0.0006771645275875926,0.59375,0.40625,0.0002524917363189161,0.0002341224462725222,-0.01607855036854744,0.016904108226299286,0.4375,0.5625,-30010.65234375,-45542.421875,-67028.7734375,0.7031504511833191,0.59375,0.40625,-3.001065124408342e-06,-30010.65234375,0.59375,0.40625,6.926183414179832e-05,-3001.065185546875,0.4375,1.0,1.0,0.24497997760772705,6550.181640625,6550.4267578125,0.00091
1,encoder.layers.0.blocks.3.attention.self.key,12.199336051940918,7.569217205047607,-4.630120277404785,-0.00010438120807521045,-0.000672156922519207,-0.0006771350163035095,0.0006771645275875926,0.421875,0.578125,0.00015027557674329728,-3.5499397199600935e-06,-0.012122600339353085,0.020890410989522934,0.5,0.5,-22050.82421875,0.49340906739234924,-66974.328125,0.7240998148918152,0.421875,0.578125,-2.205082410000614e-06,-22050.82421875,0.421875,0.578125,-4.6097266022115946e-05,-2205.08251953125,0.546875,1.0,1.0,0.24497997760772705,6550.181640625,6550.4267578125,0.00091
1,encoder.layers.0.blocks.3.attention.self.value,13.290698051452637,7.44552755355835,-5.845170021057129,2.4035252863541245e-05,0.0006771636544726789,-0.0006771527696400881,0.0006771645275875926,0.5104166865348816,0.4895833432674408,0.0007351257372647524,0.0007517342455685139,-0.08300410211086273,0.08886278420686722,0.484375,0.515625,-29866.458984375,-47466.9140625,-89002.875,3.0809226036071777,0.5104166865348816,0.4895833432674408,-2.9866457680327585e-06,-29866.45703125,0.5104166865348816,0.4895833432674408,0.00012747946311719716,-2986.6455078125,0.4947916865348816,1.0,1.0,0.24497997760772705,6550.181640625,6550.4267578125,0.00091
1,encoder.layers.0.blocks.3.attention.output.dense,13.457246780395508,7.099626541137695,-6.357619762420654,6.083326297812164e-05,0.0006771641201339662,-0.000677126576192677,0.0006771645275875926,0.5416666865348816,0.4583333432674408,0.002214535605162382,-0.000562633853405714,-0.118244469165802,0.16653883457183838,0.5364583730697632,0.4635416865348816,-51660.46875,-51605.265625,-330403.46875,2.0450568199157715,0.5416666865348816,0.4583333432674408,-5.166047685634112e-06,-51660.46875,0.5416666865348816,0.4583333432674408,0.00019454737775959074,-5166.04736328125,0.484375,1.0,1.0,0.24497997760772705,6550.181640625,6550.4267578125,0.00091
1,encoder.layers.0.blocks.3.intermediate.dense,10.48958969116211,3.8398776054382324,-6.649712562561035,3.6271827411837876e-05,0.0006771636544726789,-0.0006771643529646099,0.0006771645857952535,0.5234375,0.4765625,0.00025370842195115983,-1.229356712428853e-05,-0.27188506722450256,0.2796705663204193,0.50390625,0.49609375,-204454.34375,-43906.9140625,-686849.25,4.89149284362793,0.5234375,0.4765625,-2.044543725787662e-05,-204454.34375,0.5234375,0.4765625,0.00015087905921973288,-20445.435546875,0.4830729365348816,1.0,1.0,0.24497997760772705,6550.181640625,6550.4267578125,0.00091
1,encoder.layers.0.blocks.3.output.dense,12.880098342895508,6.573972702026367,-6.306125164031982,2.5863693736027926e-05,0.000677163596265018,-0.000677153468132019,0.0006771645275875926,0.515625,0.484375,-0.003691625315696001,0.0005141012370586395,-0.3591901361942291,0.2498759925365448,0.4791666865348816,0.5208333730697632,-76777.1796875,-85170.1015625,-400475.28125,2.279064893722534,0.515625,0.484375,-7.6777178037446e-06,-76777.1875,0.515625,0.484375,0.0005833000177517533,-7677.7177734375,0.5572916865348816,1.0,1.0,0.24497997760772705,6550.181640625,6550.4267578125,0.00091
1,encoder.layers.0.blocks.4.attention.self.continuous_position_bias_mlp.0,9.660331726074219,7.817864894866943,-1.8424665927886963,-3.3968399293371476e-06,-4.0284343413077295e-05,-0.0006771639455109835,0.0006771645857952535,0.48828125,0.509765625,9.37452568905428e-06,9.314877388533205e-06,-0.0014569956110790372,0.0009332712506875396,0.462890625,0.533203125,-23820.525390625,0.007091079372912645,-683391.875,9.855314254760742,0.486328125,0.50390625,-2.3820525711926166e-06,-23820.525390625,0.48828125,0.509765625,-5.723754270547943e-08,-2382.052490234375,0.5,1.0,1.0,0.24497997760772705,6550.181640625,6550.4267578125,0.00091
1,encoder.layers.0.blocks.4.attention.self.continuous_position_bias_mlp.2,8.037665367126465,7.999468803405762,-0.03819640725851059,0.00022994913160800934,0.0006409664638340473,-0.0006126156076788902,0.0006614965386688709,0.6666666865348816,0.3333333432674408,-0.004428693559020758,-0.006559046451002359,-0.008616101928055286,0.0018890690989792347,0.6666666865348816,0.3333333432674408,-0.0010254731168970466,-0.02450372464954853,-0.029695045202970505,0.05112235248088837,0.6666666865348816,0.3333333432674408,-1.0254731092063096e-13,-0.005454166792333126,0.6666666865348816,0.3333333432674408,-8.386616536881775e-05,-0.0006208963459357619,1.0,1.0,1.0,0.24497997760772705,6550.181640625,6550.4267578125,0.00091
1,encoder.layers.0.blocks.4.attention.self.query,13.894926071166992,7.6516265869140625,-6.2432990074157715,6.427870539482683e-05,0.0006771644111722708,-0.0006771365297026932,0.0006771645857952535,0.546875,0.453125,9.449329081689939e-05,0.00014666642528027296,-0.006748559884727001,0.013328175991773605,0.4739583432674408,0.5260416865348816,-27057.28125,-43220.67578125,-65630.453125,0.6353792548179626,0.546875,0.453125,-2.705728093133075e-06,-27057.28125,0.546875,0.453125,2.045519431703724e-05,-2705.72802734375,0.5,1.0,1.0,0.24497997760772705,6550.181640625,6550.4267578125,0.00091
1,encoder.layers.0.blocks.4.attention.self.key,13.674177169799805,7.6328229904174805,-6.041354656219482,4.342819011071697e-05,0.0006771643529646099,-0.0006771209300495684,0.0006771645857952535,0.53125,0.46875,0.00025377582642249763,3.6670826375484467e-05,-0.006474118679761887,0.007960813120007515,0.4791666865348816,0.5208333730697632,-26547.6484375,-44276.7421875,-63048.93359375,0.6724345088005066,0.53125,0.46875,-2.6547647848929046e-06,-26547.6484375,0.53125,0.46875,-2.2016247385181487e-06,-2654.76513671875,0.4791666865348816,1.0,1.0,0.24497997760772705,6550.181640625,6550.4267578125,0.00091
1,encoder.layers.0.blocks.4.attention.self.value,13.216924667358398,7.534360408782959,-5.682562828063965,8.80188963492401e-06,-0.000584508990868926,-0.0006770130712538958,0.0006771645275875926,0.5,0.5,-0.001010171603411436,-0.0020444330293685198,-0.11284901946783066,0.06582305580377579,0.5208333730697632,0.4791666865348816,-27089.85546875,-42922.86328125,-71242.328125,0.7006767988204956,0.5,0.5,-2.7089852210337995e-06,-27089.85546875,0.5,0.5,-6.925551133463159e-05,-2708.9853515625,0.4479166865348816,1.0,1.0,0.24497997760772705,6550.181640625,6550.4267578125,0.00091
1,encoder.layers.0.blocks.4.attention.output.dense,12.9447660446167,7.032266139984131,-5.912499904632568,1.0591003047011327e-05,0.0006771639455109835,-0.000677151489071548,0.0006771645857952535,0.5052083730697632,0.4947916865348816,-0.0010752419475466013,-1.4135148376226425e-05,-0.12866760790348053,0.08780939877033234,0.5,0.5,-51104.640625,-34977.15625,-323469.46875,2.065868616104126,0.5052083730697632,0.4947916865348816,-5.11046437168261e-06,-51104.640625,0.5052083730697632,0.4947916865348816,0.00010146135173272341,-5110.46435546875,0.4739583432674408,1.0,1.0,0.24497997760772705,6550.181640625,6550.4267578125,0.00091
1,encoder.layers.0.blocks.4.intermediate.dense,10.207602500915527,4.398699760437012,-5.808903694152832,-2.5330546122859232e-05,-0.0006466790218837559,-0.0006771645275875926,0.0006771645857952535,0.4791666865348816,0.5208333730697632,-9.353947825729847e-05,-6.271162419579923e-06,-0.0693829357624054,0.09928472340106964,0.5052083730697632,0.4947916865348816,-179020.046875,0.39399057626724243,-667184.9375,5.291240215301514,0.4791666865348816,0.5208333730697632,-1.790200622053817e-05,-179020.046875,0.4791666865348816,0.5208333730697632,-3.52193892467767e-05,-17902.005859375,0.4947916865348816,1.0,1.0,0.24497997760772705,6550.181640625,6550.4267578125,0.00091
1,encoder.layers.0.blocks.4.output.dense,12.850382804870605,6.665478706359863,-6.184904098510742,1.758863072609529e-05,0.0006771641783416271,-0.0006771429907530546,0.0006771645857952535,0.5104166865348816,0.4895833432674408,0.003716525388881564,-2.890097675845027e-05,-0.10999473929405212,0.3783354163169861,0.5,0.5,-75520.359375,-55865.78515625,-464583.34375,2.3800230026245117,0.5104166865348816,0.4895833432674408,-7.5520356404013e-06,-75520.34375,0.5104166865348816,0.4895833432674408,-0.00014188856584951282,-7552.03515625,0.4791666865348816,1.0,1.0,0.24497997760772705,6550.181640625,6550.4267578125,0.00091
1,encoder.layers.0.blocks.5.attention.self.continuous_position_bias_mlp.0,8.729209899902344,8.066925048828125,-0.6622840166091919,-3.211376679246314e-06,-2.885786489059683e-05,-0.0006771645275875926,0.0006771645275875926,0.47265625,0.509765625,8.2670921983663e-06,0.0,-0.001094189821742475,0.0010680819395929575,0.482421875,0.490234375,-14842.4091796875,0.00838391575962305,-654540.8125,161.88092041015625,0.470703125,0.50390625,-1.484241010984988e-06,-14842.4091796875,0.47265625,0.509765625,4.778597713084309e-07,-1484.2410888671875,0.4919678568840027,1.0,0.9999999403953552,0.24497997760772705,6550.181640625,6550.4267578125,0.00091
1,encoder.layers.0.blocks.5.attention.self.continuous_position_bias_mlp.2,8.299131393432617,8.087204933166504,-0.21192646026611328,0.0006252799648791552,0.0006251221057027578,0.000610011164098978,0.0006407066248357296,1.0,0.0,0.004584021866321564,0.0015247303526848555,-0.0015888586640357971,0.013816192746162415,0.3333333432674408,0.6666666865348816,-0.04499470442533493,-0.04165470600128174,-0.06431605666875839,-0.029013343155384064,1.0,0.0,-4.499470240837411e-12,-0.04041068255901337,1.0,0.0,0.00034953115391545,-0.003726490307599306,0.3333333432674408,1.0,1.0,0.24497997760772705,6550.181640625,6550.4267578125,0.00091
1,encoder.layers.0.blocks.5.attention.self.query,13.614286422729492,7.641338348388672,-5.972947120666504,3.653452222351916e-05,0.0006771643529646099,-0.0006771322223357856,0.0006771645275875926,0.5260416865348816,0.4739583432674408,-0.0006138493772596121,-0.0002083141152979806,-0.016442876309156418,0.011740319430828094,0.5416666865348816,0.4583333432674408,-26064.2578125,-43618.97265625,-61266.296875,0.6480963230133057,0.5260416865348816,0.4739583432674408,-2.6064258236146998e-06,-26064.2578125,0.5260416865348816,0.4739583432674408,3.392017606529407e-05,-2606.42578125,0.4947916865348816,1.0,1.0,0.24497997760772705,6550.181640625,6550.4267578125,0.00091
1,encoder.layers.0.blocks.5.attention.self.key,13.385738372802734,7.59677791595459,-5.788960933685303,1.5659574273740873e-05,0.0006771643529646099,-0.0006771466578356922,0.0006771645857952535,0.5104166865348816,0.4895833432674408,-0.0004527522251009941,-2.0036764908581972e-05,-0.017182154580950737,0.016154790297150612,0.5052083730697632,0.4947916865348816,-26386.71484375,-43929.10546875,-72642.8984375,0.7548799514770508,0.5104166865348816,0.4895833432674408,-2.6386712761450326e-06,-26386.71484375,0.5104166865348816,0.4895833432674408,-3.3985131722147344e-06,-2638.67138671875,0.484375,1.0,1.0,0.24497997760772705,6550.181640625,6550.4267578125,0.00091
1,encoder.layers.0.blocks.5.attention.self.value,13.279508590698242,7.540142059326172,-5.739367485046387,1.6450350813101977e-05,0.0006771632470190525,-0.0006766677834093571,0.0006771645275875926,0.5052083730697632,0.4947916865348816,0.003183071268722415,0.006310373544692993,-0.11168421804904938,0.10148638486862183,0.4375,0.5625,-27130.3125,-43682.66796875,-79722.5625,0.824787974357605,0.5052083730697632,0.4947916865348816,-2.7130313355883118e-06,-27130.30859375,0.5052083730697632,0.4947916865348816,0.0002476229565218091,-2713.03076171875,0.484375,1.0,1.0,0.24497997760772705,6550.181640625,6550.4267578125,0.00091
1,encoder.layers.0.blocks.5.attention.output.dense,12.988092422485352,7.224038600921631,-5.764052867889404,1.2535039786598645e-05,0.0006769659230485559,-0.0006771269254386425,0.0006771645275875926,0.5052083730697632,0.4947916865348816,0.002540525747463107,0.0006127678789198399,-0.1461026668548584,0.12823110818862915,0.4427083432674408,0.5572916865348816,-44170.23046875,-98.17190551757812,-309232.9375,1.9866297245025635,0.5052083730697632,0.4947916865348816,-4.417023774294648e-06,-44170.23046875,0.5052083730697632,0.4947916865348816,0.0002195255074184388,-4417.02294921875,0.5208333730697632,1.0,1.0,0.24497997760772705,6550.181640625,6550.4267578125,0.00091
1,encoder.layers.0.blocks.5.intermediate.dense,11.382705688476562,5.336151123046875,-6.046553611755371,-7.68714198784437e-06,-0.0006602088105864823,-0.000677164236549288,0.0006771645857952535,0.4934895932674408,0.5065104365348816,0.00022044048819225281,3.4384283935651183e-06,-0.036616936326026917,0.03711303696036339,0.4908854365348816,0.5091146230697632,-167805.28125,0.3530941307544708,-690884.625,4.452079772949219,0.4934895932674408,0.5065104365348816,-1.678052831266541e-05,-167805.28125,0.4934895932674408,0.5065104365348816,-1.1066285878769122e-05,-16780.52734375,0.4713541865348816,1.0,1.0,0.24497997760772705,6550.181640625,6550.4267578125,0.00091
1,encoder.layers.0.blocks.5.output.dense,12.017066955566406,6.881361961364746,-5.13570499420166,-6.225056131370366e-05,-0.0006716146599501371,-0.0006771368789486587,0.0006771645857952535,0.453125,0.546875,-0.0011193309910595417,-0.00040641846135258675,-0.10741519182920456,0.0395892858505249,0.53125,0.46875,-52297.07421875,0.7713246941566467,-323202.0,1.9806047677993774,0.453125,0.546875,-5.229707312537357e-06,-52297.07421875,0.453125,0.546875,-4.3419262510724366e-05,-5229.70751953125,0.484375,1.0,1.0,0.24497997760772705,6550.181640625,6550.4267578125,0.00091
1,encoder.layers.0.blocks.6.attention.self.continuous_position_bias_mlp.0,8.89411735534668,8.125356674194336,-0.7687604427337646,-8.850970516505186e-06,-0.00010443152859807014,-0.0006771645275875926,0.0006771645857952535,0.4765625,0.51171875,-1.0787622159114107e-05,3.2458868925999695e-10,-0.0030049532651901245,0.0017751511186361313,0.46875,0.515625,-9786.68359375,0.006462115328758955,-634273.125,8.638728141784668,0.474609375,0.5078125,-9.78668481366185e-07,-9786.68359375,0.4765625,0.51171875,-1.9538691731213476e-07,-978.66845703125,0.4880952537059784,0.9999999403953552,1.0,0.24497997760772705,6550.181640625,6550.4267578125,0.00091
1,encoder.layers.0.blocks.6.attention.self.continuous_position_bias_mlp.2,8.250225067138672,8.179499626159668,-0.07072512805461884,0.00014372915029525757,0.0004708017222583294,-0.0006363978609442711,0.0005967835895717144,0.6666666865348816,0.3333333432674408,-0.02465215139091015,-0.025600917637348175,-0.06454450637102127,0.016188969835639,0.6666666865348816,0.3333333432674408,-0.031771883368492126,-0.03198808431625366,-0.04828227311372757,-0.015045295469462872,1.0,0.0,-3.177188330136249e-12,-0.056424036622047424,0.6666666865348816,0.3333333432674408,0.002234830055385828,-0.0036310572177171707,1.0,0.6666666865348816,1.0,0.24497997760772705,6550.181640625,6550.4267578125,0.00091
1,encoder.layers.0.blocks.6.attention.self.query,13.218381881713867,7.664327621459961,-5.554053783416748,-3.7382803839136614e-06,-0.000653176917694509,-0.000677035772241652,0.0006771645275875926,0.4947916865348816,0.5052083730697632,0.0011485418071970344,-5.840114317834377e-05,-0.027821581810712814,0.037865474820137024,0.5,0.5,-23624.46875,0.37657156586647034,-60460.64453125,0.7188944816589355,0.4947916865348816,0.5052083730697632,-2.3624470486538485e-06,-23624.46875,0.4947916865348816,0.5052083730697632,-2.480961848050356e-05,-2362.447021484375,0.484375,1.0,1.0,0.24497997760772705,6550.181640625,6550.4267578125,0.00091
1,encoder.layers.0.blocks.6.attention.self.key,13.409627914428711,7.655592918395996,-5.754034996032715,1.7296224541496485e-05,0.0006771640619263053,-0.000677158241160214,0.0006771645275875926,0.5104166865348816,0.4895833432674408,-0.00019128886924590915,-0.00034770218189805746,-0.03901369124650955,0.04833262413740158,0.5364583730697632,0.4635416865348816,-24567.240234375,-41962.375,-58512.625,0.693498432636261,0.5104166865348816,0.4895833432674408,-2.456724132571253e-06,-24567.240234375,0.5104166865348816,0.4895833432674408,3.646771074272692e-05,-2456.72412109375,0.4427083432674408,1.0,1.0,0.24497997760772705,6550.181640625,6550.4267578125,0.00091
1,encoder.layers.0.blocks.6.attention.self.value,13.316411972045898,7.5801215171813965,-5.736291408538818,2.324933848285582e-05,0.0006771635380573571,-0.0006771391490474343,0.0006771644693799317,0.5052083730697632,0.4947916865348816,0.005399753339588642,0.006561704911291599,-0.11807908117771149,0.15848888456821442,0.4479166865348816,0.5520833730697632,-25820.93359375,-40598.03515625,-66973.0859375,0.6834725737571716,0.5052083730697632,0.4947916865348816,-2.5820934297371423e-06,-25820.927734375,0.5052083730697632,0.4947916865348816,1.5153996173467021e-05,-2582.0927734375,0.484375,1.0,1.0,0.24497997760772705,6550.181640625,6550.4267578125,0.00091
1,encoder.layers.0.blocks.6.attention.output.dense,12.65350341796875,7.213866233825684,-5.439638137817383,-2.6989435355062596e-05,-0.0006179546471685171,-0.0006771182524971664,0.0006771645275875926,0.4739583432674408,0.5260416865348816,0.005737276282161474,0.003436611732468009,-0.1221495270729065,0.23195423185825348,0.4114583432674408,0.5885416865348816,-41195.4296875,0.5493456125259399,-363967.25,2.1421704292297363,0.4739583432674408,0.5260416865348816,-4.119542609259952e-06,-41195.421875,0.4739583432674408,0.5260416865348816,-0.00018016758258454502,-4119.54248046875,0.5,1.0,1.0,0.24497997760772705,6550.181640625,6550.4267578125,0.00091
1,encoder.layers.0.blocks.6.intermediate.dense,12.706877708435059,7.357909202575684,-5.348968505859375,-3.002285484399181e-05,-0.0006659386563114822,-0.0006771633634343743,0.0006771645275875926,0.4765625,0.5234375,0.0002160482545150444,-4.2200434108963236e-05,-0.04349622502923012,0.06566271185874939,0.5091146230697632,0.4908854365348816,-42218.12109375,0.3841494023799896,-682099.9375,3.3211827278137207,0.4765625,0.5234375,-4.2218121052428614e-06,-42218.125,0.4765625,0.5234375,6.724296326865442e-06,-4221.8125,0.5013021230697632,1.0,1.0,0.24497997760772705,6550.181640625,6550.4267578125,0.00091
1,encoder.layers.0.blocks.6.output.dense,12.784299850463867,7.19097900390625,-5.593320369720459,-4.384819476399571e-06,-0.0006534379790537059,-0.000677151489071548,0.0006771645275875926,0.4947916865348816,0.5052083730697632,-0.0028245437424629927,0.00018966480274684727,-0.2562491297721863,0.15034498274326324,0.4791666865348816,0.5208333730697632,-42796.67578125,0.26674193143844604,-244403.390625,1.5640171766281128,0.4947916865348816,0.5052083730697632,-4.279668246454094e-06,-42796.6796875,0.4947916865348816,0.5052083730697632,0.00012824952136725187,-4279.66796875,0.4947916865348816,1.0,1.0,0.24497997760772705,6550.181640625,6550.4267578125,0.00091
1,encoder.layers.0.blocks.7.attention.self.continuous_position_bias_mlp.0,8.98539924621582,7.969270706176758,-1.016129493713379,3.694725455716252e-05,0.0006574532017111778,-0.0006771645275875926,0.0006771645857952535,0.513671875,0.4765625,-2.6171368517680094e-05,0.0,-0.004880903288722038,0.0028484747745096684,0.490234375,0.490234375,-14795.12890625,-0.01761646941304207,-656046.75,19.457164764404297,0.51171875,0.46484375,-1.4795130027778214e-06,-14795.12890625,0.513671875,0.4765625,2.4663706881256076e-06,-1479.512939453125,0.5318725109100342,1.0,1.0,0.24497997760772705,6550.181640625,6550.4267578125,0.00091
1,encoder.layers.0.blocks.7.attention.self.continuous_position_bias_mlp.2,8.11345100402832,7.914344310760498,-0.199105903506279,0.0001674552622716874,0.00021134736016392708,-0.0003790566697716713,0.0006700750673189759,0.6666666865348816,0.3333333432674408,0.015996616333723068,-0.0031321931164711714,-0.012486725114285946,0.06360876560211182,0.6666666865348816,0.3333333432674408,-0.11855420470237732,0.02168121747672558,-0.4031866788864136,0.02584284171462059,0.3333333432674408,0.6666666865348816,-1.1855421158668555e-11,-0.10255758464336395,0.3333333432674408,0.6666666865348816,-0.0007598234224133193,-0.010939599946141243,0.3333333432674408,0.6666666865348816,0.6666666865348816,0.24497997760772705,6550.181640625,6550.4267578125,0.00091
1,encoder.layers.0.blocks.7.attention.self.query,13.154529571533203,7.666186809539795,-5.488341808319092,-9.010718713398091e-06,-0.0006396292592398822,-0.000677099043969065,0.0006771645275875926,0.4895833432674408,0.5104166865348816,0.0013681852724403143,0.001396186649799347,-0.038861993700265884,0.05048442259430885,0.421875,0.578125,-23285.5703125,0.4125753343105316,-64951.0703125,0.6842824220657349,0.4895833432674408,0.5104166865348816,-2.32855722970271e-06,-23285.5703125,0.4895833432674408,0.5104166865348816,-1.9860483007505536e-05,-2328.55712890625,0.5677083730697632,1.0,1.0,0.24497997760772705,6550.181640625,6550.4267578125,0.00091
1,encoder.layers.0.blocks.7.attention.self.key,13.344279289245605,7.655568599700928,-5.688711166381836,1.0545560144237243e-05,0.0006771640619263053,-0.0006771473563276231,0.0006771645275875926,0.5052083730697632,0.4947916865348816,0.00046621367800980806,-1.778925070539117e-05,-0.032509636133909225,0.04316914454102516,0.5052083730697632,0.4947916865348816,-24348.5703125,-39482.8828125,-61370.37890625,0.6555505990982056,0.5052083730697632,0.4947916865348816,-2.4348571514565265e-06,-24348.5703125,0.5052083730697632,0.4947916865348816,7.22007462172769e-05,-2434.85693359375,0.5520833730697632,1.0,1.0,0.24497997760772705,6550.181640625,6550.4267578125,0.00091
1,encoder.layers.0.blocks.7.attention.self.value,13.165422439575195,7.535635948181152,-5.629786491394043,2.284702713950537e-05,-0.0003697127103805542,-0.0006769737228751183,0.0006771644693799317,0.4947916865348816,0.5052083730697632,0.001961435191333294,0.008746102452278137,-0.39376622438430786,0.2395416796207428,0.484375,0.515625,-25848.62109375,0.4458453059196472,-73955.90625,0.7552419900894165,0.4947916865348816,0.5052083730697632,-2.584861931609339e-06,-25848.62109375,0.4947916865348816,0.5052083730697632,0.0005525893648155034,-2584.861328125,0.6145833730697632,1.0,1.0,0.24497997760772705,6550.181640625,6550.4267578125,0.00091
1,encoder.layers.0.blocks.7.attention.output.dense,13.06384563446045,7.19703483581543,-5.866811275482178,2.5037703380803578e-05,0.0006771096959710121,-0.0006770577747374773,0.0006771645275875926,0.5104166865348816,0.4895833432674408,0.007120220921933651,0.0012046070769429207,-0.9676240086555481,0.583285391330719,0.4635416865348816,0.5364583730697632,-47913.578125,-240.33482360839844,-312255.25,2.003615379333496,0.5104166865348816,0.4895833432674408,-4.791358151123859e-06,-47913.5703125,0.5104166865348816,0.4895833432674408,0.0002619826700538397,-4791.35693359375,0.5052083730697632,1.0,1.0,0.24497997760772705,6550.181640625,6550.4267578125,0.00091
1,encoder.layers.0.blocks.7.intermediate.dense,10.587574005126953,4.744956016540527,-5.842618465423584,-2.5185354388668202e-05,-0.0006632591248489916,-0.0006771644111722708,0.0006771645857952535,0.48046875,0.51953125,0.00010773794201668352,-1.1202862879144959e-05,-0.04088207706809044,0.061467189341783524,0.5130208730697632,0.4869791865348816,-159416.375,0.4350622892379761,-676550.125,4.947574615478516,0.48046875,0.51953125,-1.5941637684591115e-05,-159416.375,0.48046875,0.51953125,-2.0082659830222838e-05,-15941.63671875,0.4778645932674408,1.0,1.0,0.24497997760772705,6550.181640625,6550.4267578125,0.00091
1,encoder.layers.0.blocks.7.output.dense,11.783930778503418,6.790147304534912,-4.993783950805664,-8.895898645278066e-05,-0.0006663364474661648,-0.0006771616172045469,0.0006771645275875926,0.4322916865348816,0.5677083730697632,0.0013817015569657087,0.0001681656576693058,-0.0852128192782402,0.16045010089874268,0.4791666865348816,0.5208333730697632,-60872.046875,0.7982195019721985,-521581.0625,2.513392448425293,0.4322916865348816,0.5677083730697632,-6.087205292715225e-06,-60872.046875,0.4322916865348816,0.5677083730697632,-2.8230722818989307e-05,-6087.205078125,0.515625,1.0,1.0,0.24497997760772705,6550.181640625,6550.4267578125,0.00091
1,encoder.layers.0.downsample.reduction,14.228693962097168,7.2334747314453125,-6.9952192306518555,0.00016808700456749648,0.0006771608022972941,-0.0006767773884348571,0.0009080816525965929,0.5963541865348816,0.4036458432674408,0.13924014568328857,0.0463077686727047,-2.9994916915893555,7.100430965423584,0.3723958432674408,0.6276041865348816,-41225.12109375,-54629.13671875,-189079.0625,1.4722834825515747,0.5833333730697632,0.4166666865348816,-4.1225121094612405e-06,-41224.98046875,0.5885416865348816,0.4114583432674408,0.007892593741416931,-4122.4912109375,0.59375,0.9869791865348816,0.9921875,0.24497997760772705,6550.181640625,6550.4267578125,0.00091
1,encoder.layers.1.blocks.0.attention.self.continuous_position_bias_mlp.0,8.511514663696289,7.73740291595459,-0.7741127014160156,2.0987854441045783e-06,0.0,-0.0006771645275875926,0.0007915846072137356,0.45703125,0.466796875,0.0008614707039669156,0.0,-0.03708444535732269,0.06499552726745605,0.427734375,0.482421875,-23594.1640625,0.0,-686000.6875,4.402068614959717,0.435546875,0.486328125,-2.3594163849338656e-06,-23594.1640625,0.435546875,0.48828125,1.914752647280693e-05,-2359.41650390625,0.5622317790985107,0.9682203531265259,0.9725158214569092,0.24497997760772705,6550.181640625,6550.4267578125,0.00091
1,encoder.layers.1.blocks.0.attention.self.continuous_position_bias_mlp.2,8.178400039672852,8.175987243652344,-0.002412080764770508,1.2329488527029753e-05,-0.0005036344518885016,-0.0009099822491407394,0.0008807014673948288,0.5,0.5,0.05254543945193291,-0.0015720791416242719,-0.0473744198679924,0.14780697226524353,0.5,0.5,-0.052365899085998535,-0.0548892542719841,-0.1673462986946106,0.041100889444351196,0.6666666865348816,0.3333333432674408,-5.236590241292083e-12,0.00017953540373127908,0.6666666865348816,0.3333333432674408,0.0027241921052336693,0.0024697263725101948,1.0,0.5,0.8333333730697632,0.24497997760772705,6550.181640625,6550.4267578125,0.00091
1,encoder.layers.1.blocks.0.attention.self.query,13.021932601928711,7.605899810791016,-5.416032791137695,-1.3005624168727081e-05,-0.0006021487643010914,-0.000677148753311485,0.0006771645275875926,0.4817708432674408,0.5182291865348816,0.0011943108402192593,0.0009306697174906731,-0.46479883790016174,0.26871150732040405,0.4739583432674408,0.5260416865348816,-24260.373046875,0.36826276779174805,-98988.8046875,0.9562758207321167,0.4817708432674408,0.5182291865348816,-2.4260373265860835e-06,-24260.37109375,0.4817708432674408,0.5182291865348816,0.00015557973529212177,-2426.037109375,0.4296875,1.0,1.0,0.24497997760772705,6550.181640625,6550.4267578125,0.00091
1,encoder.layers.1.blocks.0.attention.self.key,13.246493339538574,7.4645514488220215,-5.781943321228027,5.8415738749317825e-05,0.000677159521728754,-0.000676645606290549,0.0009086303180083632,0.5260416865348816,0.4739583432674408,0.015179451555013657,-0.0011653546243906021,-2.0378241539001465,1.397566556930542,0.5260416865348816,0.4739583432674408,-28005.38671875,-36841.28515625,-95864.234375,1.0133048295974731,0.5052083730697632,0.4947916865348816,-2.8005385956930695e-06,-28005.37109375,0.5208333730697632,0.4791666865348816,5.7822937378659844e-05,-2800.537109375,0.515625,0.9791666865348816,0.9947916865348816,0.24497997760772705,6550.181640625,6550.4267578125,0.00091
1,encoder.layers.1.blocks.0.attention.self.value,13.64222240447998,7.351846218109131,-6.290375709533691,6.972518167458475e-05,0.0006771634216420352,-0.0006770769832655787,0.0006771645275875926,0.5390625,0.4609375,0.004808762110769749,0.001590832369402051,-0.5514568090438843,0.6629002690315247,0.484375,0.515625,-36169.7578125,-41416.38671875,-133953.953125,1.2546206712722778,0.5390625,0.4609375,-3.6169758459436707e-06,-36169.75,0.5390625,0.4609375,0.00047089974395930767,-3616.974609375,0.5182291865348816,1.0,1.0,0.24497997760772705,6550.181640625,6550.4267578125,0.00091
1,encoder.layers.1.blocks.0.attention.output.dense,12.90456771850586,7.400005340576172,-5.504561424255371,-1.2097380931663793e-05,-0.0005678756861016154,-0.0006770645268261433,0.0006771645857952535,0.4817708432674408,0.5182291865348816,-0.005405893083661795,0.0018363501876592636,-5.104162216186523,5.538601875305176,0.4609375,0.5390625,-30188.1328125,0.4903230369091034,-106971.59375,1.0823092460632324,0.4817708432674408,0.5182291865348816,-3.018813686139765e-06,-30188.138671875,0.4817708432674408,0.5182291865348816,7.642658601980656e-05,-3018.81396484375,0.5052083730697632,1.0,1.0,0.24497997760772705,6550.181640625,6550.4267578125,0.00091
1,encoder.layers.1.blocks.0.intermediate.dense,11.321409225463867,4.961213111877441,-6.360196113586426,1.2354057616903447e-05,0.0006771638290956616,-0.0006771644111722708,0.0006771645857952535,0.5071614980697632,0.4928385615348816,0.0005641570314764977,-4.560373781714588e-06,-0.08544537425041199,0.10917350649833679,0.5052083730697632,0.4947916865348816,-205854.1875,-35772.04296875,-692266.125,4.081376552581787,0.5071614980697632,0.4928385615348816,-2.0585419406415895e-05,-205854.1875,0.5071614980697632,0.4928385615348816,3.618728806031868e-05,-20585.419921875,0.5188802480697632,1.0,1.0,0.24497997760772705,6550.181640625,6550.4267578125,0.00091
1,encoder.layers.1.blocks.0.output.dense,12.250457763671875,6.526729583740234,-5.723727703094482,-2.8220467356732115e-05,-0.000650129048153758,-0.0006771582993678749,0.0006771645275875926,0.4765625,0.5234375,-0.0008840669761411846,0.00019122567027807236,-0.15905001759529114,0.192539781332016,0.4817708432674408,0.5182291865348816,-75824.453125,0.9051574468612671,-438539.75,2.3078274726867676,0.4765625,0.5234375,-7.58244550524978e-06,-75824.453125,0.4765625,0.5234375,-7.110490696504712e-05,-7582.4453125,0.5104166865348816,1.0,1.0,0.24497997760772705,6550.181640625,6550.4267578125,0.00091
1,encoder.layers.1.blocks.1.attention.self.continuous_position_bias_mlp.0,8.338333129882812,7.960617542266846,-0.3777155578136444,4.9224319809582084e-05,0.00022048130631446838,-0.0008930293843150139,0.0007903180085122585,0.521484375,0.470703125,0.0009544458007439971,0.0004140654345974326,-0.10579356551170349,0.07276758551597595,0.41796875,0.568359375,-3146.45361328125,-0.02033335156738758,-665657.25,3.2713518142700195,0.541015625,0.44921875,-3.146453764202306e-07,-3146.45263671875,0.54296875,0.44921875,0.00010027681128121912,-314.6451721191406,0.46138614416122437,0.9309664964675903,0.9429133534431458,0.24497997760772705,6550.181640625,6550.4267578125,0.00091
1,encoder.layers.1.blocks.1.attention.self.continuous_position_bias_mlp.2,8.644331932067871,8.141210556030273,-0.5031211376190186,-3.3806129067670554e-05,-0.000609641894698143,-0.0009067002683877945,0.0006768950843252242,0.5,0.5,-0.06973178684711456,0.004445385187864304,-0.48101380467414856,0.06483665853738785,0.3333333432674408,0.6666666865348816,-2.0716898441314697,-0.19176499545574188,-12.063756942749023,0.09141648560762405,0.8333333730697632,0.1666666716337204,-2.0716897641825938e-10,-2.1414217948913574,0.6666666865348816,0.3333333432674408,0.0062966663390398026,-0.20847515761852264,0.5,0.6666666865348816,0.8333333730697632,0.24497997760772705,6550.181640625,6550.4267578125,0.00091
1,encoder.layers.1.blocks.1.attention.self.query,12.826120376586914,7.467565059661865,-5.358554840087891,-3.0975250410847366e-05,-0.0006467998609878123,-0.0006769920000806451,0.0006771645275875926,0.4739583432674408,0.5260416865348816,-0.00019483105279505253,0.0002543949522078037,-0.13790607452392578,0.11464361846446991,0.4765625,0.5234375,-28053.40234375,0.4682649075984955,-112099.5859375,1.2803924083709717,0.4739583432674408,0.5260416865348816,-2.8053400455974042e-06,-28053.40234375,0.4739583432674408,0.5260416865348816,-2.5589146389393136e-05,-2805.34033203125,0.4869791865348816,1.0,1.0,0.24497997760772705,6550.181640625,6550.4267578125,0.00091
1,encoder.layers.1.blocks.1.attention.self.key,13.516146659851074,7.4323248863220215,-6.083821773529053,3.8971083995420486e-05,0.0006771641783416271,-0.0006771364132873714,0.0006771645857952535,0.5260416865348816,0.4739583432674408,-0.0009482136811129749,-9.096579742617905e-05,-0.1403842717409134,0.08219271898269653,0.5104166865348816,0.4895833432674408,-32730.640625,-45308.8515625,-88497.375,0.916508674621582,0.5260416865348816,0.4739583432674408,-3.2730640668887645e-06,-32730.640625,0.5260416865348816,0.4739583432674408,1.531448469904717e-05,-3273.064453125,0.5052083730697632,1.0,1.0,0.24497997760772705,6550.181640625,6550.4267578125,0.00091
1,encoder.layers.1.blocks.1.attention.self.value,13.242132186889648,7.201247215270996,-6.040884017944336,4.0631693991599604e-05,0.000677162257488817,-0.0006771497428417206,0.0006771645275875926,0.5130208730697632,0.4869791865348816,0.0008576782420277596,-0.0002559795102570206,-0.49562251567840576,0.5728259086608887,0.5026041865348816,0.4973958432674408,-48454.3046875,-46964.64453125,-621777.5625,2.3924238681793213,0.5130208730697632,0.4869791865348816,-4.845430794375716e-06,-48454.3046875,0.5130208730697632,0.4869791865348816,5.071431951364502e-05,-4845.4306640625,0.5052083730697632,1.0,1.0,0.24497997760772705,6550.181640625,6550.4267578125,0.00091
1,encoder.layers.1.blocks.1.attention.output.dense,12.892210006713867,7.230615615844727,-5.661593437194824,1.9561170461201982e-07,-0.00044907565461471677,-0.0006771483458578587,0.0006771645857952535,0.4869791865348816,0.5130208730697632,1.757157406245824e-05,0.002031763084232807,-1.4312782287597656,1.205351710319519,0.4635416865348816,0.5364583730697632,-37349.96875,0.5006939172744751,-227604.90625,1.7266632318496704,0.4869791865348816,0.5130208730697632,-3.734997108040261e-06,-37349.96875,0.4869791865348816,0.5130208730697632,-0.00036956853000447154,-3734.99755859375,0.5494791865348816,1.0,1.0,0.24497997760772705,6550.181640625,6550.4267578125,0.00091
1,encoder.layers.1.blocks.1.intermediate.dense,10.463897705078125,4.115743160247803,-6.348153591156006,7.548191206296906e-06,0.0006771633052267134,-0.0006771645275875926,0.0006771645857952535,0.50390625,0.49609375,0.0003323418495710939,-1.899054041132331e-06,-0.14566822350025177,0.2860018312931061,0.501953125,0.498046875,-202779.109375,-35296.9296875,-691307.5625,5.5181121826171875,0.50390625,0.49609375,-2.027791015279945e-05,-202779.109375,0.50390625,0.49609375,4.2719060729723424e-05,-20277.912109375,0.4798177182674408,1.0,1.0,0.24497997760772705,6550.181640625,6550.4267578125,0.00091
1,encoder.layers.1.blocks.1.output.dense,12.707662582397461,6.439780235290527,-6.267882347106934,1.813595554267522e-05,0.0006771641201339662,-0.0006771398475393653,0.0006771645857952535,0.5104166865348816,0.4895833432674408,-0.0008470191387459636,-0.0001088740536943078,-0.2040618360042572,0.23542480170726776,0.515625,0.484375,-86174.390625,-90320.7265625,-440077.6875,2.3341617584228516,0.5104166865348816,0.4895833432674408,-8.61743956193095e-06,-86174.3984375,0.5104166865348816,0.4895833432674408,-9.908598440233618e-05,-8617.439453125,0.5052083730697632,1.0,1.0,0.24497997760772705,6550.181640625,6550.4267578125,0.00091
1,encoder.layers.1.blocks.2.attention.self.continuous_position_bias_mlp.0,8.665260314941406,8.033679962158203,-0.6315805912017822,3.21396000799723e-05,0.0,-0.0006771645275875926,0.0006771645275875926,0.4765625,0.453125,-0.00020039435185026377,0.0,-0.10897725820541382,0.02101292461156845,0.4296875,0.46484375,-15762.748046875,0.0,-662298.8125,9.198746681213379,0.470703125,0.44140625,-1.5762748262204695e-06,-15762.7490234375,0.478515625,0.451171875,5.2573930588550866e-05,-1576.2747802734375,0.49563318490982056,0.9978586435317993,0.9978992342948914,0.24497997760772705,6550.181640625,6550.4267578125,0.00091
1,encoder.layers.1.blocks.2.attention.self.continuous_position_bias_mlp.2,8.025985717773438,8.011093139648438,-0.014891942963004112,-1.9890529074473307e-05,-8.550472557544708e-05,-0.0006672467570751905,0.0006765525322407484,0.3333333432674408,0.6666666865348816,0.0041277590207755566,-0.003747111652046442,-0.02599714696407318,0.056338392198085785,0.6666666865348816,0.3333333432674408,-0.01650504395365715,-0.021695677191019058,-0.11653690040111542,0.08861115574836731,0.5,0.5,-1.650504385941609e-12,-0.012377283535897732,0.5,0.5,3.964453935623169e-05,-0.0012020485009998083,0.3333333432674408,0.8333333730697632,0.8333333730697632,0.24497997760772705,6550.181640625,6550.4267578125,0.00091
1,encoder.layers.1.blocks.2.attention.self.query,13.501025199890137,7.477928161621094,-6.023097038269043,3.4405085898470134e-05,0.000677164236549288,-0.0006771389744244516,0.0006771645857952535,0.5234375,0.4765625,-0.0006123019848018885,-0.00032827898394316435,-0.045175813138484955,0.06085332855582237,0.53125,0.46875,-30901.421875,-44834.59375,-85901.5859375,0.9478204250335693,0.5234375,0.4765625,-3.090142399742035e-06,-30901.42578125,0.5234375,0.4765625,6.196762842591852e-05,-3090.142578125,0.5182291865348816,1.0,1.0,0.24497997760772705,6550.181640625,6550.4267578125,0.00091
1,encoder.layers.1.blocks.2.attention.self.key,13.953607559204102,7.412520885467529,-6.541085720062256,9.78307070909068e-05,0.000677164294756949,-0.0006771506741642952,0.0006771645275875926,0.5703125,0.4296875,-0.0004749054496642202,-0.00039247216773219407,-0.05384053289890289,0.05475649982690811,0.5364583730697632,0.4635416865348816,-35778.3046875,-47378.19140625,-93785.6796875,0.9444683790206909,0.5703125,0.4296875,-3.5778300571109867e-06,-35778.30078125,0.5703125,0.4296875,9.16320932446979e-05,-3577.830078125,0.5130208730697632,1.0,1.0,0.24497997760772705,6550.181640625,6550.4267578125,0.00091
1,encoder.layers.1.blocks.2.attention.self.value,13.452166557312012,7.4022345542907715,-6.049933433532715,4.1354775021318346e-05,0.0006771639455109835,-0.0006770871696062386,0.0006771645275875926,0.5234375,0.4765625,-0.0012847387697547674,0.0004881969653069973,-0.38764333724975586,0.4168357253074646,0.4921875,0.5078125,-32382.412109375,-50572.34375,-88059.6484375,0.969683051109314,0.5234375,0.4765625,-3.2382413337472826e-06,-32382.4140625,0.5234375,0.4765625,6.222465890459716e-05,-3238.24169921875,0.453125,1.0,1.0,0.24497997760772705,6550.181640625,6550.4267578125,0.00091
1,encoder.layers.1.blocks.2.attention.output.dense,12.940315246582031,7.1721320152282715,-5.768183708190918,1.1201725556020392e-06,-0.0005267363740131259,-0.0006771332118660212,0.0006771645275875926,0.4947916865348816,0.5052083730697632,-0.0029037659987807274,0.0007391431136056781,-0.8061727285385132,0.3656058609485626,0.4713541865348816,0.5286458730697632,-44686.35546875,0.40328124165534973,-383928.8125,2.135549545288086,0.4947916865348816,0.5052083730697632,-4.4686353248835076e-06,-44686.35546875,0.4947916865348816,0.5052083730697632,0.00015074251859914511,-4468.6357421875,0.5390625,1.0,1.0,0.24497997760772705,6550.181640625,6550.4267578125,0.00091
1,encoder.layers.1.blocks.2.intermediate.dense,9.748504638671875,3.233520030975342,-6.51498556137085,1.872877692221664e-05,0.0006771636544726789,-0.0006771644111722708,0.0006771645857952535,0.5110677480697632,0.4889323115348816,-0.0002187620266340673,-8.020906534511596e-06,-0.24904046952724457,0.12090170383453369,0.505859375,0.494140625,-206165.15625,-37104.12890625,-678164.5625,5.49614143371582,0.5110677480697632,0.4889323115348816,-2.0616516849258915e-05,-206165.15625,0.5110677480697632,0.4889323115348816,-2.498474259482464e-06,-20616.515625,0.5104166865348816,1.0,1.0,0.24497997760772705,6550.181640625,6550.4267578125,0.00091
1,encoder.layers.1.blocks.2.output.dense,12.757795333862305,6.2827863693237305,-6.475008964538574,3.336522058816627e-05,0.0006771640619263053,-0.0006771617336198688,0.0006771645275875926,0.5208333730697632,0.4791666865348816,-0.0018164822831749916,0.00022580515360459685,-0.5112029910087585,0.24606603384017944,0.4713541865348816,0.5286458730697632,-97100.234375,-120954.109375,-451649.4375,2.3457252979278564,0.5208333730697632,0.4791666865348816,-9.710022823128384e-06,-97100.234375,0.5208333730697632,0.4791666865348816,3.8980855606496334e-05,-9710.0234375,0.5546875,1.0,1.0,0.24497997760772705,6550.181640625,6550.4267578125,0.00091
1,encoder.layers.1.blocks.3.attention.self.continuous_position_bias_mlp.0,8.431596755981445,7.940719127655029,-0.49087661504745483,2.9658436687896028e-05,0.0,-0.0006771645275875926,0.0006771645275875926,0.486328125,0.451171875,0.00024202968052122742,7.67150049796328e-05,-0.0073591433465480804,0.005411000922322273,0.357421875,0.5625,-10683.8173828125,0.0,-688535.3125,133149.703125,0.48046875,0.458984375,-1.0683818345569307e-06,-10683.818359375,0.48046875,0.458984375,26.00581932067871,-1044.9765625,0.48619958758354187,0.9916840195655823,0.9916840195655823,0.24497997760772705,6550.181640625,6550.4267578125,0.00091
1,encoder.layers.1.blocks.3.attention.self.continuous_position_bias_mlp.2,8.019424438476562,8.01994800567627,0.0005229314556345344,-0.0002467831363901496,-0.0006749327294528484,-0.0007973257452249527,0.0006709143053740263,0.3333333432674408,0.6666666865348816,0.0015611613634973764,-0.00048210591194219887,-0.0007088563870638609,0.010882213711738586,0.5,0.5,-0.0205098707228899,-0.0027214798610657454,-0.14268697798252106,0.04189793020486832,0.5,0.5,-2.0509869844143047e-12,-0.018948711454868317,0.3333333432674408,0.6666666865348816,7.728613854851574e-05,-0.0018253137823194265,0.8333333730697632,0.8333333730697632,1.0,0.24497997760772705,6550.181640625,6550.4267578125,0.00091
1,encoder.layers.1.blocks.3.attention.self.query,12.692222595214844,7.537580490112305,-5.154642105102539,-5.0941682275151834e-05,-0.0006658589700236917,-0.0006771503249183297,0.0006771645275875926,0.4609375,0.5390625,-0.00010822657350217924,-0.00010118706268258393,-0.056502245366573334,0.03322121500968933,0.5078125,0.4921875,-25235.833984375,0.5035605430603027,-86746.046875,0.8525192737579346,0.4609375,0.5390625,-2.523583589209011e-06,-25235.833984375,0.4609375,0.5390625,-2.6129400794161484e-05,-2523.58349609375,0.5052083730697632,1.0,1.0,0.24497997760772705,6550.181640625,6550.4267578125,0.00091
1,encoder.layers.1.blocks.3.attention.self.key,13.18690299987793,7.417098522186279,-5.769803524017334,1.2418502592481673e-05,0.0006768852472305298,-0.0006771606276743114,0.0006771645275875926,0.5078125,0.4921875,0.00033511104993522167,0.00021314277546480298,-0.03114934265613556,0.04616352543234825,0.4791666865348816,0.5208333730697632,-31990.74609375,-33185.84765625,-91996.1015625,0.9264304637908936,0.5078125,0.4921875,-3.199074626536458e-06,-31990.74609375,0.5078125,0.4921875,-2.0557774405460805e-05,-3199.07470703125,0.5026041865348816,1.0,1.0,0.24497997760772705,6550.181640625,6550.4267578125,0.00091
1,encoder.layers.1.blocks.3.attention.self.value,13.37841796875,7.377159118652344,-6.001258850097656,4.533994069788605e-05,0.0006771623156964779,-0.0006771551561541855,0.0006771645275875926,0.5182291865348816,0.4817708432674408,0.00851382501423359,0.00172402523458004,-0.5581774711608887,0.5936689376831055,0.484375,0.515625,-32982.4921875,-50885.1796875,-364516.1875,2.218003034591675,0.5182291865348816,0.4817708432674408,-3.2982493394229095e-06,-32982.484375,0.5182291865348816,0.4817708432674408,0.00040711875772103667,-3298.248046875,0.4869791865348816,1.0,1.0,0.24497997760772705,6550.181640625,6550.4267578125,0.00091
1,encoder.layers.1.blocks.3.attention.output.dense,13.15265941619873,7.195034027099609,-5.957625865936279,2.876621510949917e-05,0.0006771620828658342,-0.0006771428161300719,0.0006771645275875926,0.5104166865348816,0.4895833432674408,-0.006388784386217594,-0.0006778230890631676,-0.9081552028656006,0.5850253701210022,0.5104166865348816,0.4895833432674408,-39678.640625,-49697.39453125,-249872.953125,1.721550703048706,0.5104166865348816,0.4895833432674408,-3.967864358855877e-06,-39678.6484375,0.5104166865348816,0.4895833432674408,0.0008540742564946413,-3967.864013671875,0.515625,1.0,1.0,0.24497997760772705,6550.181640625,6550.4267578125,0.00091
1,encoder.layers.1.blocks.3.intermediate.dense,9.26386833190918,2.8300395011901855,-6.433829307556152,2.242228038085159e-05,0.0006771636544726789,-0.0006771643529646099,0.0006771645857952535,0.513671875,0.486328125,-0.0006141033954918385,-1.3144788681529462e-05,-0.2057623565196991,0.14892153441905975,0.50390625,0.49609375,-205780.8125,-40386.0,-687094.25,7.263037204742432,0.513671875,0.486328125,-2.057808160316199e-05,-205780.8125,0.513671875,0.486328125,8.43365523905959e-06,-20578.083984375,0.5071614980697632,1.0,1.0,0.24497997760772705,6550.181640625,6550.4267578125,0.00091
1,encoder.layers.1.blocks.3.output.dense,12.830348014831543,6.160176753997803,-6.670169830322266,4.847639866056852e-05,0.0006771640619263053,-0.0006771613843739033,0.0006771645275875926,0.53125,0.46875,-0.0025771441869437695,0.0002293486031703651,-0.49228203296661377,0.5095306038856506,0.4869791865348816,0.5130208730697632,-107116.7421875,-130064.5390625,-402823.84375,2.1930770874023438,0.53125,0.46875,-1.0711674804042559e-05,-107116.7421875,0.53125,0.46875,0.0003471311356406659,-10711.6748046875,0.4713541865348816,1.0,1.0,0.24497997760772705,6550.181640625,6550.4267578125,0.00091
1,encoder.layers.1.blocks.4.attention.self.continuous_position_bias_mlp.0,8.504777908325195,7.962568759918213,-0.5422099232673645,3.2249969081021845e-05,6.083585321903229e-05,-0.0006771645275875926,0.0006771645275875926,0.5078125,0.478515625,0.0005258399178273976,0.00020699872402474284,-0.01831219159066677,0.028409313410520554,0.40625,0.576171875,-6252.98876953125,-0.01031628716737032,-509764.71875,4.677311897277832,0.5078125,0.47265625,-6.252988669075421e-07,-6252.98779296875,0.5078125,0.478515625,8.237645670305938e-05,-625.2987060546875,0.5228627920150757,0.9681274890899658,0.9683168530464172,0.24497997760772705,6550.181640625,6550.4267578125,0.00091
1,encoder.layers.1.blocks.4.attention.self.continuous_position_bias_mlp.2,7.766892910003662,7.9263715744018555,0.1594793051481247,-0.0004911378491669893,-0.0006609943229705095,-0.0007957722991704941,0.00048461463302373886,0.1666666716337204,0.8333333730697632,0.007876263931393623,-0.00014812214067205787,-0.0014229074586182833,0.04532500356435776,0.6666666865348816,0.3333333432674408,0.030598295852541924,0.03977713733911514,-0.0022954146843403578,0.0488043949007988,0.1666666716337204,0.8333333730697632,3.0598297333372937e-12,0.03847455978393555,0.0,1.0,0.0011317906901240349,0.004866067320108414,0.1666666716337204,0.6666666865348816,0.8333333730697632,0.24497997760772705,6550.181640625,6550.4267578125,0.00091
1,encoder.layers.1.blocks.4.attention.self.query,13.580328941345215,7.559731960296631,-6.020596981048584,3.6923509469488636e-05,0.0006771643529646099,-0.0006771517219021916,0.0006771645275875926,0.5260416865348816,0.4739583432674408,-0.0002525974705349654,-0.0002835454070009291,-0.024168843403458595,0.07109164446592331,0.5598958730697632,0.4401041865348816,-28769.25,-43673.08984375,-86573.421875,0.9115890264511108,0.5260416865348816,0.4739583432674408,-2.876925236705574e-06,-28769.25,0.5260416865348816,0.4739583432674408,2.693642454687506e-05,-2876.92529296875,0.5494791865348816,1.0,1.0,0.24497997760772705,6550.181640625,6550.4267578125,0.00091
1,encoder.layers.1.blocks.4.attention.self.key,12.969488143920898,7.455253601074219,-5.514233589172363,-5.482158940139925e-06,-0.0006600521737709641,-0.0006771549233235419,0.0006771645857952535,0.4947916865348816,0.5052083730697632,-1.801930193323642e-05,-0.00019676084048114717,-0.017297761514782906,0.022044451907277107,0.515625,0.484375,-29428.390625,0.21847449243068695,-90322.015625,0.9066903591156006,0.4947916865348816,0.5052083730697632,-2.942838818853488e-06,-29428.390625,0.4947916865348816,0.5052083730697632,-1.3467698408931028e-05,-2942.83935546875,0.5,1.0,1.0,0.24497997760772705,6550.181640625,6550.4267578125,0.00091
1,encoder.layers.1.blocks.4.attention.self.value,12.523534774780273,7.454573631286621,-5.0689616203308105,-5.2892610256094486e-05,-0.0006057266145944595,-0.0006771553889848292,0.0006771645275875926,0.4505208432674408,0.5494791865348816,0.0011044784914702177,0.00196969136595726,-0.19970840215682983,0.29927656054496765,0.4609375,0.5390625,-26337.8046875,0.5236199498176575,-89097.7890625,0.901646614074707,0.4505208432674408,0.5494791865348816,-2.633780695759924e-06,-26337.802734375,0.4505208432674408,0.5494791865348816,9.540412429487333e-05,-2633.7802734375,0.5052083730697632,1.0,1.0,0.24497997760772705,6550.181640625,6550.4267578125,0.00091
1,encoder.layers.1.blocks.4.attention.output.dense,13.245109558105469,7.2986273765563965,-5.946481704711914,2.9014510801061988e-05,0.0006771634798496962,-0.0006771449116058648,0.0006771645275875926,0.5130208730697632,0.4869791865348816,0.005102829076349735,0.0026312367990612984,-0.3605266809463501,0.36498790979385376,0.4348958432674408,0.5651041865348816,-36110.890625,-44949.08203125,-237269.5625,1.7902402877807617,0.5130208730697632,0.4869791865348816,-3.6110891414864454e-06,-36110.88671875,0.5130208730697632,0.4869791865348816,0.00010472934081917629,-3611.088623046875,0.5208333730697632,1.0,1.0,0.24497997760772705,6550.181640625,6550.4267578125,0.00091
1,encoder.layers.1.blocks.4.intermediate.dense,9.647735595703125,3.574296474456787,-6.073439598083496,-8.51690856507048e-06,-0.0006298513617366552,-0.0006771644111722708,0.0006771645857952535,0.4921875,0.5078125,9.927953215083107e-05,-7.85972224548459e-06,-0.06333649903535843,0.08263412117958069,0.5052083730697632,0.4947916865348816,-171306.140625,0.38328495621681213,-691303.75,6.231752395629883,0.4921875,0.5078125,-1.7130614651250653e-05,-171306.125,0.4921875,0.5078125,2.701611811062321e-05,-17130.615234375,0.5234375,1.0,1.0,0.24497997760772705,6550.181640625,6550.4267578125,0.00091
1,encoder.layers.1.blocks.4.output.dense,12.358207702636719,6.58423376083374,-5.773974418640137,-2.446568942104932e-05,-0.0006472141249105334,-0.0006771560874767601,0.0006771645857952535,0.4791666865348816,0.5208333730697632,-0.0017927594017237425,-0.0005248561501502991,-0.23252134025096893,0.18626999855041504,0.5651041865348816,0.4348958432674408,-71832.4375,1.0164704322814941,-330539.28125,2.110894203186035,0.4791666865348816,0.5208333730697632,-7.183243724284694e-06,-71832.4375,0.4791666865348816,0.5208333730697632,7.117714267224073e-05,-7183.24365234375,0.5182291865348816,1.0,1.0,0.24497997760772705,6550.181640625,6550.4267578125,0.00091
1,encoder.layers.1.blocks.5.attention.self.continuous_position_bias_mlp.0,9.75767707824707,7.768160343170166,-1.9895164966583252,-2.1499712602235377e-05,0.0,-0.0006771645275875926,0.0006771645857952535,0.3828125,0.453125,1.6940784917096607e-05,0.0,-0.0011156199034303427,0.003209601156413555,0.2734375,0.3125,-53860.7734375,0.0,-690924.1875,757.15234375,0.361328125,0.419921875,-5.386076736613177e-06,-53860.7734375,0.3828125,0.453125,-1.0520943760639057e-07,-5386.0771484375,0.5733333230018616,1.0,0.9999999403953552,0.24497997760772705,6550.181640625,6550.4267578125,0.00091
1,encoder.layers.1.blocks.5.attention.self.continuous_position_bias_mlp.2,7.461545467376709,7.806273460388184,0.3447285592556,-0.00044822992640547454,-0.0006727797444909811,-0.0006760508986189961,0.0006767696468159556,0.1666666716337204,0.8333333730697632,0.00035358392051421106,-0.0005757272010669112,-0.000863518042024225,0.0019639311358332634,0.5,0.5,0.10427093505859375,0.16836264729499817,-0.5649490356445312,0.3759540021419525,0.1666666716337204,0.8333333730697632,1.0427094951359628e-11,0.10462453216314316,0.1666666716337204,0.8333333730697632,-0.00011972821084782481,0.010354697704315186,0.3333333432674408,1.0,1.0,0.24497997760772705,6550.181640625,6550.4267578125,0.00091
1,encoder.layers.1.blocks.5.attention.self.query,13.486513137817383,7.602609157562256,-5.8839030265808105,2.6282486942363903e-05,0.0006771643529646099,-0.0006771618500351906,0.0006771645275875926,0.5182291865348816,0.4817708432674408,-0.0006881996523588896,-8.963426807895303e-05,-0.06306613236665726,0.020791973918676376,0.5078125,0.4921875,-26769.83203125,-42119.87890625,-77954.3125,0.8796272873878479,0.5182291865348816,0.4817708432674408,-2.6769828309625154e-06,-26769.828125,0.5182291865348816,0.4817708432674408,-1.3849456991010811e-05,-2676.98291015625,0.5,1.0,1.0,0.24497997760772705,6550.181640625,6550.4267578125,0.00091
1,encoder.layers.1.blocks.5.attention.self.key,13.37851333618164,7.36300802230835,-6.015504837036133,3.277634459664114e-05,0.0006771643529646099,-0.0006771602784283459,0.0006771645857952535,0.5234375,0.4765625,-0.00016164136468432844,0.00011502584675326943,-0.017001818865537643,0.027308300137519836,0.484375,0.515625,-35027.7109375,-39693.7109375,-95625.9609375,0.9109061360359192,0.5234375,0.4765625,-3.502771050989395e-06,-35027.7109375,0.5234375,0.4765625,2.7597980079008266e-05,-3502.77099609375,0.5234375,1.0,1.0,0.24497997760772705,6550.181640625,6550.4267578125,0.00091
1,encoder.layers.1.blocks.5.attention.self.value,13.192156791687012,7.494142055511475,-5.698014736175537,5.090776539873332e-06,-0.0006074679549783468,-0.0006770796608179808,0.0006771645857952535,0.5,0.5,0.0007419923203997314,-0.0005599716678261757,-0.12971898913383484,0.20885545015335083,0.5104166865348816,0.4895833432674408,-28533.53125,-45276.4765625,-93974.5859375,0.8407354354858398,0.5,0.5,-2.8533536351460498e-06,-28533.53125,0.5,0.5,1.6205934798563248e-06,-2853.35302734375,0.5052083730697632,1.0,1.0,0.24497997760772705,6550.181640625,6550.4267578125,0.00091
1,encoder.layers.1.blocks.5.attention.output.dense,12.9901123046875,6.977622985839844,-6.01248836517334,1.5260533473338e-05,0.0006771638290956616,-0.0006771573680453002,0.0006771645275875926,0.5078125,0.4921875,0.004846141207963228,0.00027520093135535717,-0.32694098353385925,0.3306950628757477,0.4479166865348816,0.5520833730697632,-58754.4921875,-51556.84375,-425836.25,2.265547275543213,0.5078125,0.4921875,-5.875449460290838e-06,-58754.484375,0.5078125,0.4921875,-1.376533600705443e-05,-5875.44921875,0.5026041865348816,1.0,1.0,0.24497997760772705,6550.181640625,6550.4267578125,0.00091
1,encoder.layers.1.blocks.5.intermediate.dense,9.884230613708496,3.807432174682617,-6.076798915863037,1.71731135196751e-05,0.0006614436861127615,-0.0006771643529646099,0.0006771645857952535,0.5104166865348816,0.4895833432674408,0.00025854885461740196,1.2600703485077247e-06,-0.12317299097776413,0.1259896159172058,0.4993489682674408,0.5006510615348816,-170076.65625,-37550.5703125,-687520.375,8.37585735321045,0.5104166865348816,0.4895833432674408,-1.700766551948618e-05,-170076.640625,0.5104166865348816,0.4895833432674408,6.222681258805096e-05,-17007.6640625,0.498046875,1.0,1.0,0.24497997760772705,6550.181640625,6550.4267578125,0.00091
1,encoder.layers.1.blocks.5.output.dense,13.16809368133545,6.578871726989746,-6.589221000671387,5.471671465784311e-05,0.0006771640619263053,-0.0006771581247448921,0.0006771645857952535,0.5364583730697632,0.4635416865348816,-0.00020399884670041502,0.000571142416447401,-0.4262372851371765,0.1968800574541092,0.4505208432674408,0.5494791865348816,-75294.046875,-98638.640625,-330043.125,1.9711076021194458,0.5364583730697632,0.4635416865348816,-7.529404683737084e-06,-75294.046875,0.5364583730697632,0.4635416865348816,0.0001853869471233338,-7529.404296875,0.4713541865348816,1.0,1.0,0.24497997760772705,6550.181640625,6550.4267578125,0.00091
1,encoder.layers.1.blocks.6.attention.self.continuous_position_bias_mlp.0,9.060640335083008,8.067580223083496,-0.9930598735809326,-2.5240342438337393e-06,0.0,-0.0006771645275875926,0.0006771645275875926,0.39453125,0.4296875,0.00027113541727885604,0.0,-0.019180310890078545,0.018442237749695778,0.349609375,0.369140625,-16803.2890625,0.0,-360383.09375,5.338749885559082,0.3828125,0.40625,-1.6803288644950953e-06,-16803.2890625,0.39453125,0.4296875,1.8779677702696063e-05,-1680.328857421875,0.5461956858634949,1.0,1.0,0.24497997760772705,6550.181640625,6550.4267578125,0.00091
1,encoder.layers.1.blocks.6.attention.self.continuous_position_bias_mlp.2,7.577319145202637,7.84625244140625,0.26893362402915955,-0.0005198651924729347,-0.0006528301164507866,-0.0006764255231246352,0.00012818165123462677,0.1666666716337204,0.8333333730697632,0.008670045994222164,0.007830754853785038,-0.0013414854183793068,0.024370338767766953,0.1666666716337204,0.8333333730697632,0.0947938784956932,0.014076292514801025,0.004306979011744261,0.2753494381904602,0.0,1.0,9.479387760857882e-12,0.10346393287181854,0.0,1.0,-0.0006453879177570343,0.009765543043613434,0.6666666865348816,0.8333333730697632,0.8333333730697632,0.24497997760772705,6550.181640625,6550.4267578125,0.00091
1,encoder.layers.1.blocks.6.attention.self.query,13.180837631225586,7.5326128005981445,-5.648223876953125,-3.788542812799278e-07,-0.000620126083958894,-0.0006771572516299784,0.0006771645857952535,0.4973958432674408,0.5026041865348816,-0.0003661997616291046,-2.6409165002405643e-05,-0.09203168004751205,0.057332299649715424,0.5,0.5,-27566.84375,0.41747286915779114,-81098.3828125,0.8725535273551941,0.4973958432674408,0.5026041865348816,-2.756684352789307e-06,-27566.84375,0.4973958432674408,0.5026041865348816,-4.7403358621522784e-05,-2756.684326171875,0.5182291865348816,1.0,1.0,0.24497997760772705,6550.181640625,6550.4267578125,0.00091
1,encoder.layers.1.blocks.6.attention.self.key,13.377838134765625,7.416846752166748,-5.9609904289245605,2.7006015443475917e-05,0.000677164294756949,-0.0006771592306904495,0.0006771645275875926,0.5182291865348816,0.4817708432674408,-2.6024295948445797e-05,-3.151787677779794e-05,-0.04225297272205353,0.049639273434877396,0.5026041865348816,0.4973958432674408,-32451.21875,-46618.94921875,-88684.9296875,0.9136987924575806,0.5182291865348816,0.4817708432674408,-3.245121661166195e-06,-32451.21875,0.5182291865348816,0.4817708432674408,9.194703125103842e-06,-3245.121826171875,0.4895833432674408,1.0,1.0,0.24497997760772705,6550.181640625,6550.4267578125,0.00091
1,encoder.layers.1.blocks.6.attention.self.value,13.41987419128418,7.51741886138916,-5.902455806732178,3.41614504577592e-05,0.0006771636544726789,-0.0006771287298761308,0.0006771645275875926,0.515625,0.484375,0.001050288905389607,0.002770479302853346,-0.3143702745437622,0.31640100479125977,0.453125,0.546875,-28452.71484375,-44269.51171875,-76752.2734375,0.8304102420806885,0.515625,0.484375,-2.8452711831050692e-06,-28452.7109375,0.515625,0.484375,-3.072142862947658e-05,-2845.27099609375,0.5520833730697632,1.0,1.0,0.24497997760772705,6550.181640625,6550.4267578125,0.00091
1,encoder.layers.1.blocks.6.attention.output.dense,12.589282035827637,7.302995204925537,-5.286287307739258,-3.9886370359454304e-05,-0.0006187909748405218,-0.0006771607440896332,0.0006771645857952535,0.4635416865348816,0.5364583730697632,-0.0019908167887479067,-0.00021102686878293753,-0.5443987250328064,0.5157960653305054,0.5026041865348816,0.4973958432674408,-35022.32421875,0.564458429813385,-372521.5,2.1735732555389404,0.4635416865348816,0.5364583730697632,-3.5022326301259454e-06,-35022.328125,0.4635416865348816,0.5364583730697632,3.133314021397382e-05,-3502.232421875,0.5130208730697632,1.0,1.0,0.24497997760772705,6550.181640625,6550.4267578125,0.00091
1,encoder.layers.1.blocks.6.intermediate.dense,9.467540740966797,4.104265213012695,-5.363275527954102,-4.024219379061833e-05,-0.0006499996525235474,-0.0006771644111722708,0.0006771645857952535,0.4680989682674408,0.5319010615348816,-2.7172776754014194e-05,1.2021268048556522e-05,-0.1046862080693245,0.1882098913192749,0.4889323115348816,0.5110677480697632,-154094.28125,0.4379018545150757,-688228.1875,7.992310523986816,0.4680989682674408,0.5319010615348816,-1.5409426850965247e-05,-154094.28125,0.4680989682674408,0.5319010615348816,7.251022907439619e-05,-15409.42578125,0.51171875,1.0,1.0,0.24497997760772705,6550.181640625,6550.4267578125,0.00091
1,encoder.layers.1.blocks.6.output.dense,12.674304008483887,6.573983669281006,-6.100320816040039,8.167588930518832e-06,0.0006771635380573571,-0.0006771615007892251,0.0006771645857952535,0.5026041865348816,0.4973958432674408,-0.004749862011522055,-0.0004861019551753998,-0.2609381079673767,0.14316008985042572,0.5286458730697632,0.4713541865348816,-73075.78125,-90203.609375,-344174.375,2.0720760822296143,0.5026041865348816,0.4973958432674408,-7.307578016479965e-06,-73075.78125,0.5026041865348816,0.4973958432674408,-2.1319550796761177e-05,-7307.578125,0.5052083730697632,1.0,1.0,0.24497997760772705,6550.181640625,6550.4267578125,0.00091
1,encoder.layers.1.blocks.7.attention.self.continuous_position_bias_mlp.0,8.289243698120117,7.957818508148193,-0.33142590522766113,-3.1415780540555716e-05,-0.00020637549459934235,-0.0006771644111722708,0.0006771645275875926,0.451171875,0.51171875,-2.9143593565095216e-05,0.0,-0.031407881528139114,0.0329965278506279,0.46875,0.48828125,-4759.1220703125,0.013007627800107002,-674646.5,27823.904296875,0.44921875,0.5078125,-4.759122589348408e-07,-4759.12158203125,0.44921875,0.515625,5.434367656707764,-471.021240234375,0.5204081535339355,0.9897958636283875,0.9919028878211975,0.24497997760772705,6550.181640625,6550.4267578125,0.00091
1,encoder.layers.1.blocks.7.attention.self.continuous_position_bias_mlp.2,10.72890853881836,8.140836715698242,-2.5880725383758545,0.00033159341546706855,0.0006064223125576973,-0.0006352548953145742,0.0006771637708880007,0.6666666865348816,0.3333333432674408,-0.013578975573182106,-0.011555265635251999,-0.10338069498538971,0.024559523910284042,0.5,0.5,-5487.6982421875,-4.57119607925415,-32911.85546875,0.3479909598827362,0.8333333730697632,0.1666666716337204,-5.487698331307911e-07,-5487.7119140625,0.8333333730697632,0.1666666716337204,0.002013411605730653,-548.7694091796875,0.5,0.8333333730697632,0.8333333730697632,0.24497997760772705,6550.181640625,6550.4267578125,0.00091
1,encoder.layers.1.blocks.7.attention.self.query,12.827228546142578,7.4658403396606445,-5.36138916015625,-3.18351922032889e-05,-0.0006577828899025917,-0.0006771613843739033,0.0006771645275875926,0.4739583432674408,0.5260416865348816,-0.00039664609357714653,0.0001388145610690117,-0.24871726334095,0.07326728105545044,0.4947916865348816,0.5052083730697632,-28164.05859375,0.48913562297821045,-134155.109375,1.0723836421966553,0.4739583432674408,0.5260416865348816,-2.8164056402602e-06,-28164.05859375,0.4739583432674408,0.5260416865348816,9.794851939659566e-05,-2816.40576171875,0.4583333432674408,1.0,1.0,0.24497997760772705,6550.181640625,6550.4267578125,0.00091
1,encoder.layers.1.blocks.7.attention.self.key,13.170793533325195,7.412554740905762,-5.758237361907959,1.0172533620789181e-05,0.0006771194166503847,-0.0006770254112780094,0.0006771645275875926,0.5052083730697632,0.4947916865348816,0.00020316624431870878,0.00021222210489213467,-0.06717779487371445,0.05065552890300751,0.4791666865348816,0.5208333730697632,-31686.62109375,-32643.927734375,-87177.40625,0.8861526846885681,0.5052083730697632,0.4947916865348816,-3.168662033203873e-06,-31686.62109375,0.5052083730697632,0.4947916865348816,6.289610610110685e-05,-3168.66162109375,0.4895833432674408,1.0,1.0,0.24497997760772705,6550.181640625,6550.4267578125,0.00091
1,encoder.layers.1.blocks.7.attention.self.value,13.436308860778809,7.468629360198975,-5.967679500579834,4.5072065404383466e-05,0.0006771626649424434,-0.0006771395565010607,0.0006771645275875926,0.5182291865348816,0.4817708432674408,-0.0002689411339815706,0.0014253389090299606,-0.39401736855506897,0.5180376172065735,0.4947916865348816,0.5052083730697632,-29862.60546875,-44025.6484375,-96231.359375,0.9564299583435059,0.5182291865348816,0.4817708432674408,-2.9862603696528822e-06,-29862.60546875,0.5182291865348816,0.4817708432674408,0.00046759351971559227,-2986.259765625,0.5182291865348816,1.0,1.0,0.24497997760772705,6550.181640625,6550.4267578125,0.00091
1,encoder.layers.1.blocks.7.attention.output.dense,13.594108581542969,7.322181701660156,-6.2719268798828125,6.36465847492218e-05,0.0006771633634343743,-0.0006771275075152516,0.0006771645857952535,0.5364583730697632,0.4635416865348816,0.0038753661792725325,0.0012938454747200012,-0.653418242931366,0.6407334804534912,0.4739583432674408,0.5260416865348816,-38551.4921875,-48570.09765625,-279441.5625,1.8311516046524048,0.5364583730697632,0.4635416865348816,-3.855149316223105e-06,-38551.4921875,0.5364583730697632,0.4635416865348816,0.0006265160045586526,-3855.1484375,0.5052083730697632,1.0,1.0,0.24497997760772705,6550.181640625,6550.4267578125,0.00091
1,encoder.layers.1.blocks.7.intermediate.dense,9.990428924560547,3.751132011413574,-6.239297389984131,2.2102094590081833e-05,0.0006771630141884089,-0.0006771643529646099,0.0006771645857952535,0.5123698115348816,0.4876302182674408,0.00012823520228266716,1.2033502571284771e-05,-0.16089095175266266,0.13875672221183777,0.4947916865348816,0.5052083730697632,-168000.1875,-39442.4453125,-685869.5625,7.808478832244873,0.5123698115348816,0.4876302182674408,-1.6800018784124404e-05,-168000.1875,0.5123698115348816,0.4876302182674408,5.3181618568487465e-05,-16800.01953125,0.498046875,1.0,1.0,0.24497997760772705,6550.181640625,6550.4267578125,0.00091
1,encoder.layers.1.blocks.7.output.dense,12.358566284179688,6.578788757324219,-5.779777526855469,-2.0034980479977094e-05,-0.0006106580840423703,-0.0006771492771804333,0.0006771645275875926,0.4791666865348816,0.5208333730697632,-0.0019378671422600746,0.0010207024170085788,-0.5887898206710815,0.3067309260368347,0.4557291865348816,0.5442708730697632,-72499.640625,0.9550302624702454,-363060.84375,2.0942881107330322,0.4791666865348816,0.5208333730697632,-7.249964255606756e-06,-72499.640625,0.4791666865348816,0.5208333730697632,1.2306069947953802e-05,-7249.96484375,0.4765625,1.0,1.0,0.24497997760772705,6550.181640625,6550.4267578125,0.00091
1,encoder.layers.1.downsample.reduction,12.724271774291992,7.218829154968262,-5.5054426193237305,-2.334034797968343e-05,-0.000601886713411659,-0.0006771563203074038,0.0006771645857952535,0.4765625,0.5234375,0.0012824242003262043,0.00027498137205839157,-0.2296295464038849,0.14733032882213593,0.44921875,0.55078125,-36503.84375,0.563965916633606,-126882.296875,1.333572506904602,0.4765625,0.5234375,-3.6503843148238957e-06,-36503.84375,0.4765625,0.5234375,4.656777946365764e-06,-3650.384521484375,0.5377604365348816,1.0,1.0,0.24497997760772705,6550.181640625,6550.4267578125,0.00091
1,encoder.layers.2.blocks.0.attention.self.continuous_position_bias_mlp.0,8.20869255065918,7.981217861175537,-0.22747434675693512,2.445667632855475e-06,-0.00022058375179767609,-0.00067710573785007,0.0006771645275875926,0.482421875,0.509765625,8.120437269099057e-05,0.0,-0.018561452627182007,0.009546959772706032,0.48828125,0.5,-4041.416748046875,0.00899945292621851,-569767.0625,1.5392566919326782,0.478515625,0.51171875,-4.0414170143776573e-07,-4041.41650390625,0.478515625,0.513671875,-4.115146293770522e-05,-404.1416931152344,0.5158103108406067,0.9960552453994751,0.9960629940032959,0.24497997760772705,6550.181640625,6550.4267578125,0.00091
1,encoder.layers.2.blocks.0.attention.self.continuous_position_bias_mlp.2,7.940097808837891,7.968088150024414,0.02799014374613762,-8.91086456249468e-05,-0.00025266315788030624,-0.0006762181874364614,0.0006756291841156781,0.5,0.5,0.004190999548882246,0.000599672319367528,-0.008130280300974846,0.026621730998158455,0.3333333432674408,0.6666666865348816,-0.052984245121479034,0.0023001134395599365,-1.121619462966919,0.32000401616096497,0.4166666865348816,0.5833333730697632,-5.298424459593276e-12,-0.048793233931064606,0.4166666865348816,0.5833333730697632,-0.0002588134375400841,-0.0051122563891112804,0.5,0.75,0.75,0.24497997760772705,6550.181640625,6550.4267578125,0.00091
1,encoder.layers.2.blocks.0.attention.self.query,12.993803024291992,7.27756404876709,-5.716240882873535,-4.927233931084629e-06,-0.0006733477348461747,-0.0006771620828658342,0.0006771645857952535,0.49609375,0.50390625,-3.2303403258993058e-06,6.768486855435185e-06,-0.00508676003664732,0.003312096931040287,0.484375,0.515625,-36045.60546875,0.47523146867752075,-221886.09375,1.8170201778411865,0.49609375,0.50390625,-3.6045603337697685e-06,-36045.60546875,0.49609375,0.50390625,5.713421842301614e-07,-3604.560546875,0.5065104365348816,1.0,1.0,0.24497997760772705,6550.181640625,6550.4267578125,0.00091
1,encoder.layers.2.blocks.0.attention.self.key,13.09396743774414,7.339951992034912,-5.754015922546387,4.3494827650647494e-07,-0.0006690665031783283,-0.0006771644111722708,0.0006771645857952535,0.5,0.5,8.90486262505874e-06,1.5377881936728954e-06,-0.0051611377857625484,0.004821610637009144,0.4986979365348816,0.5013021230697632,-34216.671875,-42580.62109375,-199527.09375,1.5805277824401855,0.5,0.5,-3.421667770453496e-06,-34216.671875,0.5,0.5,-2.0850645796599565e-06,-3421.66748046875,0.51171875,1.0,1.0,0.24497997760772705,6550.181640625,6550.4267578125,0.00091
1,encoder.layers.2.blocks.0.attention.self.value,12.672216415405273,6.400960922241211,-6.27125358581543,1.9694109141710214e-05,0.0006771641783416271,-0.000677164294756949,0.0006771645857952535,0.5130208730697632,0.4869791865348816,0.0003072282997891307,7.238810212584212e-06,-0.03394963592290878,0.04270897060632706,0.48046875,0.51953125,-122421.109375,-48391.71484375,-692107.1875,3.080946207046509,0.5130208730697632,0.4869791865348816,-1.2242110642546322e-05,-122421.109375,0.5130208730697632,0.4869791865348816,9.064211553777568e-06,-12242.111328125,0.4986979365348816,1.0,1.0,0.24497997760772705,6550.181640625,6550.4267578125,0.00091
1,encoder.layers.2.blocks.0.attention.output.dense,12.824935913085938,6.57022762298584,-6.254708766937256,2.29417400987586e-05,0.000677164236549288,-0.0006771643529646099,0.0006771645857952535,0.515625,0.484375,0.00050612713675946,5.1866547437384725e-05,-0.05873947963118553,0.11633074283599854,0.453125,0.546875,-81823.78125,-68720.40625,-353367.71875,2.131362199783325,0.515625,0.484375,-8.18237731436966e-06,-81823.7734375,0.515625,0.484375,3.189397830283269e-05,-8182.376953125,0.5416666865348816,1.0,1.0,0.24497997760772705,6550.181640625,6550.4267578125,0.00091
1,encoder.layers.2.blocks.0.intermediate.dense,11.283758163452148,5.178695201873779,-6.105063438415527,-9.254543329006992e-06,-0.000673765956889838,-0.0006771645275875926,0.0006771645857952535,0.4928385615348816,0.5071614980697632,-8.35034552437719e-06,3.076561370107811e-07,-0.0066654253751039505,0.008706272579729557,0.4944661557674408,0.5055338740348816,-197978.15625,0.381297767162323,-692319.0,13.47761058807373,0.4928385615348816,0.5071614980697632,-1.9797815184574574e-05,-197978.15625,0.4928385615348816,0.5071614980697632,-7.619672715009074e-07,-19797.81640625,0.5016276240348816,1.0,1.0,0.24497997760772705,6550.181640625,6550.4267578125,0.00091
1,encoder.layers.2.blocks.0.output.dense,12.249995231628418,6.213141441345215,-6.036853313446045,-1.0363602996221744e-05,-0.000672993017360568,-0.0006771644111722708,0.0006771645275875926,0.4921875,0.5078125,-0.0001356690190732479,3.4068543754983693e-06,-0.030963284894824028,0.009370202198624611,0.4895833432674408,0.5104166865348816,-103943.1484375,0.8639408349990845,-389695.28125,2.2462637424468994,0.4921875,0.5078125,-1.0394314813311212e-05,-103943.1484375,0.4921875,0.5078125,3.161651648042607e-06,-10394.31640625,0.4713541865348816,1.0,1.0,0.24497997760772705,6550.181640625,6550.4267578125,0.00091
1,encoder.layers.2.blocks.1.attention.self.continuous_position_bias_mlp.0,8.593428611755371,7.9102325439453125,-0.6831960678100586,2.164920442737639e-05,0.0,-0.0006771644111722708,0.0006771645275875926,0.4765625,0.453125,-1.1670063031488098e-06,0.0,-0.002078541088849306,0.002231293823570013,0.455078125,0.453125,-11400.4296875,0.0,-645309.5,4.658181667327881,0.474609375,0.4453125,-1.1400429684726987e-06,-11400.4296875,0.4765625,0.453125,4.235434516886016e-06,-1140.0430908203125,0.49677419662475586,1.0,1.0,0.24497997760772705,6550.181640625,6550.4267578125,0.00091
1,encoder.layers.2.blocks.1.attention.self.continuous_position_bias_mlp.2,9.155590057373047,7.990955352783203,-1.1646349430084229,6.257383211050183e-05,-7.743015885353088e-06,-0.0006770163308829069,0.0006771644111722708,0.5,0.5,-0.00018765222921501845,-0.0004945373511873186,-0.0014613282401114702,0.0018078788416460156,0.6666666865348816,0.3333333432674408,-3641.6787109375,-0.04443945363163948,-43692.19140625,0.20612691342830658,0.5,0.5,-3.641679029442457e-07,-3641.6787109375,0.5,0.5,2.175782537960913e-05,-364.1678466796875,0.3333333432674408,1.0,1.0,0.24497997760772705,6550.181640625,6550.4267578125,0.00091
1,encoder.layers.2.blocks.1.attention.self.query,13.351984977722168,7.31986141204834,-6.032123565673828,2.6580592020764016e-05,0.0006771644111722708,-0.0006771637708880007,0.0006771645857952535,0.51953125,0.48046875,9.229154784407001e-06,-1.9938088371418417e-06,-0.0026012971065938473,0.003152015618979931,0.50390625,0.49609375,-35988.0625,-54047.734375,-175832.390625,1.0786941051483154,0.51953125,0.48046875,-3.598806415539002e-06,-35988.0625,0.51953125,0.48046875,3.120492237940198e-06,-3598.806396484375,0.4895833432674408,1.0,1.0,0.24497997760772705,6550.181640625,6550.4267578125,0.00091
1,encoder.layers.2.blocks.1.attention.self.key,13.308760643005371,7.335201263427734,-5.973559379577637,2.1313804609235376e-05,0.0006771644111722708,-0.0006771623156964779,0.0006771645857952535,0.515625,0.484375,-1.0257323083351366e-05,-7.766921044094488e-06,-0.002202829113230109,0.002635534154251218,0.5169271230697632,0.4830729365348816,-35319.84375,-46344.3984375,-143677.578125,1.5222834348678589,0.515625,0.484375,-3.5319849303050432e-06,-35319.84375,0.515625,0.484375,9.914161864799098e-07,-3531.98486328125,0.4856770932674408,1.0,1.0,0.24497997760772705,6550.181640625,6550.4267578125,0.00091
1,encoder.layers.2.blocks.1.attention.self.value,12.63245677947998,6.868128776550293,-5.7643280029296875,-1.530573717900552e-05,-0.000671238754875958,-0.0006771644111722708,0.0006771645857952535,0.48828125,0.51171875,3.004007157869637e-05,-2.485016011632979e-06,-0.011685004457831383,0.0165066160261631,0.5026041865348816,0.4973958432674408,-72791.109375,0.5470371842384338,-691047.0,3.171704053878784,0.48828125,0.51171875,-7.279110832314473e-06,-72791.109375,0.48828125,0.51171875,1.658816245253547e-06,-7279.11083984375,0.4908854365348816,1.0,1.0,0.24497997760772705,6550.181640625,6550.4267578125,0.00091
1,encoder.layers.2.blocks.1.attention.output.dense,12.667414665222168,6.720727443695068,-5.946687698364258,-4.677403467212571e-06,-0.0006621218635700643,-0.000677164236549288,0.0006771645857952535,0.49609375,0.50390625,7.997903594514355e-05,1.1251711839577183e-05,-0.022733673453330994,0.03397231549024582,0.4739583432674408,0.5260416865348816,-72911.375,0.6245434880256653,-412444.21875,2.2633585929870605,0.49609375,0.50390625,-7.291137990250718e-06,-72911.375,0.49609375,0.50390625,2.2089866433816496e-06,-7291.13818359375,0.4908854365348816,1.0,1.0,0.24497997760772705,6550.181640625,6550.4267578125,0.00091
1,encoder.layers.2.blocks.1.intermediate.dense,11.449163436889648,5.208651542663574,-6.240512371063232,6.524676336994162e-06,0.0006771643529646099,-0.0006771645275875926,0.0006771645857952535,0.5045573115348816,0.4954427182674408,8.395339136768598e-06,6.84048245602753e-07,-0.00786754209548235,0.008635744452476501,0.4918619990348816,0.5081380605697632,-195121.59375,-37067.02734375,-692116.625,10.16176700592041,0.5045573115348816,0.4954427182674408,-1.951215926965233e-05,-195121.59375,0.5045573115348816,0.4954427182674408,1.3731972785535618e-06,-19512.16015625,0.5055338740348816,1.0,1.0,0.24497997760772705,6550.181640625,6550.4267578125,0.00091
1,encoder.layers.2.blocks.1.output.dense,12.357479095458984,6.41879940032959,-5.938680648803711,-1.547951251268387e-05,-0.0006711468449793756,-0.0006771643529646099,0.0006771645857952535,0.48828125,0.51171875,-8.038715168368071e-05,-8.198403520509601e-07,-0.01800353266298771,0.009003955870866776,0.50390625,0.49609375,-87123.3515625,0.9089139103889465,-331902.09375,2.0507137775421143,0.48828125,0.51171875,-8.712335329619236e-06,-87123.3515625,0.48828125,0.51171875,-1.6846650396473706e-05,-8712.3359375,0.5104166865348816,1.0,1.0,0.24497997760772705,6550.181640625,6550.4267578125,0.00091
1,encoder.layers.2.blocks.2.attention.self.continuous_position_bias_mlp.0,8.311033248901367,7.913581371307373,-0.397452175617218,-5.3247829782776535e-05,-0.000622656662017107,-0.0006771644111722708,0.0006771645275875926,0.4375,0.521484375,4.2870517063420266e-05,1.562327452120371e-05,-0.0025265119038522243,0.0024882543366402388,0.427734375,0.529296875,-6148.1865234375,0.01826241798698902,-684478.625,4.278102397918701,0.435546875,0.51953125,-6.148187026155938e-07,-6148.18603515625,0.4375,0.521484375,-4.32326032751007e-06,-614.818603515625,0.497959166765213,1.0,1.0,0.24497997760772705,6550.181640625,6550.4267578125,0.00091
1,encoder.layers.2.blocks.2.attention.self.continuous_position_bias_mlp.2,7.989405632019043,7.9858245849609375,-0.0035806894302368164,-0.00013218712410889566,-0.0005180072039365768,-0.0006762673147022724,0.0006770847830921412,0.3333333432674408,0.6666666865348816,0.000171429812326096,-9.762895933818072e-05,-0.0017185345059260726,0.003865958424285054,0.5833333730697632,0.4166666865348816,-0.020084142684936523,0.008579789660871029,-0.21537217497825623,0.08896710723638535,0.4166666865348816,0.5833333730697632,-2.00841426822862e-12,-0.019912712275981903,0.4166666865348816,0.5833333730697632,-7.252395153045654e-05,-0.002056542783975601,0.5833333730697632,0.9166666865348816,0.9166666865348816,0.24497997760772705,6550.181640625,6550.4267578125,0.00091
1,encoder.layers.2.blocks.2.attention.self.query,13.230697631835938,7.372830390930176,-5.857867240905762,1.0718834346334916e-05,0.0006771644111722708,-0.0006771631306037307,0.0006771645857952535,0.5078125,0.4921875,5.472011253004894e-06,1.4144947272143327e-05,-0.0020038846414536238,0.0013804956106469035,0.46875,0.53125,-33453.1484375,-47981.05078125,-130374.6015625,1.033673644065857,0.5078125,0.4921875,-3.3453150081186322e-06,-33453.1484375,0.5078125,0.4921875,1.575890337335295e-06,-3345.31494140625,0.4791666865348816,1.0,1.0,0.24497997760772705,6550.181640625,6550.4267578125,0.00091
1,encoder.layers.2.blocks.2.attention.self.key,13.391195297241211,7.395756721496582,-5.995439052581787,2.6594263545121066e-05,0.0006771644111722708,-0.0006771631306037307,0.0006771645857952535,0.51953125,0.48046875,8.168742056113842e-07,-6.682588718831539e-06,-0.002905692672356963,0.002611157950013876,0.515625,0.484375,-33196.95703125,-47687.08984375,-127770.328125,0.9641701579093933,0.51953125,0.48046875,-3.319695679238066e-06,-33196.95703125,0.51953125,0.48046875,-7.184693231465644e-07,-3319.6953125,0.4830729365348816,1.0,1.0,0.24497997760772705,6550.181640625,6550.4267578125,0.00091
1,encoder.layers.2.blocks.2.attention.self.value,13.324249267578125,7.043519496917725,-6.280729293823242,4.1100094676949084e-05,0.0006771644111722708,-0.0006771644111722708,0.0006771645857952535,0.5299479365348816,0.4700520932674408,3.870789805660024e-05,2.0519419194897637e-06,-0.010651564225554466,0.011204916052520275,0.4947916865348816,0.5052083730697632,-62663.484375,-56669.58203125,-689411.0625,3.001685380935669,0.5299479365348816,0.4700520932674408,-6.266348464123439e-06,-62663.4921875,0.5299479365348816,0.4700520932674408,1.1747203643608373e-05,-6266.34912109375,0.5091146230697632,1.0,1.0,0.24497997760772705,6550.181640625,6550.4267578125,0.00091
1,encoder.layers.2.blocks.2.attention.output.dense,13.154064178466797,6.782066345214844,-6.371997833251953,3.9220190956257284e-05,0.0006771643529646099,-0.000677164294756949,0.0006771645857952535,0.5286458730697632,0.4713541865348816,-6.902586756041273e-05,4.712970621767454e-06,-0.028481658548116684,0.01676204614341259,0.4856770932674408,0.5143229365348816,-72692.203125,-64364.51953125,-406534.53125,2.2901265621185303,0.5286458730697632,0.4713541865348816,-7.269220986927394e-06,-72692.203125,0.5286458730697632,0.4713541865348816,2.983797458000481e-05,-7269.22021484375,0.5299479365348816,1.0,1.0,0.24497997760772705,6550.181640625,6550.4267578125,0.00091
1,encoder.layers.2.blocks.2.intermediate.dense,11.442214012145996,5.516539573669434,-5.9256744384765625,-1.6401090761064552e-05,-0.0006726995343342423,-0.0006771645275875926,0.0006771645857952535,0.4876302182674408,0.5123698115348816,1.2867479199485388e-05,1.7503334674984217e-06,-0.007565333042293787,0.005662288051098585,0.4820963740348816,0.5179036855697632,-165578.78125,0.4340534210205078,-690120.25,4.804662227630615,0.4876302182674408,0.5123698115348816,-1.6557878552703187e-05,-165578.78125,0.4876302182674408,0.5123698115348816,-8.431504170403059e-07,-16557.87890625,0.5133463740348816,1.0,1.0,0.24497997760772705,6550.181640625,6550.4267578125,0.00091
1,encoder.layers.2.blocks.2.output.dense,12.718077659606934,6.507011413574219,-6.211065292358398,1.2788394087692723e-05,0.0006771643529646099,-0.000677164294756949,0.0006771645857952535,0.5091146230697632,0.4908854365348816,6.583666254300624e-05,-6.421418220270425e-06,-0.014205874875187874,0.018346285447478294,0.5221354365348816,0.4778645932674408,-82564.875,-77584.1328125,-299428.90625,1.9749054908752441,0.5091146230697632,0.4908854365348816,-8.256488399638329e-06,-82564.875,0.5091146230697632,0.4908854365348816,-8.929407158575486e-06,-8256.48828125,0.4921875,1.0,1.0,0.24497997760772705,6550.181640625,6550.4267578125,0.00091
1,encoder.layers.2.blocks.3.attention.self.continuous_position_bias_mlp.0,8.312397003173828,7.936234474182129,-0.3761620819568634,-2.039537503151223e-05,-0.0006139250472187996,-0.0006771644111722708,0.0006771645275875926,0.48046875,0.515625,9.016829608299304e-06,3.629655111581087e-06,-0.001906898571178317,0.0034870365634560585,0.48828125,0.505859375,-2914.296875,0.01584387570619583,-453546.5625,4.160654544830322,0.48046875,0.515625,-2.9142972834961256e-07,-2914.29736328125,0.48046875,0.515625,-5.006914761906955e-06,-291.42974853515625,0.5068762302398682,1.0,1.0,0.24497997760772705,6550.181640625,6550.4267578125,0.00091
1,encoder.layers.2.blocks.3.attention.self.continuous_position_bias_mlp.2,7.914319038391113,7.96204137802124,0.04772254079580307,-0.00019107668776996434,-0.0006741941906511784,-0.0006770770996809006,0.0006771425250917673,0.3333333432674408,0.6666666865348816,0.0004332176176831126,-2.2793046809965745e-05,-0.002152621978893876,0.005286430474370718,0.5833333730697632,0.4166666865348816,-0.005032780580222607,0.02842155657708645,-0.2812251150608063,0.0726904422044754,0.3333333432674408,0.6666666865348816,-5.032781374807171e-13,-0.004599566571414471,0.3333333432674408,0.6666666865348816,-2.9825325327692553e-05,-0.0004867992247454822,0.4166666865348816,1.0,1.0,0.24497997760772705,6550.181640625,6550.4267578125,0.00091
1,encoder.layers.2.blocks.3.attention.self.query,12.651077270507812,7.388476371765137,-5.262601375579834,-4.7398905735462904e-05,-0.0006761678960174322,-0.0006771644111722708,0.0006771645857952535,0.46484375,0.53515625,-3.273031325079501e-05,-1.2938569852849469e-05,-0.00773701723664999,0.003704490140080452,0.5208333730697632,0.4791666865348816,-29922.1171875,0.5766034722328186,-90878.109375,0.9416477084159851,0.46484375,0.53515625,-2.9922116482339334e-06,-29922.1171875,0.46484375,0.53515625,-2.8814872621296672e-06,-2992.211669921875,0.4830729365348816,1.0,1.0,0.24497997760772705,6550.181640625,6550.4267578125,0.00091
1,encoder.layers.2.blocks.3.attention.self.key,13.034361839294434,7.40112829208374,-5.633234024047852,-1.041064751916565e-05,-0.0006758294766768813,-0.0006771632470190525,0.0006771645857952535,0.4921875,0.5078125,-2.5124397780018626e-06,-2.583914465503767e-05,-0.002231180900707841,0.0017091678455471992,0.5364583730697632,0.4635416865348816,-31400.841796875,0.5281732678413391,-87069.0234375,0.967176079750061,0.4921875,0.5078125,-3.1400841180584393e-06,-31400.841796875,0.4921875,0.5078125,7.745822472315922e-07,-3140.08447265625,0.4869791865348816,1.0,1.0,0.24497997760772705,6550.181640625,6550.4267578125,0.00091
1,encoder.layers.2.blocks.3.attention.self.value,12.828216552734375,7.008063316345215,-5.820154190063477,-4.2806982492038514e-06,-0.000659937271848321,-0.0006771641783416271,0.0006771645857952535,0.49609375,0.50390625,0.00019437415176071227,2.667393709998578e-05,-0.0286908820271492,0.03192467987537384,0.46875,0.53125,-59799.21484375,0.5218999981880188,-559982.75,2.5491976737976074,0.49609375,0.50390625,-5.979921752441442e-06,-59799.21484375,0.49609375,0.50390625,2.2801061277277768e-05,-5979.9208984375,0.51953125,1.0,1.0,0.24497997760772705,6550.181640625,6550.4267578125,0.00091
1,encoder.layers.2.blocks.3.attention.output.dense,12.765841484069824,6.999607086181641,-5.766232967376709,-1.114726001105737e-05,-0.0006579971523024142,-0.0006771634798496962,0.0006771645857952535,0.4908854365348816,0.5091146230697632,-0.00024786440189927816,1.1141597497044131e-05,-0.032408278435468674,0.027352899312973022,0.4895833432674408,0.5104166865348816,-52675.9296875,0.6196402907371521,-355017.0625,2.154587984085083,0.4908854365348816,0.5091146230697632,-5.267592769087059e-06,-52675.9296875,0.4908854365348816,0.5091146230697632,-4.0552904465585016e-06,-5267.5927734375,0.5247396230697632,1.0,1.0,0.24497997760772705,6550.181640625,6550.4267578125,0.00091
1,encoder.layers.2.blocks.3.intermediate.dense,11.270200729370117,5.312069892883301,-5.9581298828125,-1.6954863895080052e-05,-0.0006699278019368649,-0.0006771644111722708,0.0006771645857952535,0.4869791865348816,0.5130208730697632,2.464835006321664e-06,-8.459303444396937e-07,-0.010722937993705273,0.010863244533538818,0.50390625,0.49609375,-176104.1875,0.45001161098480225,-691286.0,6.856927394866943,0.4869791865348816,0.5130208730697632,-1.761041858117096e-05,-176104.1875,0.4869791865348816,0.5130208730697632,-4.455607722775312e-06,-17610.419921875,0.50390625,1.0,1.0,0.24497997760772705,6550.181640625,6550.4267578125,0.00091
1,encoder.layers.2.blocks.3.output.dense,12.79794692993164,6.5727691650390625,-6.225177764892578,1.467106631025672e-05,0.000677164294756949,-0.0006771638290956616,0.0006771645857952535,0.5104166865348816,0.4895833432674408,-0.00013126662815921009,-7.587368600070477e-07,-0.04993707314133644,0.04118586331605911,0.5013021230697632,0.4986979365348816,-78612.734375,-85411.921875,-300564.8125,1.9546351432800293,0.5104166865348816,0.4895833432674408,-7.861273843445815e-06,-78612.734375,0.5104166865348816,0.4895833432674408,3.342169657116756e-05,-7861.2734375,0.51171875,1.0,1.0,0.24497997760772705,6550.181640625,6550.4267578125,0.00091
1,encoder.layers.2.blocks.4.attention.self.continuous_position_bias_mlp.0,8.598884582519531,7.772181987762451,-0.8267029523849487,-8.660681487526745e-06,0.0,-0.0006771644111722708,0.0006771645275875926,0.48046875,0.498046875,3.0755469197174534e-05,2.7266971301287413e-05,-0.002556177321821451,0.002070026006549597,0.4453125,0.52734375,-18632.46875,0.0,-691873.5625,29.203168869018555,0.48046875,0.498046875,-1.8632467799761798e-06,-18632.46875,0.48046875,0.498046875,-5.419502713266411e-07,-1863.246826171875,0.5240963697433472,1.0,1.0,0.24497997760772705,6550.181640625,6550.4267578125,0.00091
1,encoder.layers.2.blocks.4.attention.self.continuous_position_bias_mlp.2,7.883153438568115,7.969677925109863,0.08652456849813461,-0.0002491598716005683,-0.0006458810530602932,-0.0006770726758986712,0.0006647086702287197,0.3333333432674408,0.6666666865348816,0.0006405320600606501,2.5893416022881866e-05,-0.0008150856592692435,0.004669962916523218,0.3333333432674408,0.6666666865348816,0.01414535939693451,0.014292600564658642,-0.0502077080309391,0.053110867738723755,0.3333333432674408,0.6666666865348816,1.41453602303665e-12,0.014785892330110073,0.3333333432674408,0.6666666865348816,7.852986891521141e-05,0.001549266162328422,0.6666666865348816,1.0,1.0,0.24497997760772705,6550.181640625,6550.4267578125,0.00091
1,encoder.layers.2.blocks.4.attention.self.query,13.327093124389648,7.434046745300293,-5.893045425415039,1.7774647858459502e-05,0.0006771644111722708,-0.0006771641783416271,0.0006771645857952535,0.5130208730697632,0.4869791865348816,-2.9472363166860305e-05,-9.704038347990718e-06,-0.0017410244327038527,0.0011625082697719336,0.5182291865348816,0.4817708432674408,-31529.875,-47109.8125,-93470.1796875,1.0057170391082764,0.5130208730697632,0.4869791865348816,-3.152987801513518e-06,-31529.875,0.5130208730697632,0.4869791865348816,4.0451686800224707e-07,-3152.98779296875,0.4869791865348816,1.0,1.0,0.24497997760772705,6550.181640625,6550.4267578125,0.00091
1,encoder.layers.2.blocks.4.attention.self.key,13.231440544128418,7.435075283050537,-5.796365261077881,7.22321919965907e-06,0.0006771644111722708,-0.0006771624321117997,0.0006771645857952535,0.5052083730697632,0.4947916865348816,1.514215091447113e-05,-5.234236596152186e-06,-0.0036106323823332787,0.006562673486769199,0.5169271230697632,0.4830729365348816,-31236.3125,-44029.3828125,-90018.5,0.849406898021698,0.5052083730697632,0.4947916865348816,-3.1236311315296916e-06,-31236.3125,0.5052083730697632,0.4947916865348816,3.219997211090231e-07,-3123.63134765625,0.5455729365348816,1.0,1.0,0.24497997760772705,6550.181640625,6550.4267578125,0.00091
1,encoder.layers.2.blocks.4.attention.self.value,12.943632125854492,7.308174133300781,-5.6354570388793945,-1.3417304217000492e-05,-0.0006704457919113338,-0.0006771641783416271,0.0006771645857952535,0.4895833432674408,0.5104166865348816,-0.00013317636330612004,-7.403746712952852e-05,-0.027685225009918213,0.01095802616328001,0.5247396230697632,0.4752604365348816,-35155.4453125,0.5587464570999146,-376028.65625,2.1837568283081055,0.4895833432674408,0.5104166865348816,-3.5155449040757958e-06,-35155.4453125,0.4895833432674408,0.5104166865348816,1.8602077034302056e-07,-3515.544677734375,0.5325521230697632,1.0,1.0,0.24497997760772705,6550.181640625,6550.4267578125,0.00091
1,encoder.layers.2.blocks.4.attention.output.dense,12.548426628112793,6.960233688354492,-5.588193416595459,-2.9361410270212218e-05,-0.0006717178039252758,-0.0006771644111722708,0.0006771645857952535,0.4778645932674408,0.5221354365348816,-2.5267199816880748e-05,9.88560168480035e-06,-0.03388247638940811,0.0128500210121274,0.4778645932674408,0.5221354365348816,-59425.43359375,0.5777944922447205,-433537.1875,2.3164920806884766,0.4778645932674408,0.5221354365348816,-5.942543339187978e-06,-59425.43359375,0.4778645932674408,0.5221354365348816,-1.2965741916559637e-05,-5942.54296875,0.5,1.0,1.0,0.24497997760772705,6550.181640625,6550.4267578125,0.00091
1,encoder.layers.2.blocks.4.intermediate.dense,11.751701354980469,5.7038092613220215,-6.047893047332764,-3.3536985029058997e-06,-0.0006666803965345025,-0.0006771645275875926,0.0006771645857952535,0.4970703125,0.5029296875,2.6620367862051353e-05,2.4589990061940625e-06,-0.008334247395396233,0.015704477205872536,0.4869791865348816,0.5130208730697632,-156024.3125,0.3830229341983795,-688759.5625,3.9262149333953857,0.4970703125,0.5029296875,-1.5602432540617883e-05,-156024.3125,0.4970703125,0.5029296875,-6.009778417137568e-07,-15602.4326171875,0.4977213740348816,1.0,1.0,0.24497997760772705,6550.181640625,6550.4267578125,0.00091
1,encoder.layers.2.blocks.4.output.dense,13.138463973999023,6.547975063323975,-6.590489387512207,4.824127972824499e-05,0.0006771644111722708,-0.0006771630141884089,0.0006771645857952535,0.53515625,0.46484375,0.00018080323934555054,7.962007657624781e-06,-0.016309279948472977,0.042951762676239014,0.4895833432674408,0.5104166865348816,-85680.140625,-79570.5859375,-321025.59375,1.9772484302520752,0.53515625,0.46484375,-8.568013072363101e-06,-85680.140625,0.53515625,0.46484375,9.290262823924422e-06,-8568.013671875,0.51171875,1.0,1.0,0.24497997760772705,6550.181640625,6550.4267578125,0.00091
1,encoder.layers.2.blocks.5.attention.self.continuous_position_bias_mlp.0,8.431533813476562,8.00375747680664,-0.4277763366699219,-1.1865257874887902e-05,0.0,-0.0006771644111722708,0.0006771645857952535,0.373046875,0.40234375,-1.470350252930075e-05,0.0,-0.002534173196181655,0.0023347800597548485,0.416015625,0.34765625,-6388.0107421875,0.0,-535822.0,3.1211998462677,0.365234375,0.388671875,-6.388011115632253e-07,-6388.0107421875,0.373046875,0.40234375,2.998048785229912e-06,-638.8011474609375,0.5345268249511719,1.0,0.9999999403953552,0.24497997760772705,6550.181640625,6550.4267578125,0.00091
1,encoder.layers.2.blocks.5.attention.self.continuous_position_bias_mlp.2,8.056032180786133,8.00184440612793,-0.054188452661037445,1.1546682799234986e-05,-0.0003093332052230835,-0.0006767215672880411,0.0006768531166017056,0.5,0.5,-0.0002325005771126598,-2.2517688194056973e-05,-0.0025663748383522034,0.0011756645981222391,0.5833333730697632,0.4166666865348816,-0.04625120759010315,-0.01754252053797245,-0.46899423003196716,0.09749329835176468,0.5,0.5,-4.62512103269197e-12,-0.046483706682920456,0.5,0.5,5.188746945350431e-05,-0.004601671826094389,0.25,1.0,1.0,0.24497997760772705,6550.181640625,6550.4267578125,0.00091
1,encoder.layers.2.blocks.5.attention.self.query,13.184581756591797,7.4027533531188965,-5.781828880310059,5.429490556707606e-06,0.0006771644111722708,-0.0006771633052267134,0.0006771645857952535,0.50390625,0.49609375,-1.6502126527484506e-05,3.1145464163273573e-07,-0.0026439172215759754,0.002051340648904443,0.4986979365348816,0.5013021230697632,-31824.73828125,-47791.7109375,-85567.5546875,0.9492768049240112,0.50390625,0.49609375,-3.1824736197449965e-06,-31824.73828125,0.50390625,0.49609375,2.915548748205765e-06,-3182.4736328125,0.5208333730697632,1.0,1.0,0.24497997760772705,6550.181640625,6550.4267578125,0.00091
1,encoder.layers.2.blocks.5.attention.self.key,12.965421676635742,7.377597808837891,-5.587822914123535,-1.572466680954676e-05,-0.0006757968221791089,-0.000677164236549288,0.0006771645857952535,0.48828125,0.51171875,1.0552121239015833e-06,9.532106560072862e-06,-0.00233391928486526,0.0015530727105215192,0.4791666865348816,0.5208333730697632,-31824.953125,0.5544534921646118,-89877.390625,0.963544487953186,0.48828125,0.51171875,-3.182495447617839e-06,-31824.953125,0.48828125,0.51171875,-1.2272581670913496e-06,-3182.49560546875,0.4986979365348816,1.0,1.0,0.24497997760772705,6550.181640625,6550.4267578125,0.00091
1,encoder.layers.2.blocks.5.attention.self.value,12.93275260925293,7.311740875244141,-5.621011257171631,-1.5416899259435013e-05,-0.0006742531550116837,-0.0006771613843739033,0.0006771645857952535,0.48828125,0.51171875,-6.48995628580451e-05,-1.846782470238395e-05,-0.005833582021296024,0.005982090253382921,0.5104166865348816,0.4895833432674408,-34894.7734375,0.5760071277618408,-635868.8125,1.3333309888839722,0.48828125,0.51171875,-3.4894771943072556e-06,-34894.7734375,0.48828125,0.51171875,-3.766164354601642e-06,-3489.477294921875,0.45703125,1.0,1.0,0.24497997760772705,6550.181640625,6550.4267578125,0.00091
1,encoder.layers.2.blocks.5.attention.output.dense,12.441474914550781,6.461798667907715,-5.97967529296875,-6.717326868965756e-06,-0.0006715334020555019,-0.000677164294756949,0.0006771645857952535,0.4947916865348816,0.5052083730697632,-0.00010528842540225014,5.880283424630761e-07,-0.029212024062871933,0.0358332097530365,0.4973958432674408,0.5026041865348816,-104468.421875,0.6182965040206909,-487174.15625,2.434227705001831,0.4947916865348816,0.5052083730697632,-1.0446841770317405e-05,-104468.421875,0.4947916865348816,0.5052083730697632,1.4977343880673288e-06,-10446.841796875,0.5,1.0,1.0,0.24497997760772705,6550.181640625,6550.4267578125,0.00091
1,encoder.layers.2.blocks.5.intermediate.dense,12.023582458496094,6.089377403259277,-5.9342041015625,-4.512997747951886e-06,-0.0006710000452585518,-0.0006771645275875926,0.0006771645857952535,0.4964192807674408,0.5035807490348816,5.694316314475145e-06,-6.405844032997265e-08,-0.004540109541267157,0.004601175431162119,0.5009765625,0.4990234375,-135975.375,0.39634212851524353,-687072.0625,4.159439563751221,0.4964192807674408,0.5035807490348816,-1.3597535144072026e-05,-135975.375,0.4964192807674408,0.5035807490348816,-1.5806367059667537e-07,-13597.53515625,0.505859375,1.0,1.0,0.24497997760772705,6550.181640625,6550.4267578125,0.00091
1,encoder.layers.2.blocks.5.output.dense,12.702598571777344,6.512916564941406,-6.189683437347412,1.2724718544632196e-05,0.0006771643529646099,-0.0006771643529646099,0.0006771645857952535,0.5091146230697632,0.4908854365348816,-5.106922981212847e-05,3.644770913524553e-06,-0.010346708819270134,0.016352280974388123,0.48046875,0.51953125,-86500.1171875,-67751.515625,-341852.5625,2.071941375732422,0.5091146230697632,0.4908854365348816,-8.650012205180246e-06,-86500.1171875,0.5091146230697632,0.4908854365348816,-7.70373208069941e-06,-8650.01171875,0.5026041865348816,1.0,1.0,0.24497997760772705,6550.181640625,6550.4267578125,0.00091
1,encoder.layers.2.blocks.6.attention.self.continuous_position_bias_mlp.0,9.374521255493164,7.644200801849365,-1.7303193807601929,2.9116661607986316e-05,0.0,-0.0006771645275875926,0.0006771645857952535,0.34765625,0.330078125,1.0996768651239108e-06,0.0,-0.00026889669243246317,0.0005635853158310056,0.296875,0.275390625,-50720.88671875,0.0,-685137.0625,20.834918975830078,0.310546875,0.291015625,-5.0720886974886525e-06,-50720.88671875,0.34765625,0.330078125,7.709790139642791e-08,-5072.0888671875,0.5460750460624695,1.0,1.0,0.24497997760772705,6550.181640625,6550.4267578125,0.00091
1,encoder.layers.2.blocks.6.attention.self.continuous_position_bias_mlp.2,7.953714370727539,7.922933101654053,-0.03078138828277588,-0.00011293112765997648,-0.0006770406616851687,-0.0006771417683921754,0.000677163596265018,0.4166666865348816,0.5833333730697632,-4.7519028157694265e-05,-6.169256084831432e-05,-0.00024801710969768465,0.00027582759503275156,0.75,0.25,-0.3497399091720581,0.02744385413825512,-4.066868782043457,0.5550208687782288,0.4166666865348816,0.5833333730697632,-3.497399245211419e-11,-0.3497874140739441,0.4166666865348816,0.5833333730697632,1.9653766685223673e-06,-0.03497697412967682,0.3333333432674408,1.0,1.0,0.24497997760772705,6550.181640625,6550.4267578125,0.00091
1,encoder.layers.2.blocks.6.attention.self.query,12.953956604003906,7.388225078582764,-5.565731048583984,-1.7588345144758932e-05,-0.0006768301245756447,-0.0006771641783416271,0.0006771645857952535,0.4869791865348816,0.5130208730697632,6.770733307348564e-06,4.451611857803073e-06,-0.0009606928797438741,0.0007737837731838226,0.4765625,0.5234375,-31386.09765625,0.5489606857299805,-85388.421875,0.8744933605194092,0.4869791865348816,0.5130208730697632,-3.1386098271468654e-06,-31386.09765625,0.4869791865348816,0.5130208730697632,-3.917878075299086e-07,-3138.609375,0.4921875,1.0,1.0,0.24497997760772705,6550.181640625,6550.4267578125,0.00091
1,encoder.layers.2.blocks.6.attention.self.key,13.065839767456055,7.299924373626709,-5.7659149169921875,-1.7249792563234223e-06,-0.0006768451421521604,-0.0006771636544726789,0.0006771645857952535,0.4986979365348816,0.5013021230697632,7.4729086918523535e-06,4.445795639185235e-06,-0.0003638076887000352,0.0004932301817461848,0.4895833432674408,0.5104166865348816,-35515.046875,0.4431590437889099,-105423.1953125,1.0158085823059082,0.4986979365348816,0.5013021230697632,-3.5515047329681693e-06,-35515.046875,0.4986979365348816,0.5013021230697632,2.328466024437148e-07,-3551.504638671875,0.49609375,1.0,1.0,0.24497997760772705,6550.181640625,6550.4267578125,0.00091
1,encoder.layers.2.blocks.6.attention.self.value,12.833305358886719,7.355838775634766,-5.4774675369262695,-2.805306576192379e-05,-0.0006762095727026463,-0.0006771637708880007,0.0006771645857952535,0.4791666865348816,0.5208333730697632,-4.734659796667984e-06,1.3204742572270334e-05,-0.0034313825890421867,0.0048674484714865685,0.4869791865348816,0.5130208730697632,-32083.125,0.583026647567749,-100507.421875,0.9993728995323181,0.4791666865348816,0.5208333730697632,-3.2083130463433918e-06,-32083.125,0.4791666865348816,0.5208333730697632,-6.62656020722352e-07,-3208.31298828125,0.4973958432674408,1.0,1.0,0.24497997760772705,6550.181640625,6550.4267578125,0.00091
1,encoder.layers.2.blocks.6.attention.output.dense,12.405131340026855,6.323575019836426,-6.081557273864746,1.6722576390293398e-07,-0.0006694397889077663,-0.0006771641783416271,0.0006771645857952535,0.5,0.5,9.809180028241826e-07,-1.3995577319292352e-07,-0.01347423903644085,0.012250218540430069,0.5,0.5,-114391.3984375,-19.734888076782227,-482318.875,2.399729013442993,0.5,0.5,-1.1439139598223846e-05,-114391.3984375,0.5,0.5,3.9226159742611344e-07,-11439.140625,0.5,1.0,1.0,0.24497997760772705,6550.181640625,6550.4267578125,0.00091
1,encoder.layers.2.blocks.6.intermediate.dense,11.616035461425781,5.512274742126465,-6.103761672973633,4.907575998913671e-07,-0.0005630079540424049,-0.0006771645275875926,0.0006771645857952535,0.5,0.5,2.369585126871243e-05,-3.360146365594119e-07,-0.011232455261051655,0.007054626010358334,0.5029296875,0.4970703125,-171278.625,-31883.17578125,-690811.1875,5.241450309753418,0.5,0.5,-1.712786433927249e-05,-171278.625,0.5,0.5,-1.147176476479217e-06,-17127.86328125,0.5035807490348816,1.0,1.0,0.24497997760772705,6550.181640625,6550.4267578125,0.00091
1,encoder.layers.2.blocks.6.output.dense,12.828060150146484,6.608254909515381,-6.219805717468262,1.6443111235275865e-05,0.0006771643529646099,-0.0006771641783416271,0.0006771645857952535,0.51171875,0.48828125,-9.234095159627032e-06,-2.0108127500861883e-06,-0.011740489862859249,0.014242111705243587,0.5026041865348816,0.4973958432674408,-79938.546875,-74139.4609375,-346980.375,2.1093180179595947,0.51171875,0.48828125,-7.993854524102062e-06,-79938.546875,0.51171875,0.48828125,-7.881535566411912e-06,-7993.85498046875,0.4752604365348816,1.0,1.0,0.24497997760772705,6550.181640625,6550.4267578125,0.00091
1,encoder.layers.2.blocks.7.attention.self.continuous_position_bias_mlp.0,9.470084190368652,7.685842990875244,-1.7842410802841187,3.384218871360645e-05,0.0,-0.0006771645275875926,0.0006771645275875926,0.330078125,0.294921875,2.2403355615097098e-07,0.0,-0.001132430974394083,0.0010002626804634929,0.265625,0.208984375,-29833.15234375,0.0,-681060.75,16.047576904296875,0.2734375,0.259765625,-2.9833149710611906e-06,-29833.15234375,0.330078125,0.294921875,2.683065360997716e-07,-2983.3154296875,0.5308641791343689,1.0,1.0,0.24497997760772705,6550.181640625,6550.4267578125,0.00091
1,encoder.layers.2.blocks.7.attention.self.continuous_position_bias_mlp.2,8.097980499267578,7.959134578704834,-0.13884644210338593,-0.00011247560905758291,-0.0006756116636097431,-0.0006771010812371969,0.00067715416662395,0.4166666865348816,0.5833333730697632,0.00011019407247658819,1.4836396076134406e-05,-0.00035388529067859054,0.0011595127871260047,0.4166666865348816,0.5833333730697632,-0.5548607110977173,0.03141495957970619,-5.998907566070557,0.6413418650627136,0.4166666865348816,0.5833333730697632,-5.54860601909013e-11,-0.5547504425048828,0.4166666865348816,0.5833333730697632,-2.2902258933754638e-06,-0.05547711253166199,0.3333333432674408,1.0,1.0,0.24497997760772705,6550.181640625,6550.4267578125,0.00091
1,encoder.layers.2.blocks.7.attention.self.query,13.193052291870117,7.512940406799316,-5.680110931396484,7.211913725768682e-06,0.0006771621410734951,-0.0006771641783416271,0.0006771645857952535,0.5052083730697632,0.4947916865348816,-7.912066394055728e-06,6.522031981148757e-06,-0.0021320199593901634,0.0033360333181917667,0.4869791865348816,0.5130208730697632,-28652.943359375,-46.18336486816406,-86977.5625,0.9127612113952637,0.5052083730697632,0.4947916865348816,-2.8652939363382757e-06,-28652.943359375,0.5052083730697632,0.4947916865348816,-1.0706289685913362e-06,-2865.29443359375,0.4973958432674408,1.0,1.0,0.24497997760772705,6550.181640625,6550.4267578125,0.00091
1,encoder.layers.2.blocks.7.attention.self.key,13.560588836669922,7.394956111907959,-6.165633201599121,5.1256509323138744e-05,0.0006771644111722708,-0.0006771643529646099,0.0006771645857952535,0.5377604365348816,0.4622395932674408,1.1464655472082086e-05,-3.5511620808392763e-06,-0.0026284295599907637,0.0020901374518871307,0.5013021230697632,0.4986979365348816,-34880.75,-36999.2734375,-120960.5625,1.0539745092391968,0.5377604365348816,0.4622395932674408,-3.488075435598148e-06,-34880.75,0.5377604365348816,0.4622395932674408,1.2365449038043153e-06,-3488.074951171875,0.4739583432674408,1.0,1.0,0.24497997760772705,6550.181640625,6550.4267578125,0.00091
1,encoder.layers.2.blocks.7.attention.self.value,13.227327346801758,7.507035255432129,-5.720292091369629,4.069364422321087e-06,0.0006771643529646099,-0.0006771576590836048,0.0006771645857952535,0.5026041865348816,0.4973958432674408,-1.3797825886285864e-05,-3.922048199456185e-05,-0.009272482246160507,0.00966721773147583,0.5104166865348816,0.4895833432674408,-28506.203125,-44751.1328125,-77675.4921875,0.9058369994163513,0.5026041865348816,0.4973958432674408,-2.8506201488198712e-06,-28506.203125,0.5026041865348816,0.4973958432674408,6.3651659729657695e-06,-2850.62060546875,0.5260416865348816,1.0,1.0,0.24497997760772705,6550.181640625,6550.4267578125,0.00091
1,encoder.layers.2.blocks.7.attention.output.dense,13.043418884277344,6.996438980102539,-6.046979904174805,1.8013948647421785e-05,0.0006771643529646099,-0.0006771639455109835,0.0006771645857952535,0.5130208730697632,0.4869791865348816,-1.9840666936943308e-05,-3.144759830320254e-06,-0.01638804003596306,0.018774716183543205,0.5104166865348816,0.4895833432674408,-59962.5,-51943.64453125,-448562.5,2.3423585891723633,0.5130208730697632,0.4869791865348816,-5.996250820317073e-06,-59962.5,0.5130208730697632,0.4869791865348816,5.9804269767482765e-06,-5996.25,0.5026041865348816,1.0,1.0,0.24497997760772705,6550.181640625,6550.4267578125,0.00091
1,encoder.layers.2.blocks.7.intermediate.dense,11.460790634155273,5.650541305541992,-5.810248851776123,-2.3736194634693675e-05,-0.0006723449332639575,-0.0006771645275875926,0.0006771645857952535,0.4820963740348816,0.5179036855697632,7.344078767346218e-06,-6.519730959553272e-07,-0.006701398640871048,0.0070302593521773815,0.505859375,0.494140625,-153070.53125,0.47068455815315247,-688095.6875,5.52068567276001,0.4820963740348816,0.5179036855697632,-1.5307054127333686e-05,-153070.53125,0.4820963740348816,0.5179036855697632,-1.8989987893291982e-06,-15307.052734375,0.4918619990348816,1.0,1.0,0.24497997760772705,6550.181640625,6550.4267578125,0.00091
1,encoder.layers.2.blocks.7.output.dense,12.618223190307617,6.742379188537598,-5.875843048095703,-1.1621898011071607e-05,-0.0006688102148473263,-0.0006771633634343743,0.0006771645857952535,0.4908854365348816,0.5091146230697632,1.5059568795550149e-05,-1.6884187061805278e-06,-0.028606247156858444,0.012411979027092457,0.5013021230697632,0.4986979365348816,-67021.046875,0.7843868732452393,-314549.03125,2.0114853382110596,0.4908854365348816,0.5091146230697632,-6.702104656142183e-06,-67021.046875,0.4908854365348816,0.5091146230697632,-1.1222842658753507e-05,-6702.10498046875,0.4921875,1.0,1.0,0.24497997760772705,6550.181640625,6550.4267578125,0.00091
1,encoder.layers.2.downsample.reduction,13.020179748535156,7.227642059326172,-5.792539119720459,-4.146349965594709e-07,-0.0006436101393774152,-0.0006771644111722708,0.0006771645857952535,0.4986979365348816,0.5013021230697632,0.00032450497383251786,1.9404116756049916e-05,-0.02871488407254219,0.059344466775655746,0.4772135615348816,0.5227864980697632,-39743.62890625,0.48267918825149536,-157516.546875,1.3664082288742065,0.4986979365348816,0.5013021230697632,-3.974362698500045e-06,-39743.625,0.4986979365348816,0.5013021230697632,-2.678493910934776e-05,-3974.36279296875,0.517578125,1.0,1.0,0.24497997760772705,6550.181640625,6550.4267578125,0.00091
1,encoder.layers.3.blocks.0.attention.self.continuous_position_bias_mlp.0,8.897737503051758,7.8194074630737305,-1.0783296823501587,-1.9358136341907084e-05,0.0,-0.000677164236549288,0.0006771645275875926,0.390625,0.419921875,6.80060256854631e-05,0.0,-0.0010894606821238995,0.001587199280038476,0.322265625,0.46875,-11956.072265625,0.0,-684472.1875,6.624507427215576,0.38671875,0.419921875,-1.195607183035463e-06,-11956.072265625,0.390625,0.419921875,-1.5982052445906447e-06,-1195.6072998046875,0.5456790328025818,1.0,1.0,0.24497997760772705,6550.181640625,6550.4267578125,0.00091
1,encoder.layers.3.blocks.0.attention.self.continuous_position_bias_mlp.2,8.021759033203125,7.97786283493042,-0.04389601945877075,-0.00011118293332401663,-0.0006687850691378117,-0.0006765380967408419,0.0006771170883439481,0.4166666865348816,0.5833333730697632,-0.00011503450514283031,-0.0003004784230142832,-0.0014393345918506384,0.003456530161201954,0.7083333730697632,0.2916666865348816,-0.11736118793487549,0.05097516253590584,-1.2426953315734863,0.1917281597852707,0.4166666865348816,0.5833333730697632,-1.1736119021055202e-11,-0.1174762099981308,0.4166666865348816,0.5833333730697632,-1.0485298844287172e-05,-0.011757059022784233,0.375,1.0,1.0,0.24497997760772705,6550.181640625,6550.4267578125,0.00091
1,encoder.layers.3.blocks.0.attention.self.query,12.923755645751953,7.020594596862793,-5.903161525726318,9.383438737131655e-07,0.0006771643529646099,-0.000677164294756949,0.0006771645857952535,0.5006510615348816,0.4993489682674408,-1.0649712749000173e-05,-6.232822670426685e-06,-0.0013543873792514205,0.0010031657293438911,0.5130208730697632,0.4869791865348816,-46483.4765625,-70583.078125,-127001.3125,1.237183928489685,0.5006510615348816,0.4993489682674408,-4.64834738522768e-06,-46483.4765625,0.5006510615348816,0.4993489682674408,4.838698259845842e-07,-4648.34716796875,0.513671875,1.0,1.0,0.24497997760772705,6550.181640625,6550.4267578125,0.00091
1,encoder.layers.3.blocks.0.attention.self.key,12.987180709838867,7.006295680999756,-5.980884075164795,7.99263762019109e-06,0.0006771644111722708,-0.0006771644111722708,0.0006771645857952535,0.505859375,0.494140625,4.178321432846133e-06,-1.8840073607861996e-06,-0.0006805339362472296,0.0009896274423226714,0.5045573115348816,0.4954427182674408,-47576.16796875,-73404.4453125,-131058.8125,1.2526960372924805,0.505859375,0.494140625,-4.757616807182785e-06,-47576.1640625,0.505859375,0.494140625,1.1744475614250405e-07,-4757.6162109375,0.51171875,1.0,1.0,0.24497997760772705,6550.181640625,6550.4267578125,0.00091
1,encoder.layers.3.blocks.0.attention.self.value,12.843246459960938,7.081944465637207,-5.761302947998047,-1.0443896826473065e-05,-0.0006758667877875268,-0.0006771638873033226,0.0006771645857952535,0.4921875,0.5078125,-2.1932032723270822e-06,-4.234527295920998e-06,-0.0026492439210414886,0.002293812111020088,0.5065104365348816,0.4934895932674408,-43287.359375,0.6960588097572327,-134441.328125,1.1969200372695923,0.4921875,0.5078125,-4.328735485614743e-06,-43287.359375,0.4921875,0.5078125,-1.9519661691447254e-06,-4328.73583984375,0.4830729365348816,1.0,1.0,0.24497997760772705,6550.181640625,6550.4267578125,0.00091
1,encoder.layers.3.blocks.0.attention.output.dense,12.119604110717773,6.314967155456543,-5.8046369552612305,-2.8874881536467e-05,-0.000674351176712662,-0.0006771644111722708,0.0006771645857952535,0.478515625,0.521484375,9.481472261541057e-06,2.60987826550263e-06,-0.010460803285241127,0.010907987132668495,0.486328125,0.513671875,-117024.3984375,0.5531473755836487,-551795.8125,2.5774528980255127,0.478515625,0.521484375,-1.1702439223881811e-05,-117024.3984375,0.478515625,0.521484375,-1.32224749904708e-06,-11702.4404296875,0.484375,1.0,1.0,0.24497997760772705,6550.181640625,6550.4267578125,0.00091
1,encoder.layers.3.blocks.0.intermediate.dense,11.873176574707031,5.7668609619140625,-6.1063151359558105,-8.095627890725154e-06,-0.0006763312849216163,-0.0006771645275875926,0.0006771645857952535,0.4939778745174408,0.5060221552848816,-3.0834480639896356e-06,-1.7914999261847697e-07,-0.0017767588142305613,0.0016602604882791638,0.5029296875,0.4970703125,-180456.875,0.6020933389663696,-691737.9375,3.6141273975372314,0.4939778745174408,0.5060221552848816,-1.8045688193524256e-05,-180456.875,0.4939778745174408,0.5060221552848816,-2.924711566265614e-07,-18045.6875,0.50048828125,1.0,1.0,0.24497997760772705,6550.181640625,6550.4267578125,0.00091
1,encoder.layers.3.blocks.0.output.dense,12.421599388122559,5.762135982513428,-6.659461975097656,3.1834271794650704e-05,0.0006771644111722708,-0.0006771644111722708,0.0006771645857952535,0.5234375,0.4765625,1.4546089914801996e-05,3.076152097492013e-06,-0.004160890821367502,0.006089039612561464,0.4694010615348816,0.5305989980697632,-177725.3125,-79127.0546875,-663608.5625,2.6933066844940186,0.5234375,0.4765625,-1.7772530554793775e-05,-177725.3125,0.5234375,0.4765625,-3.930880154712213e-07,-17772.533203125,0.4967448115348816,1.0,1.0,0.24497997760772705,6550.181640625,6550.4267578125,0.00091
1,encoder.layers.3.blocks.1.attention.self.continuous_position_bias_mlp.0,9.760940551757812,7.792055130004883,-1.968885898590088,0.00013629453314933926,0.0006753676570951939,-0.0006771597545593977,0.0006771645857952535,0.583984375,0.3828125,-3.543765160429757e-06,-2.4753098841756582e-06,-0.0007084768149070442,0.0009776824153959751,0.51171875,0.453125,-16887.734375,-0.056225087493658066,-686241.25,4.792720317840576,0.58203125,0.3828125,-1.6887734091142192e-06,-16887.734375,0.583984375,0.3828125,3.2151567666005576e-06,-1688.7734375,0.46963563561439514,1.0,1.0,0.24497997760772705,6550.181640625,6550.4267578125,0.00091
1,encoder.layers.3.blocks.1.attention.self.continuous_position_bias_mlp.2,8.07901382446289,8.000649452209473,-0.07836447656154633,5.077726200397592e-06,-0.000563131645321846,-0.0006764181889593601,0.000676880357787013,0.5,0.5,-4.1901068470906466e-05,-5.809068898088299e-05,-0.0007109935395419598,0.0007408731617033482,0.5833333730697632,0.4166666865348816,-0.07754354923963547,-0.017182791605591774,-0.5892289280891418,0.1550309658050537,0.5,0.5,-7.754354450217882e-12,-0.07758544385433197,0.5,0.5,-7.927465958346147e-06,-0.007765678688883781,0.4166666865348816,1.0,1.0,0.24497997760772705,6550.181640625,6550.4267578125,0.00091
1,encoder.layers.3.blocks.1.attention.self.query,13.042272567749023,7.111479759216309,-5.93079137802124,7.102722520357929e-06,0.0006771644111722708,-0.000677164294756949,0.0006771645857952535,0.5052083730697632,0.4947916865348816,-4.644908131012926e-06,-3.2529733289266005e-06,-0.000689739768858999,0.0007268581539392471,0.5091146230697632,0.4908854365348816,-42876.43359375,-70211.2890625,-110083.421875,1.0728563070297241,0.5052083730697632,0.4947916865348816,-4.28764360549394e-06,-42876.43359375,0.5052083730697632,0.4947916865348816,2.35016358374196e-07,-4287.6435546875,0.48046875,1.0,1.0,0.24497997760772705,6550.181640625,6550.4267578125,0.00091
1,encoder.layers.3.blocks.1.attention.self.key,13.320155143737793,7.079631805419922,-6.240523338317871,3.619751805672422e-05,0.0006771644111722708,-0.0006771644111722708,0.0006771645857952535,0.5266927480697632,0.4733073115348816,2.5522390387777705e-06,1.815978976082988e-06,-0.0005847404827363789,0.0006842893199063838,0.494140625,0.505859375,-45831.1875,-74160.75,-117511.7109375,1.1041433811187744,0.5266927480697632,0.4733073115348816,-4.5831193347112276e-06,-45831.1875,0.5266927480697632,0.4733073115348816,7.849068310861185e-07,-4583.119140625,0.5052083730697632,1.0,1.0,0.24497997760772705,6550.181640625,6550.4267578125,0.00091
1,encoder.layers.3.blocks.1.attention.self.value,13.075472831726074,7.1989264488220215,-5.876544952392578,5.424381924967747e-06,0.0006771644111722708,-0.0006771643529646099,0.0006771645857952535,0.50390625,0.49609375,-8.363961569557432e-06,-1.8193786672782153e-06,-0.002172080334275961,0.0025057264138013124,0.5006510615348816,0.4993489682674408,-39356.87109375,-55378.91796875,-108380.8203125,1.0726064443588257,0.50390625,0.49609375,-3.935687345801853e-06,-39356.87109375,0.50390625,0.49609375,-2.4456232949887635e-07,-3935.68701171875,0.498046875,1.0,1.0,0.24497997760772705,6550.181640625,6550.4267578125,0.00091
1,encoder.layers.3.blocks.1.attention.output.dense,12.674200057983398,6.577603816986084,-6.096595287322998,6.361711712088436e-06,0.0006771643529646099,-0.0006771645275875926,0.0006771645857952535,0.5045573115348816,0.4954427182674408,-1.8401404304313473e-05,-2.2604072000831366e-06,-0.005286637227982283,0.005754584912210703,0.51171875,0.48828125,-93608.109375,-49183.80078125,-523369.125,2.891874074935913,0.5045573115348816,0.4954427182674408,-9.360812327940948e-06,-93608.109375,0.5045573115348816,0.4954427182674408,1.993334990402218e-06,-9360.8125,0.4889323115348816,1.0,1.0,0.24497997760772705,6550.181640625,6550.4267578125,0.00091
1,encoder.layers.3.blocks.1.intermediate.dense,11.696017265319824,5.868781566619873,-5.827237129211426,-2.152661545551382e-05,-0.0006765802972950041,-0.0006771645275875926,0.0006771645857952535,0.4840494990348816,0.5159505605697632,2.0927677724102978e-06,6.554428182425909e-07,-0.0018458659760653973,0.0012561979237943888,0.4900716245174408,0.5099284052848816,-116654.25,0.6979231834411621,-692087.25,5.455760478973389,0.4840494990348816,0.5159505605697632,-1.1665425518003758e-05,-116654.25,0.4840494990348816,0.5159505605697632,-6.688987923553213e-07,-11665.4248046875,0.50634765625,1.0,1.0,0.24497997760772705,6550.181640625,6550.4267578125,0.00091
1,encoder.layers.3.blocks.1.output.dense,11.540000915527344,5.058069229125977,-6.481931209564209,1.8402619161861367e-06,0.0006771643529646099,-0.0006771645275875926,0.0006771645857952535,0.5013021230697632,0.4986979365348816,7.06903483660426e-06,-8.76411831995938e-08,-0.004734309855848551,0.005308248568326235,0.5026041865348816,0.4973958432674408,-264642.8125,-64957.06640625,-692463.375,3.4658801555633545,0.5013021230697632,0.4986979365348816,-2.646428401931189e-05,-264642.8125,0.5013021230697632,0.4986979365348816,-6.812041988268902e-07,-26464.28125,0.51953125,1.0,1.0,0.24497997760772705,6550.181640625,6550.4267578125,0.00091
1,encoder.layers.3.blocks.2.attention.self.continuous_position_bias_mlp.0,8.730487823486328,7.721834182739258,-1.008653998374939,1.975976010726299e-05,0.0,-0.0006771634798496962,0.0006771645857952535,0.484375,0.455078125,1.7763644791557454e-05,8.456256182398647e-06,-0.0019069397822022438,0.002370691392570734,0.4140625,0.521484375,-17279.470703125,0.0,-684944.1875,6.601231098175049,0.482421875,0.455078125,-1.7279471649089828e-06,-17279.470703125,0.484375,0.455078125,6.12683106737677e-06,-1727.947021484375,0.49895617365837097,1.0,1.0,0.24497997760772705,6550.181640625,6550.4267578125,0.00091
1,encoder.layers.3.blocks.2.attention.self.continuous_position_bias_mlp.2,8.070413589477539,8.00691032409668,-0.06350293010473251,5.2533532652887516e-06,-0.0005854954943060875,-0.0006739026866853237,0.0006770201725885272,0.5,0.5,0.00035672655212692916,0.0002873505582101643,-0.001002577249892056,0.0021938327699899673,0.25,0.75,-0.03875664621591568,-0.020165497437119484,-0.4674067199230194,0.12795406579971313,0.5,0.5,-3.875664546237889e-12,-0.038399916142225266,0.5,0.5,2.1282532543409616e-05,-0.003820837242528796,0.4166666865348816,1.0,1.0,0.24497997760772705,6550.181640625,6550.4267578125,0.00091
1,encoder.layers.3.blocks.2.attention.self.query,13.120176315307617,7.198624610900879,-5.921550750732422,9.77336003415985e-06,0.0006771644111722708,-0.000677164294756949,0.0006771645857952535,0.5071614980697632,0.4928385615348816,4.3816271499963477e-07,-7.206337613752112e-06,-0.0006840262794867158,0.0008857998764142394,0.517578125,0.482421875,-39421.296875,-68023.2265625,-92428.6953125,0.953349769115448,0.5071614980697632,0.4928385615348816,-3.942129751521861e-06,-39421.296875,0.5071614980697632,0.4928385615348816,2.245602530592805e-07,-3942.1298828125,0.5143229365348816,1.0,1.0,0.24497997760772705,6550.181640625,6550.4267578125,0.00091
1,encoder.layers.3.blocks.2.attention.self.key,12.967597961425781,7.196440696716309,-5.771157741546631,-5.213285476202145e-06,-0.000676462019328028,-0.000677164236549288,0.0006771645857952535,0.49609375,0.50390625,-3.5402688780550307e-08,2.0004226826131344e-06,-0.0010269907070323825,0.0008651498937979341,0.4967448115348816,0.5032552480697632,-38757.59375,0.7216691374778748,-92120.9296875,0.943547785282135,0.49609375,0.50390625,-3.875759375659982e-06,-38757.59375,0.49609375,0.50390625,-4.976419063495996e-07,-3875.759521484375,0.486328125,1.0,1.0,0.24497997760772705,6550.181640625,6550.4267578125,0.00091
1,encoder.layers.3.blocks.2.attention.self.value,13.268950462341309,7.243875503540039,-6.025074005126953,2.2212803742149845e-05,0.0006771644111722708,-0.0006771644111722708,0.0006771645857952535,0.5162760615348816,0.4837239682674408,-1.5870320567046292e-05,-2.546894393162802e-05,-0.002131127519533038,0.0024108467623591423,0.5201823115348816,0.4798177182674408,-38522.02734375,-59181.640625,-130690.3515625,1.2865208387374878,0.5162760615348816,0.4837239682674408,-3.852203008136712e-06,-38522.02734375,0.5162760615348816,0.4837239682674408,-4.403341051784082e-07,-3852.20263671875,0.5182291865348816,1.0,1.0,0.24497997760772705,6550.181640625,6550.4267578125,0.00091
1,encoder.layers.3.blocks.2.attention.output.dense,12.297098159790039,5.935237884521484,-6.3618597984313965,1.0790283340611495e-05,0.0006771643529646099,-0.0006771643529646099,0.0006771645857952535,0.5078125,0.4921875,1.4259197996580042e-05,1.6814865375636145e-06,-0.009944725781679153,0.01097753457725048,0.48828125,0.51171875,-152510.40625,-50075.06640625,-533633.75,2.902817487716675,0.5078125,0.4921875,-1.5251040167640895e-05,-152510.40625,0.5078125,0.4921875,1.9902572603314184e-06,-15251.0390625,0.5182291865348816,1.0,1.0,0.24497997760772705,6550.181640625,6550.4267578125,0.00091
1,encoder.layers.3.blocks.2.intermediate.dense,12.47971248626709,6.489978313446045,-5.989734172821045,5.897069854654546e-07,0.0006771643529646099,-0.0006771645275875926,0.0006771645857952535,0.5003255605697632,0.4996744990348816,-3.397342425159877e-06,9.925588528858498e-08,-0.0037750976625829935,0.00282293395139277,0.4990234375,0.5009765625,-115374.4609375,-47352.63671875,-691617.5,4.309322834014893,0.5003255605697632,0.4996744990348816,-1.1537447790033184e-05,-115374.4609375,0.5003255605697632,0.4996744990348816,-3.905383607616386e-07,-11537.447265625,0.5045573115348816,1.0,1.0,0.24497997760772705,6550.181640625,6550.4267578125,0.00091
1,encoder.layers.3.blocks.2.output.dense,12.311278343200684,5.938999176025391,-6.372279167175293,1.426352173439227e-05,0.0006771644111722708,-0.0006771643529646099,0.0006771645857952535,0.5104166865348816,0.4895833432674408,1.647665885684546e-05,1.6726335161365569e-06,-0.006183606572449207,0.008860529400408268,0.4876302182674408,0.5123698115348816,-155070.765625,-64167.58203125,-652294.1875,2.694354772567749,0.5104166865348816,0.4895833432674408,-1.5507077478105202e-05,-155070.765625,0.5104166865348816,0.4895833432674408,5.491328010975849e-06,-15507.076171875,0.4915364682674408,1.0,1.0,0.24497997760772705,6550.181640625,6550.4267578125,0.00091
1,encoder.layers.3.blocks.3.attention.self.continuous_position_bias_mlp.0,8.652719497680664,7.826939582824707,-0.8257799744606018,-2.923549800470937e-06,0.0,-0.0006771640037186444,0.0006771645275875926,0.365234375,0.37109375,1.0528912753215991e-05,0.0,-0.001251793815754354,0.0021977568976581097,0.36328125,0.3671875,-14464.583984375,0.0,-689825.3125,4.437416076660156,0.365234375,0.365234375,-1.446458327336586e-06,-14464.583984375,0.365234375,0.37109375,1.1570518836379051e-06,-1446.45849609375,0.49197861552238464,1.0,1.0,0.24497997760772705,6550.181640625,6550.4267578125,0.00091
1,encoder.layers.3.blocks.3.attention.self.continuous_position_bias_mlp.2,8.056266784667969,8.000575065612793,-0.05569293349981308,1.3908769460613257e-06,-0.0006636516191065311,-0.00067167729139328,0.0006765627767890692,0.5,0.5,-1.4376264516613446e-05,5.8319445088272914e-05,-0.0007813270203769207,0.0004499996721278876,0.375,0.625,-0.04639369994401932,-0.02451390214264393,-0.5948917269706726,0.09719422459602356,0.5,0.5,-4.6393704850045125e-12,-0.04640807956457138,0.5,0.5,-1.1909796739928424e-06,-0.00464188028126955,0.5416666865348816,1.0,1.0,0.24497997760772705,6550.181640625,6550.4267578125,0.00091
1,encoder.layers.3.blocks.3.attention.self.query,13.226225852966309,7.261300563812256,-5.964925289154053,1.681806315900758e-05,0.0006771644111722708,-0.0006771641783416271,0.0006771645857952535,0.5123698115348816,0.4876302182674408,3.1024708277982427e-06,5.680656613549218e-06,-0.0012465715408325195,0.0009727770229801536,0.4830729365348816,0.5169271230697632,-37362.7265625,-64234.6015625,-86073.5625,0.888633131980896,0.5123698115348816,0.4876302182674408,-3.7362722196121467e-06,-37362.7265625,0.5123698115348816,0.4876302182674408,-8.177115651264444e-10,-3736.272216796875,0.509765625,1.0,1.0,0.24497997760772705,6550.181640625,6550.4267578125,0.00091
1,encoder.layers.3.blocks.3.attention.self.key,12.792868614196777,7.252816677093506,-5.5400519371032715,-2.550150384195149e-05,-0.0006767455488443375,-0.000677164236549288,0.0006771645857952535,0.4811198115348816,0.5188802480697632,4.131383320782334e-06,5.692898412235081e-06,-0.0007644303841516376,0.000580873223952949,0.474609375,0.525390625,-35513.75,0.7060585021972656,-94244.9609375,0.9724529981613159,0.4811198115348816,0.5188802480697632,-3.5513746752258157e-06,-35513.75,0.4811198115348816,0.5188802480697632,-3.755605746391666e-07,-3551.375,0.5299479365348816,1.0,1.0,0.24497997760772705,6550.181640625,6550.4267578125,0.00091
1,encoder.layers.3.blocks.3.attention.self.value,12.969610214233398,7.248929500579834,-5.72067928314209,-7.846158950997051e-06,-0.0006765141151845455,-0.000677164236549288,0.0006771645857952535,0.494140625,0.505859375,8.495459951518569e-06,1.0900184861384332e-06,-0.0015068954089656472,0.0016103481175377965,0.4973958432674408,0.5026041865348816,-36613.3984375,0.6815351247787476,-109240.546875,1.0601989030838013,0.494140625,0.505859375,-3.6613396332541015e-06,-36613.3984375,0.494140625,0.505859375,-6.043308076186804e-07,-3661.33984375,0.4889323115348816,1.0,1.0,0.24497997760772705,6550.181640625,6550.4267578125,0.00091
1,encoder.layers.3.blocks.3.attention.output.dense,12.220850944519043,6.208095550537109,-6.012755393981934,-1.22172705232515e-05,-0.0006745019345544279,-0.0006771645275875926,0.0006771645857952535,0.4908854365348816,0.5091146230697632,-8.930644071369898e-06,-3.201291747245705e-07,-0.005517742596566677,0.009629111737012863,0.5013021230697632,0.4986979365348816,-135243.5625,0.49764618277549744,-691681.625,2.8267993927001953,0.4908854365348816,0.5091146230697632,-1.3524357200367376e-05,-135243.5625,0.4908854365348816,0.5091146230697632,-1.2780814131474472e-06,-13524.357421875,0.4973958432674408,1.0,1.0,0.24497997760772705,6550.181640625,6550.4267578125,0.00091
1,encoder.layers.3.blocks.3.intermediate.dense,12.63841438293457,6.867576599121094,-5.770837306976318,-1.09571101347683e-05,-0.0006739570526406169,-0.0006771644111722708,0.0006771645857952535,0.49169921875,0.50830078125,3.4213803701277357e-06,-5.290021363180131e-07,-0.005319339223206043,0.006772277876734734,0.5016276240348816,0.4983724057674408,-78974.140625,0.5392927527427673,-506560.9375,2.4636762142181396,0.49169921875,0.50830078125,-7.897413524915464e-06,-78974.140625,0.49169921875,0.50830078125,1.1052129593736026e-06,-7897.41357421875,0.4959309995174408,1.0,1.0,0.24497997760772705,6550.181640625,6550.4267578125,0.00091
1,encoder.layers.3.blocks.3.output.dense,12.437785148620605,6.54763126373291,-5.890154838562012,-1.3697717804461718e-05,-0.0006707850261591375,-0.000677164294756949,0.0006771645857952535,0.4895833432674408,0.5104166865348816,5.449944001156837e-05,9.252091331291012e-06,-0.013403119519352913,0.013209404423832893,0.4811198115348816,0.5188802480697632,-85158.6875,0.6239397525787354,-387750.625,2.204251289367676,0.4895833432674408,0.5104166865348816,-8.515869922121055e-06,-85158.6875,0.4895833432674408,0.5104166865348816,5.450600838230457e-06,-8515.869140625,0.4759114682674408,1.0,1.0,0.24497997760772705,6550.181640625,6550.4267578125,0.00091
1,encoder.layers.3.blocks.4.attention.self.continuous_position_bias_mlp.0,8.747171401977539,7.799447059631348,-0.947724461555481,-2.7374828277970664e-05,0.0,-0.0006771625485271215,0.0006771645275875926,0.431640625,0.47265625,4.1297971620224416e-07,0.0,-0.0011846617562696338,0.001246236846782267,0.455078125,0.447265625,-14568.8046875,0.0,-691090.375,4.398804664611816,0.431640625,0.470703125,-1.4568804544978775e-06,-14568.8046875,0.431640625,0.47265625,3.698182808875572e-07,-1456.88037109375,0.5216450095176697,1.0,1.0,0.24497997760772705,6550.181640625,6550.4267578125,0.00091
1,encoder.layers.3.blocks.4.attention.self.continuous_position_bias_mlp.2,8.189903259277344,8.026262283325195,-0.16364078223705292,1.1060254109906964e-05,-0.00048646191135048866,-0.0006763888522982597,0.0006771223270334303,0.5,0.5,-0.00013614581257570535,-0.0001357809524051845,-0.002326465444639325,0.0012292478932067752,0.625,0.375,-0.16010671854019165,-0.08974020183086395,-1.1672967672348022,0.06368698924779892,0.5,0.5,-1.6010671954891365e-11,-0.16024287045001984,0.5,0.5,-1.174410408566473e-05,-0.01603485643863678,0.4583333432674408,1.0,1.0,0.24497997760772705,6550.181640625,6550.4267578125,0.00091
1,encoder.layers.3.blocks.4.attention.self.query,13.047049522399902,7.306927680969238,-5.740121364593506,-3.396799002075568e-06,-0.0006758625386282802,-0.0006771633052267134,0.0006771645857952535,0.4973958432674408,0.5026041865348816,-2.6075354071508627e-06,4.557725333143026e-06,-0.0011638583382591605,0.0016954268794506788,0.4908854365348816,0.5091146230697632,-34691.234375,0.6229987740516663,-85249.96875,0.9418201446533203,0.4973958432674408,0.5026041865348816,-3.4691238397499546e-06,-34691.234375,0.4973958432674408,0.5026041865348816,2.237549097117153e-07,-3469.123779296875,0.49609375,1.0,1.0,0.24497997760772705,6550.181640625,6550.4267578125,0.00091
1,encoder.layers.3.blocks.4.attention.self.key,12.940031051635742,7.3034491539001465,-5.6365814208984375,-1.3976553418615367e-05,-0.0006762889097444713,-0.0006771639455109835,0.0006771645857952535,0.4895833432674408,0.5104166865348816,7.009819000813877e-06,-1.0175172064919025e-06,-0.0011015604250133038,0.0011292437557131052,0.5006510615348816,0.4993489682674408,-34322.4296875,0.6490947008132935,-92123.90625,0.8969342112541199,0.4895833432674408,0.5104166865348816,-3.432242692724685e-06,-34322.4296875,0.4895833432674408,0.5104166865348816,-1.3871316468794248e-06,-3432.242919921875,0.4967448115348816,1.0,1.0,0.24497997760772705,6550.181640625,6550.4267578125,0.00091
1,encoder.layers.3.blocks.4.attention.self.value,13.210739135742188,7.346432685852051,-5.864306449890137,1.0807918442878872e-05,0.0006771644111722708,-0.0006771640619263053,0.0006771645857952535,0.5078125,0.4921875,7.96617769083241e-06,1.1993361113127321e-05,-0.0021554252598434687,0.00512910820543766,0.490234375,0.509765625,-34124.71875,-52649.25,-92351.515625,0.9562113285064697,0.5078125,0.4921875,-3.4124720968975453e-06,-34124.71875,0.5078125,0.4921875,1.1618747066677315e-06,-3412.47216796875,0.4694010615348816,1.0,1.0,0.24497997760772705,6550.181640625,6550.4267578125,0.00091
1,encoder.layers.3.blocks.4.attention.output.dense,12.867303848266602,6.539056301116943,-6.3282470703125,2.581319677119609e-05,0.0006771644111722708,-0.0006771644111722708,0.0006771645857952535,0.5188802480697632,0.4811198115348816,4.090822767466307e-05,1.9497783796396106e-06,-0.011572743766009808,0.01050216518342495,0.4928385615348816,0.5071614980697632,-101733.5859375,-49646.73828125,-496664.375,2.449887752532959,0.5188802480697632,0.4811198115348816,-1.017335853248369e-05,-101733.5859375,0.5188802480697632,0.4811198115348816,3.7099411542840244e-07,-10173.359375,0.5078125,1.0,1.0,0.24497997760772705,6550.181640625,6550.4267578125,0.00091
1,encoder.layers.3.blocks.4.intermediate.dense,11.947123527526855,5.806671142578125,-6.1404523849487305,-8.570727004553191e-06,-0.0006767059676349163,-0.0006771645275875926,0.0006771645857952535,0.49365234375,0.50634765625,1.9050019091082504e-06,7.183043635450304e-07,-0.0014252950204536319,0.0015614626463502645,0.4931640625,0.5068359375,-151040.78125,0.7886146903038025,-692278.4375,4.144482135772705,0.49365234375,0.50634765625,-1.5104078556760214e-05,-151040.78125,0.49365234375,0.50634765625,7.910595911653218e-08,-15104.078125,0.5040690302848816,1.0,1.0,0.24497997760772705,6550.181640625,6550.4267578125,0.00091
1,encoder.layers.3.blocks.4.output.dense,10.3427734375,4.2158708572387695,-6.1269025802612305,-2.730058622546494e-05,-0.0006768571329303086,-0.0006771645275875926,0.0006771645857952535,0.4798177182674408,0.5201823115348816,-6.871600817248691e-06,-6.172288067318732e-07,-0.003747300012037158,0.0046618422493338585,0.5065104365348816,0.4934895932674408,-240827.75,1.0426963567733765,-691656.375,4.354531288146973,0.4798177182674408,0.5201823115348816,-2.408277941867709e-05,-240827.75,0.4798177182674408,0.5201823115348816,-1.1866063687193673e-06,-24082.77734375,0.498046875,1.0,1.0,0.24497997760772705,6550.181640625,6550.4267578125,0.00091
1,encoder.layers.3.blocks.5.attention.self.continuous_position_bias_mlp.0,9.056950569152832,7.7195587158203125,-1.3373920917510986,-9.352501365356147e-05,-0.0006724633276462555,-0.000677164236549288,0.0006771645275875926,0.384765625,0.525390625,2.154492904082872e-05,0.0,-0.0007375084096565843,0.0007400714093819261,0.400390625,0.5,-17118.10546875,0.028456319123506546,-688991.0,3.9894721508026123,0.380859375,0.521484375,-1.7118104551627766e-06,-17118.10546875,0.384765625,0.525390625,-2.6299303499399684e-06,-1711.810546875,0.5249457955360413,1.0,1.0,0.24497997760772705,6550.181640625,6550.4267578125,0.00091
1,encoder.layers.3.blocks.5.attention.self.continuous_position_bias_mlp.2,8.214044570922852,8.029462814331055,-0.18458090722560883,5.8260888181393966e-05,0.0006716775242239237,-0.0006771082989871502,0.0006771364714950323,0.5416666865348816,0.4583333432674408,5.9287816839059815e-05,-7.630773325217888e-06,-0.0005133869126439095,0.0009762870613485575,0.5,0.5,-0.16185852885246277,-0.0820014476776123,-0.7176044583320618,0.14111945033073425,0.5416666865348816,0.4583333432674408,-1.6185854739836358e-11,-0.16179923713207245,0.5416666865348816,0.4583333432674408,-3.682609076349763e-06,-0.016183238476514816,0.375,1.0,1.0,0.24497997760772705,6550.181640625,6550.4267578125,0.00091
1,encoder.layers.3.blocks.5.attention.self.query,13.251129150390625,7.238908767700195,-6.012221813201904,2.0339328330010176e-05,0.0006771644111722708,-0.000677164236549288,0.0006771645857952535,0.5149739980697632,0.4850260615348816,3.0355295166373253e-06,-1.9043436623178422e-06,-0.0005577877163887024,0.0012312083272263408,0.5026041865348816,0.4973958432674408,-38495.69140625,-64212.76171875,-92804.546875,0.963309109210968,0.5149739980697632,0.4850260615348816,-3.849569111480378e-06,-38495.69140625,0.5149739980697632,0.4850260615348816,5.074340378996567e-07,-3849.569091796875,0.501953125,1.0,1.0,0.24497997760772705,6550.181640625,6550.4267578125,0.00091
1,encoder.layers.3.blocks.5.attention.self.key,12.994047164916992,7.2295050621032715,-5.764543056488037,-4.342373358667828e-06,-0.0006765683647245169,-0.000677164294756949,0.0006771645857952535,0.4967448115348816,0.5032552480697632,6.436964383738086e-08,2.4448963813483715e-06,-0.000647169363219291,0.0008309041149914265,0.4915364682674408,0.5084635615348816,-37585.2265625,0.6425029635429382,-102148.84375,1.0100017786026,0.4967448115348816,0.5032552480697632,-3.758522325369995e-06,-37585.2265625,0.4967448115348816,0.5032552480697632,-6.90490082888573e-08,-3758.5224609375,0.4895833432674408,1.0,1.0,0.24497997760772705,6550.181640625,6550.4267578125,0.00091
1,encoder.layers.3.blocks.5.attention.self.value,13.186205863952637,7.274879455566406,-5.9113264083862305,1.2471809895941988e-05,0.0006771644111722708,-0.0006771640619263053,0.0006771645857952535,0.5091146230697632,0.4908854365348816,4.847017407882959e-06,8.410130249103531e-06,-0.0027740527875721455,0.00224932748824358,0.4915364682674408,0.5084635615348816,-36774.78125,-51910.6875,-105346.4765625,1.0888707637786865,0.5091146230697632,0.4908854365348816,-3.6774781619897112e-06,-36774.78125,0.5091146230697632,0.4908854365348816,1.5695263755333144e-06,-3677.478271484375,0.4915364682674408,1.0,1.0,0.24497997760772705,6550.181640625,6550.4267578125,0.00091
1,encoder.layers.3.blocks.5.attention.output.dense,12.570696830749512,6.654782772064209,-5.915914058685303,-7.75490752857877e-06,-0.000673499598633498,-0.0006771645275875926,0.0006771645857952535,0.494140625,0.505859375,-7.662968528165948e-06,-2.7217356546316296e-07,-0.007593712769448757,0.006596106104552746,0.5013021230697632,0.4986979365348816,-82531.4375,0.540145218372345,-534533.25,2.5235378742218018,0.494140625,0.505859375,-8.25314418761991e-06,-82531.4375,0.494140625,0.505859375,-1.237439732904022e-06,-8253.1435546875,0.501953125,1.0,1.0,0.24497997760772705,6550.181640625,6550.4267578125,0.00091
1,encoder.layers.3.blocks.5.intermediate.dense,12.500249862670898,6.384589195251465,-6.115660667419434,1.422486775481957e-06,0.0006771643529646099,-0.0006771645275875926,0.0006771645857952535,0.5009765625,0.4990234375,1.458577457924548e-06,-7.294984243344516e-07,-0.002686504740267992,0.002969640539959073,0.5037435293197632,0.4962565302848816,-104064.65625,-52552.2421875,-644064.6875,3.9969613552093506,0.5009765625,0.4990234375,-1.04064665720216e-05,-104064.65625,0.5009765625,0.4990234375,-2.768724698398728e-07,-10406.466796875,0.49072265625,1.0,1.0,0.24497997760772705,6550.181640625,6550.4267578125,0.00091
1,encoder.layers.3.blocks.5.output.dense,11.337114334106445,5.308170795440674,-6.028943061828613,-2.6352214263170026e-05,-0.0006761207478120923,-0.0006771644111722708,0.0006771645857952535,0.48046875,0.51953125,1.2322800102992915e-05,2.1173364075366408e-06,-0.0051524443551898,0.007392685394734144,0.48828125,0.51171875,-192898.234375,0.8547150492668152,-691814.625,3.561298370361328,0.48046875,0.51953125,-1.9289822375867516e-05,-192898.234375,0.48046875,0.51953125,-2.3235388653120026e-06,-19289.82421875,0.4934895932674408,1.0,1.0,0.24497997760772705,6550.181640625,6550.4267578125,0.00091
1,encoder.layers.3.blocks.6.attention.self.continuous_position_bias_mlp.0,8.461004257202148,7.816911697387695,-0.6440927982330322,-2.725269405345898e-05,0.0,-0.0006771597545593977,0.0006771645275875926,0.41796875,0.458984375,-6.091710019973107e-06,0.0,-0.0012475483817979693,0.0024817155208438635,0.458984375,0.4140625,-11992.361328125,0.0,-683594.125,3.447725534439087,0.412109375,0.458984375,-1.199236066895537e-06,-11992.361328125,0.41796875,0.458984375,-3.119749010238593e-07,-1199.236083984375,0.501118540763855,1.0,1.0,0.24497997760772705,6550.181640625,6550.4267578125,0.00091
1,encoder.layers.3.blocks.6.attention.self.continuous_position_bias_mlp.2,8.10684871673584,8.012213706970215,-0.09463523328304291,0.00010693875083234161,0.000620787963271141,-0.000676505733281374,0.0006769498577341437,0.5833333730697632,0.4166666865348816,0.00017748370009940118,0.00014598059351556003,-0.00043049149098806083,0.0012784508289769292,0.375,0.625,-0.056385885924100876,-0.05484236031770706,-0.2784091830253601,0.13787338137626648,0.5833333730697632,0.4166666865348816,-5.638588120721044e-12,-0.056208401918411255,0.5833333730697632,0.4166666865348816,2.0803661755053326e-05,-0.005602117162197828,0.625,1.0,1.0,0.24497997760772705,6550.181640625,6550.4267578125,0.00091
1,encoder.layers.3.blocks.6.attention.self.query,13.051734924316406,7.360726833343506,-5.691008567810059,-6.059457518858835e-06,-0.0006760763353668153,-0.000677164294756949,0.0006771645857952535,0.4954427182674408,0.5045573115348816,-1.6045296433730982e-06,1.0985895642079413e-06,-0.0016668095486238599,0.0013503105146810412,0.4954427182674408,0.5045573115348816,-32669.29296875,0.6317245960235596,-76192.1796875,0.7994325160980225,0.4954427182674408,0.5045573115348816,-3.2669292977516307e-06,-32669.29296875,0.4954427182674408,0.5045573115348816,-4.19386978478542e-08,-3266.929443359375,0.5104166865348816,1.0,1.0,0.24497997760772705,6550.181640625,6550.4267578125,0.00091
1,encoder.layers.3.blocks.6.attention.self.key,13.084218978881836,7.354569435119629,-5.729648590087891,-2.540744844736764e-06,-0.0006760413525626063,-0.0006771631306037307,0.0006771645857952535,0.498046875,0.501953125,8.476565199089237e-06,1.5078610886121169e-05,-0.0009842220460996032,0.0026856528129428625,0.4759114682674408,0.5240885615348816,-33063.578125,0.6166954040527344,-77108.234375,0.8094645738601685,0.498046875,0.501953125,-3.306357939436566e-06,-33063.578125,0.498046875,0.501953125,-1.464755285951469e-07,-3306.358154296875,0.5065104365348816,1.0,1.0,0.24497997760772705,6550.181640625,6550.4267578125,0.00091
1,encoder.layers.3.blocks.6.attention.self.value,12.903343200683594,7.3921942710876465,-5.5111494064331055,-2.2690084733767435e-05,-0.0006756909424439073,-0.0006771644111722708,0.0006771645857952535,0.4830729365348816,0.5169271230697632,-1.2953487384947948e-05,5.261754267849028e-06,-0.0024569141678512096,0.002109503373503685,0.4954427182674408,0.5045573115348816,-30935.91015625,0.5844904780387878,-89027.8671875,0.8912770748138428,0.4830729365348816,0.5169271230697632,-3.093591203651158e-06,-30935.91015625,0.4830729365348816,0.5169271230697632,-1.1663672694339766e-06,-3093.59130859375,0.5227864980697632,1.0,1.0,0.24497997760772705,6550.181640625,6550.4267578125,0.00091
1,encoder.layers.3.blocks.6.attention.output.dense,12.639320373535156,6.881354331970215,-5.7579665184021,-1.732704185997136e-05,-0.0006731952889822423,-0.0006771644111722708,0.0006771645857952535,0.4869791865348816,0.5130208730697632,7.02247052686289e-05,6.0016909628757276e-06,-0.005387705285102129,0.00817053485661745,0.4817708432674408,0.5182291865348816,-66557.53125,0.5190747380256653,-468617.03125,2.509298801422119,0.4869791865348816,0.5130208730697632,-6.655752713413676e-06,-66557.53125,0.4869791865348816,0.5130208730697632,-7.555336196674034e-06,-6655.7529296875,0.4986979365348816,1.0,1.0,0.24497997760772705,6550.181640625,6550.4267578125,0.00091
1,encoder.layers.3.blocks.6.intermediate.dense,12.941699981689453,7.116673469543457,-5.8250274658203125,2.0281104298192076e-06,0.0006771643529646099,-0.0006771643529646099,0.0006771645857952535,0.5011393427848816,0.4988606870174408,2.4636165107949637e-05,1.4144403394311666e-05,-0.009535222314298153,0.009873319417238235,0.4876302182674408,0.5123698115348816,-59446.75,-45360.015625,-436042.5625,2.3242390155792236,0.5011393427848816,0.4988606870174408,-5.9446756495162845e-06,-59446.75,0.5011393427848816,0.4988606870174408,3.2300117709382903e-06,-5944.67578125,0.5027669668197632,1.0,1.0,0.24497997760772705,6550.181640625,6550.4267578125,0.00091
1,encoder.layers.3.blocks.6.output.dense,12.471491813659668,6.561809539794922,-5.9096832275390625,-1.2416196113917977e-05,-0.0006662274827249348,-0.0006771645275875926,0.0006771645857952535,0.490234375,0.509765625,3.421727888053283e-05,4.604225978255272e-07,-0.013975976034998894,0.01698283478617668,0.4993489682674408,0.5006510615348816,-88929.875,0.5776368975639343,-450116.6875,2.6431894302368164,0.490234375,0.509765625,-8.892988262232393e-06,-88929.875,0.490234375,0.509765625,-1.4687402654089965e-05,-8892.98828125,0.5221354365348816,1.0,1.0,0.24497997760772705,6550.181640625,6550.4267578125,0.00091
1,encoder.layers.3.blocks.7.attention.self.continuous_position_bias_mlp.0,8.76046371459961,7.880677700042725,-0.8797864317893982,3.775557706831023e-05,0.0,-0.0006771644111722708,0.0006771645857952535,0.46484375,0.412109375,-1.2886094737041276e-05,0.0,-0.0018336568027734756,0.002119960030540824,0.431640625,0.423828125,-14358.3115234375,0.0,-661729.125,4.809048175811768,0.455078125,0.40625,-1.4358312228068826e-06,-14358.3115234375,0.46484375,0.412109375,-1.5674700648560247e-07,-1435.8311767578125,0.5547944903373718,1.0,1.0,0.24497997760772705,6550.181640625,6550.4267578125,0.00091
1,encoder.layers.3.blocks.7.attention.self.continuous_position_bias_mlp.2,8.154108047485352,7.993897914886475,-0.16020898520946503,-0.00011510666081449017,-0.0006717292126268148,-0.0006770464824512601,0.0006771033513359725,0.4166666865348816,0.5833333730697632,-0.000391620269510895,-0.00045066772145219147,-0.0030208725947886705,0.0016344053437933326,0.75,0.25,-0.47532737255096436,0.017438160255551338,-4.730810642242432,0.17101465165615082,0.4166666865348816,0.5833333730697632,-4.7532738162159305e-11,-0.47571897506713867,0.4166666865348816,0.5833333730697632,8.267452358268201e-06,-0.04756445810198784,0.5,1.0,1.0,0.24497997760772705,6550.181640625,6550.4267578125,0.00091
1,encoder.layers.3.blocks.7.attention.self.query,12.963258743286133,7.268052577972412,-5.6952056884765625,-9.617940122552682e-06,-0.000676502357237041,-0.0006771643529646099,0.0006771645857952535,0.4928385615348816,0.5071614980697632,-3.6256692510505673e-06,-4.7454705054406077e-07,-0.0015475866384804249,0.0016141714295372367,0.5013021230697632,0.4986979365348816,-35880.58203125,0.6496523022651672,-106524.0234375,1.0097651481628418,0.4928385615348816,0.5071614980697632,-3.588058234527125e-06,-35880.58203125,0.4928385615348816,0.5071614980697632,-3.1289397384171025e-07,-3588.05810546875,0.486328125,1.0,1.0,0.24497997760772705,6550.181640625,6550.4267578125,0.00091
1,encoder.layers.3.blocks.7.attention.self.key,13.03759765625,7.242612361907959,-5.794985771179199,-8.087184824034921e-07,-0.0006763270939700305,-0.0006771644111722708,0.0006771645857952535,0.4993489682674408,0.5006510615348816,-2.525413037801627e-06,-1.4125180314294994e-06,-0.0014524117577821016,0.0011273238342255354,0.5026041865348816,0.4973958432674408,-37305.5546875,0.623646080493927,-102702.65625,1.0441162586212158,0.4993489682674408,0.5006510615348816,-3.730555135916802e-06,-37305.5546875,0.4993489682674408,0.5006510615348816,6.67490439809626e-07,-3730.55517578125,0.4967448115348816,1.0,1.0,0.24497997760772705,6550.181640625,6550.4267578125,0.00091
1,encoder.layers.3.blocks.7.attention.self.value,13.043411254882812,7.2937164306640625,-5.749695777893066,-2.44238958657661e-06,-0.0006741425604559481,-0.0006771615007892251,0.0006771645857952535,0.498046875,0.501953125,1.3436261724564247e-05,1.127373252529651e-05,-0.0029553764034062624,0.0030442257411777973,0.4895833432674408,0.5104166865348816,-35376.5859375,0.4964515268802643,-104630.9609375,1.113774061203003,0.498046875,0.501953125,-3.5376588130020536e-06,-35376.5859375,0.498046875,0.501953125,2.305629550392041e-06,-3537.658935546875,0.5084635615348816,1.0,1.0,0.24497997760772705,6550.181640625,6550.4267578125,0.00091
1,encoder.layers.3.blocks.7.attention.output.dense,12.883524894714355,6.641673564910889,-6.241850852966309,2.2278527467278764e-05,0.0006771644111722708,-0.0006771644111722708,0.0006771645857952535,0.5162760615348816,0.4837239682674408,2.2674958017887548e-05,3.3780634112190455e-07,-0.007886303588747978,0.00933584850281477,0.498046875,0.501953125,-85384.140625,-53150.8828125,-503811.5,2.4665801525115967,0.5162760615348816,0.4837239682674408,-8.538414476788603e-06,-85384.140625,0.5162760615348816,0.4837239682674408,3.091352482442744e-06,-8538.4140625,0.5078125,1.0,1.0,0.24497997760772705,6550.181640625,6550.4267578125,0.00091
1,encoder.layers.3.blocks.7.intermediate.dense,12.600898742675781,6.523255825042725,-6.077642440795898,7.65537242841674e-06,0.0006771644111722708,-0.0006771644111722708,0.0006771645857952535,0.5055338740348816,0.4944661557674408,9.143559509539045e-07,-6.535628926940262e-08,-0.0015559140592813492,0.0017648759530857205,0.5003255605697632,0.4996744990348816,-84027.546875,-71477.6875,-691848.0,9.878451347351074,0.5055338740348816,0.4944661557674408,-8.402754247072153e-06,-84027.546875,0.5055338740348816,0.4944661557674408,-2.3815385219450036e-08,-8402.75390625,0.5016276240348816,1.0,1.0,0.24497997760772705,6550.181640625,6550.4267578125,0.00091
1,encoder.layers.3.blocks.7.output.dense,11.468559265136719,5.548590660095215,-5.919968605041504,-3.429733624216169e-05,-0.0006763814017176628,-0.0006771645275875926,0.0006771645857952535,0.474609375,0.525390625,-7.6121777965454385e-06,-5.838010110892355e-07,-0.005922387354075909,0.0040743714198470116,0.5013021230697632,0.4986979365348816,-185442.71875,0.8994800448417664,-692191.875,4.159134387969971,0.474609375,0.525390625,-1.8544271370046772e-05,-185442.71875,0.474609375,0.525390625,-2.729203970375238e-06,-18544.2734375,0.5110677480697632,1.0,1.0,0.24497997760772705,6550.181640625,6550.4267578125,0.00091
1,decoder.layers.0.blocks.0.attention.self.continuous_position_bias_mlp.0,9.329690933227539,7.747420787811279,-1.5822701454162598,1.8076352716889232e-06,0.0,-0.0006771638290956616,0.0006771645857952535,0.470703125,0.470703125,-2.2632320906268433e-07,0.0,-0.004856784362345934,0.004664306063205004,0.466796875,0.466796875,-19485.615234375,0.0,-690431.6875,4.935206413269043,0.466796875,0.466796875,-1.9485614757286385e-06,-19485.61328125,0.470703125,0.470703125,-2.580137334007304e-06,-1948.5614013671875,0.49581587314605713,1.0,1.0,0.24497997760772705,6550.181640625,6550.4267578125,0.00091
1,decoder.layers.0.blocks.0.attention.self.continuous_position_bias_mlp.2,8.11031723022461,7.9848833084106445,-0.12543374300003052,-0.00012471809168346226,-0.000671313377097249,-0.0006771376356482506,0.0006771263433620334,0.4166666865348816,0.5833333730697632,0.0001240478886757046,0.000150484120240435,-0.0006606150418519974,0.0007600073586218059,0.2916666865348816,0.7083333730697632,-0.34804415702819824,0.026967903599143028,-2.9333202838897705,0.23004215955734253,0.4166666865348816,0.5833333730697632,-3.480441629344355e-11,-0.34792011976242065,0.4166666865348816,0.5833333730697632,-1.3080762073514052e-05,-0.034803785383701324,0.4583333432674408,1.0,1.0,0.24497997760772705,6550.181640625,6550.4267578125,0.00091
1,decoder.layers.0.blocks.0.attention.self.query,13.06269359588623,7.2299089431762695,-5.8327860832214355,2.729210564211826e-06,0.0006771643529646099,-0.0006771643529646099,0.0006771645857952535,0.501953125,0.498046875,-6.340387699310668e-07,-3.85269959224388e-06,-0.0016576516209170222,0.0017637452110648155,0.5110677480697632,0.4889323115348816,-37976.1328125,-59300.79296875,-124874.625,1.1441322565078735,0.501953125,0.498046875,-3.797613089773222e-06,-37976.1328125,0.501953125,0.498046875,3.4090837175426714e-07,-3797.613037109375,0.5,1.0,1.0,0.24497997760772705,6550.181640625,6550.4267578125,0.00091
1,decoder.layers.0.blocks.0.attention.self.key,12.985507011413574,7.195758819580078,-5.78974723815918,-3.4464289910829393e-06,-0.0006764856516383588,-0.0006771640619263053,0.0006771645857952535,0.4973958432674408,0.5026041865348816,-1.2658756531891413e-05,-6.8505542003549635e-06,-0.0020853853784501553,0.0015881278086453676,0.5130208730697632,0.4869791865348816,-39198.31640625,0.6295031309127808,-117404.0390625,1.151483178138733,0.4973958432674408,0.5026041865348816,-3.919832124665845e-06,-39198.31640625,0.4973958432674408,0.5026041865348816,-5.381725145525706e-07,-3919.83154296875,0.4973958432674408,1.0,1.0,0.24497997760772705,6550.181640625,6550.4267578125,0.00091
1,decoder.layers.0.blocks.0.attention.self.value,13.149185180664062,7.281888484954834,-5.867297172546387,9.020481229526922e-06,0.0006771643529646099,-0.0006771640037186444,0.0006771645857952535,0.5065104365348816,0.4934895932674408,7.104888936737552e-06,6.136051524663344e-07,-0.004111463204026222,0.004836658481508493,0.4993489682674408,0.5006510615348816,-36359.5859375,-46087.41015625,-113370.4921875,1.070998191833496,0.5065104365348816,0.4934895932674408,-3.6359588193590753e-06,-36359.5859375,0.5065104365348816,0.4934895932674408,4.872624685958726e-06,-3635.958740234375,0.4967448115348816,1.0,1.0,0.24497997760772705,6550.181640625,6550.4267578125,0.00091
1,decoder.layers.0.blocks.0.attention.output.dense,12.586387634277344,6.666627407073975,-5.919760704040527,-6.817936991865281e-06,-0.000671560293994844,-0.0006771643529646099,0.0006771645857952535,0.4947916865348816,0.5052083730697632,1.2972097465535626e-05,8.831975719658658e-07,-0.004980453290045261,0.006198524497449398,0.49609375,0.50390625,-81772.5234375,0.5612008571624756,-544915.0,2.5227322578430176,0.4947916865348816,0.5052083730697632,-8.17725231172517e-06,-81772.5234375,0.4947916865348816,0.5052083730697632,2.465766044679185e-07,-8177.251953125,0.4908854365348816,1.0,1.0,0.24497997760772705,6550.181640625,6550.4267578125,0.00091
1,decoder.layers.0.blocks.0.intermediate.dense,12.415641784667969,6.220084190368652,-6.195558547973633,1.0024120456364471e-05,0.0006771644111722708,-0.0006771645275875926,0.0006771645857952535,0.50732421875,0.49267578125,-3.0853307180223055e-06,-4.821799848286901e-08,-0.001961780246347189,0.0015933855902403593,0.5001627802848816,0.4998372495174408,-103460.875,-70241.15625,-692348.625,8.42372989654541,0.50732421875,0.49267578125,-1.0346089766244404e-05,-103460.875,0.50732421875,0.49267578125,2.6228829597130243e-07,-10346.0888671875,0.4934895932674408,1.0,1.0,0.24497997760772705,6550.181640625,6550.4267578125,0.00091
1,decoder.layers.0.blocks.0.output.dense,11.119535446166992,5.043981552124023,-6.075552940368652,-2.317432517884299e-05,-0.0006766204605810344,-0.0006771645275875926,0.0006771645857952535,0.482421875,0.517578125,1.0445955922477879e-05,3.7309564504539594e-07,-0.0027650236152112484,0.0028714353684335947,0.49609375,0.50390625,-203933.4375,0.9225698709487915,-692067.9375,9.648018836975098,0.482421875,0.517578125,-2.0393345039337873e-05,-203933.4375,0.482421875,0.517578125,5.850274646945763e-07,-20393.34765625,0.5084635615348816,1.0,1.0,0.24497997760772705,6550.181640625,6550.4267578125,0.00091
1,decoder.layers.0.blocks.1.attention.self.continuous_position_bias_mlp.0,8.76902961730957,7.8402180671691895,-0.9288120269775391,1.8195096345152706e-06,0.0,-0.0006771627231501043,0.0006771645275875926,0.40625,0.404296875,-3.3104652175097726e-06,0.0,-0.0017812986625358462,0.0018336016219109297,0.396484375,0.3828125,-10315.2568359375,0.0,-684104.9375,3.2857251167297363,0.400390625,0.40234375,-1.03152569863596e-06,-10315.2568359375,0.40625,0.404296875,-1.0028580845755641e-06,-1031.525634765625,0.4761904776096344,1.0,1.0,0.24497997760772705,6550.181640625,6550.4267578125,0.00091
1,decoder.layers.0.blocks.1.attention.self.continuous_position_bias_mlp.2,8.10409927368164,8.007102966308594,-0.09699680656194687,5.733551915909629e-06,-0.0005963649600744247,-0.0006771183107048273,0.0006770735490135849,0.5,0.5,0.00011848806752823293,-3.4080250770784914e-05,-0.0015619193436577916,0.0017164184246212244,0.5,0.5,-0.09908296912908554,-0.03148667886853218,-1.2561943531036377,0.15742969512939453,0.5,0.5,-9.908296405569672e-12,-0.09896448254585266,0.5,0.5,-1.7555226804688573e-05,-0.009912248700857162,0.5,1.0,1.0,0.24497997760772705,6550.181640625,6550.4267578125,0.00091
1,decoder.layers.0.blocks.1.attention.self.query,13.083295822143555,7.3824462890625,-5.700849533081055,-4.255231033312157e-06,-0.0006754749920219183,-0.0006771640619263053,0.0006771645857952535,0.4967448115348816,0.5032552480697632,1.5851049965931452e-06,-3.6427154554985464e-06,-0.0020151513163000345,0.0015172181883826852,0.5091146230697632,0.4908854365348816,-32078.9609375,0.5921860337257385,-78324.765625,0.8206934332847595,0.4967448115348816,0.5032552480697632,-3.207896043022629e-06,-32078.9609375,0.4967448115348816,0.5032552480697632,-1.4160149248709786e-06,-3207.89599609375,0.5006510615348816,1.0,1.0,0.24497997760772705,6550.181640625,6550.4267578125,0.00091
1,decoder.layers.0.blocks.1.attention.self.key,13.245619773864746,7.375293254852295,-5.870326995849609,1.2466145562939346e-05,0.0006771644111722708,-0.0006771641783416271,0.0006771645857952535,0.5091146230697632,0.4908854365348816,-8.635534868517425e-06,-5.628160579362884e-06,-0.0014816196635365486,0.0018085394985973835,0.5110677480697632,0.4889323115348816,-33111.6640625,-57172.65625,-79871.5703125,0.8660053610801697,0.5091146230697632,0.4908854365348816,-3.3111664379248396e-06,-33111.6640625,0.5091146230697632,0.4908854365348816,1.2474488357838709e-06,-3311.166748046875,0.5045573115348816,1.0,1.0,0.24497997760772705,6550.181640625,6550.4267578125,0.00091
1,decoder.layers.0.blocks.1.attention.self.value,13.310541152954102,7.413256645202637,-5.897284984588623,1.7036400095093995e-05,0.0006771644111722708,-0.0006771644111722708,0.0006771645857952535,0.5123698115348816,0.4876302182674408,-2.4683078663656488e-05,-3.381002170499414e-05,-0.005095577333122492,0.00275594973936677,0.5279948115348816,0.4720052182674408,-32153.65625,-50353.3828125,-99980.84375,1.0368285179138184,0.5123698115348816,0.4876302182674408,-3.21536572300829e-06,-32153.65625,0.5123698115348816,0.4876302182674408,2.7514238354342524e-07,-3215.365966796875,0.4856770932674408,1.0,1.0,0.24497997760772705,6550.181640625,6550.4267578125,0.00091
1,decoder.layers.0.blocks.1.attention.output.dense,12.788612365722656,6.907138824462891,-5.881474494934082,-4.162780896876939e-06,-0.000671515881549567,-0.0006771644111722708,0.0006771645857952535,0.4967448115348816,0.5032552480697632,-6.796156867494574e-06,-1.8279642972629517e-06,-0.018587883561849594,0.00920299906283617,0.5065104365348816,0.4934895932674408,-66538.3671875,0.4516303837299347,-509938.40625,2.4044816493988037,0.4967448115348816,0.5032552480697632,-6.6538368628243916e-06,-66538.3671875,0.4967448115348816,0.5032552480697632,2.707883595576277e-06,-6653.8359375,0.5110677480697632,1.0,1.0,0.24497997760772705,6550.181640625,6550.4267578125,0.00091
1,decoder.layers.0.blocks.1.intermediate.dense,13.008834838867188,7.2666144371032715,-5.742220878601074,-2.867416242224863e-06,-0.0006667848792858422,-0.0006771644111722708,0.0006771645857952535,0.4973958432674408,0.5026041865348816,2.069192487397231e-05,-8.302449714392424e-07,-0.01453644223511219,0.012524457648396492,0.5003255605697632,0.4996744990348816,-46859.66796875,0.4895983040332794,-299060.21875,1.973824381828308,0.4973958432674408,0.5026041865348816,-4.685966814577114e-06,-46859.66796875,0.4973958432674408,0.5026041865348816,2.2060737592255464e-06,-4685.966796875,0.5071614980697632,1.0,1.0,0.24497997760772705,6550.181640625,6550.4267578125,0.00091
1,decoder.layers.0.blocks.1.output.dense,12.963104248046875,6.915003776550293,-6.048101425170898,1.0680385457817465e-05,0.000677164294756949,-0.0006771632470190525,0.0006771645857952535,0.5071614980697632,0.4928385615348816,-4.643853026209399e-05,-1.70198836713098e-05,-0.01578059419989586,0.020619219169020653,0.513671875,0.486328125,-62322.484375,-50597.32421875,-332238.5,2.0388548374176025,0.5071614980697632,0.4928385615348816,-6.232248324522516e-06,-62322.484375,0.5071614980697632,0.4928385615348816,-7.0332530412997585e-06,-6232.2490234375,0.484375,1.0,1.0,0.24497997760772705,6550.181640625,6550.4267578125,0.00091
1,decoder.layers.0.blocks.2.attention.self.continuous_position_bias_mlp.0,9.105953216552734,7.7839250564575195,-1.3220272064208984,-1.0449276487634052e-05,-0.0005840566009283066,-0.0006771573680453002,0.0006771645857952535,0.484375,0.501953125,1.1632731911959127e-05,1.4619276043958962e-05,-0.0012256004847586155,0.0010257158428430557,0.462890625,0.5234375,-18466.23828125,0.0071882023476064205,-684946.5,4.465576171875,0.484375,0.501953125,-1.8466238316250383e-06,-18466.23828125,0.484375,0.501953125,-5.097075472804136e-07,-1846.6239013671875,0.5148515105247498,1.0,1.0,0.24497997760772705,6550.181640625,6550.4267578125,0.00091
1,decoder.layers.0.blocks.2.attention.self.continuous_position_bias_mlp.2,8.492358207702637,8.047698020935059,-0.4446597099304199,4.114799594390206e-05,-0.00020383857190608978,-0.0006771121406927705,0.0006771503249183297,0.5,0.5,-0.00019088000408373773,-9.509254596196115e-05,-0.0033446052111685276,0.002969974186271429,0.5416666865348816,0.4583333432674408,-2.003554105758667,-0.0027716250624507666,-28.385892868041992,0.23936273157596588,0.5416666865348816,0.4583333432674408,-2.003553989382567e-10,-2.0037450790405273,0.5416666865348816,0.4583333432674408,4.460306809050962e-05,-0.2003343552350998,0.5416666865348816,0.9583333730697632,0.9583333730697632,0.24497997760772705,6550.181640625,6550.4267578125,0.00091
1,decoder.layers.0.blocks.2.attention.self.query,13.411551475524902,7.324495315551758,-6.0870561599731445,3.1841838790569454e-05,0.0006771644111722708,-0.000677164294756949,0.0006771645857952535,0.5234375,0.4765625,1.8284824818692869e-06,1.6907506505958736e-07,-0.001960823545232415,0.0017340623307973146,0.4986979365348816,0.5013021230697632,-35857.078125,-59690.84765625,-83478.8984375,0.8871850967407227,0.5234375,0.4765625,-3.5857078728440683e-06,-35857.078125,0.5234375,0.4765625,1.218666056956863e-06,-3585.707763671875,0.5078125,1.0,1.0,0.24497997760772705,6550.181640625,6550.4267578125,0.00091
1,decoder.layers.0.blocks.2.attention.self.key,12.8623685836792,7.306058406829834,-5.556310176849365,-2.1937477868050337e-05,-0.0006764759309589863,-0.000677164294756949,0.0006771645857952535,0.4837239682674408,0.5162760615348816,-2.034097121850209e-07,4.044692104798742e-06,-0.0013866755180060863,0.0018991465913131833,0.4921875,0.5078125,-33924.16796875,0.6321755647659302,-98849.546875,0.9410133957862854,0.4837239682674408,0.5162760615348816,-3.3924168292287504e-06,-33924.16796875,0.4837239682674408,0.5162760615348816,-2.453361105381191e-07,-3392.416748046875,0.494140625,1.0,1.0,0.24497997760772705,6550.181640625,6550.4267578125,0.00091
1,decoder.layers.0.blocks.2.attention.self.value,13.254850387573242,7.337186336517334,-5.91766357421875,1.537550997454673e-05,0.0006771644111722708,-0.0006771605112589896,0.0006771645857952535,0.5110677480697632,0.4889323115348816,2.301393760717474e-05,2.5421002646908164e-05,-0.005759619176387787,0.008285721763968468,0.4850260615348816,0.5149739980697632,-35045.3359375,-48640.8515625,-115761.4765625,1.084793210029602,0.5110677480697632,0.4889323115348816,-3.50453319697408e-06,-35045.3359375,0.5110677480697632,0.4889323115348816,4.572602847474627e-07,-3504.533203125,0.5013021230697632,1.0,1.0,0.24497997760772705,6550.181640625,6550.4267578125,0.00091
1,decoder.layers.0.blocks.2.attention.output.dense,12.703985214233398,6.837902069091797,-5.866082668304443,-7.559973710158374e-06,-0.0006699325749650598,-0.000677164294756949,0.0006771645857952535,0.494140625,0.505859375,-7.71365284890635e-06,-3.3014621294569224e-06,-0.008171699941158295,0.008508929051458836,0.5071614980697632,0.4928385615348816,-64662.2265625,0.5563464164733887,-383570.4375,2.2617321014404297,0.494140625,0.505859375,-6.466222657763865e-06,-64662.21875,0.494140625,0.505859375,-2.07882067115861e-06,-6466.22265625,0.51171875,1.0,1.0,0.24497997760772705,6550.181640625,6550.4267578125,0.00091
1,decoder.layers.0.blocks.2.intermediate.dense,12.848925590515137,6.906739711761475,-5.942185401916504,8.856388262756809e-07,0.0006771643529646099,-0.0006771644111722708,0.0006771645857952535,0.50048828125,0.49951171875,4.945684395352146e-06,3.2390826163464226e-06,-0.006247440353035927,0.0052292924374341965,0.4899088740348816,0.5100911855697632,-55723.9921875,-49185.203125,-241186.84375,1.711858868598938,0.50048828125,0.49951171875,-5.572399459197186e-06,-55723.9921875,0.50048828125,0.49951171875,-8.296069609059487e-08,-5572.39990234375,0.5001627802848816,1.0,1.0,0.24497997760772705,6550.181640625,6550.4267578125,0.00091
1,decoder.layers.0.blocks.2.output.dense,12.127950668334961,6.150332450866699,-5.977619171142578,-1.819023600546643e-05,-0.0006733118207193911,-0.0006771644111722708,0.0006771645857952535,0.486328125,0.513671875,2.8249696697457694e-05,5.0302173804084305e-06,-0.009355444461107254,0.01610555127263069,0.4921875,0.5078125,-128908.375,0.8043488264083862,-691717.4375,2.7387843132019043,0.486328125,0.513671875,-1.2890838661405724e-05,-128908.375,0.486328125,0.513671875,-7.620046744705178e-07,-12890.8388671875,0.5162760615348816,1.0,1.0,0.24497997760772705,6550.181640625,6550.4267578125,0.00091
1,decoder.layers.0.blocks.3.attention.self.continuous_position_bias_mlp.0,9.47884464263916,7.741986274719238,-1.7368580102920532,-3.012602246599272e-05,0.0,-0.0006771643529646099,0.0006771645857952535,0.416015625,0.4609375,1.4647663192590699e-05,0.0,-0.0009807830210775137,0.0013504683738574386,0.41015625,0.453125,-17488.2421875,0.0,-691427.75,2.4494829177856445,0.41015625,0.4609375,-1.7488242747276672e-06,-17488.2421875,0.416015625,0.4609375,2.0402347900017048e-07,-1748.8243408203125,0.4502262771129608,1.0,1.0,0.24497997760772705,6550.181640625,6550.4267578125,0.00091
1,decoder.layers.0.blocks.3.attention.self.continuous_position_bias_mlp.2,8.20556640625,8.032950401306152,-0.1726168692111969,0.00017234549159184098,0.0006684614345431328,-0.0006770535837858915,0.000677071395330131,0.625,0.375,-9.296403004555032e-05,-0.0001363633491564542,-0.0013825853820890188,0.001166182104498148,0.5833333730697632,0.4166666865348816,-0.1149681806564331,-0.06036233529448509,-0.6842078566551208,0.1505519151687622,0.625,0.375,-1.1496819989076368e-11,-0.11506114900112152,0.625,0.375,8.210967052946216e-07,-0.011505375616252422,0.375,1.0,1.0,0.24497997760772705,6550.181640625,6550.4267578125,0.00091
1,decoder.layers.0.blocks.3.attention.self.query,12.699230194091797,7.278827667236328,-5.4204020500183105,-3.5987086448585615e-05,-0.0006763827987015247,-0.0006771644111722708,0.0006771645857952535,0.4733073115348816,0.5266927480697632,9.39451638259925e-07,4.007408278994262e-06,-0.001966639421880245,0.0018037770641967654,0.4915364682674408,0.5084635615348816,-34453.3984375,0.6789796948432922,-93332.5078125,0.9658364057540894,0.4733073115348816,0.5266927480697632,-3.445339643803891e-06,-34453.3984375,0.4733073115348816,0.5266927480697632,-1.784501819201978e-06,-3445.339599609375,0.5065104365348816,1.0,1.0,0.24497997760772705,6550.181640625,6550.4267578125,0.00091
1,decoder.layers.0.blocks.3.attention.self.key,13.21269416809082,7.238858699798584,-5.97383451461792,1.687186522758566e-05,0.0006771644111722708,-0.0006771641783416271,0.0006771645857952535,0.5123698115348816,0.4876302182674408,-5.643241820507683e-06,-6.905436748638749e-06,-0.0022219731472432613,0.0015512320678681135,0.509765625,0.490234375,-38359.2421875,-61404.26171875,-113961.7109375,1.0930182933807373,0.5123698115348816,0.4876302182674408,-3.835924417217029e-06,-38359.2421875,0.5123698115348816,0.4876302182674408,4.203253354262415e-07,-3835.92431640625,0.4947916865348816,1.0,1.0,0.24497997760772705,6550.181640625,6550.4267578125,0.00091
1,decoder.layers.0.blocks.3.attention.self.value,13.477686882019043,7.314615249633789,-6.163071632385254,3.9148460928117856e-05,0.0006771644111722708,-0.0006771623156964779,0.0006771645857952535,0.5286458730697632,0.4713541865348816,3.063691110583022e-05,6.836839020252228e-06,-0.0038946480490267277,0.004746811464428902,0.4947916865348816,0.5052083730697632,-36842.1328125,-55400.109375,-126897.53125,1.1639869213104248,0.5286458730697632,0.4713541865348816,-3.6842129702563398e-06,-36842.1328125,0.5286458730697632,0.4713541865348816,2.5893020847433945e-06,-3684.212890625,0.49609375,1.0,1.0,0.24497997760772705,6550.181640625,6550.4267578125,0.00091
1,decoder.layers.0.blocks.3.attention.output.dense,13.0704984664917,6.848575592041016,-6.221923351287842,2.6688254365581088e-05,0.0006771644111722708,-0.0006771644111722708,0.0006771645857952535,0.51953125,0.48046875,9.580515325069427e-06,-5.839119694428518e-07,-0.0063094389624893665,0.009472783654928207,0.5026041865348816,0.4973958432674408,-72925.9140625,-53111.8984375,-672741.1875,2.742992401123047,0.51953125,0.48046875,-7.292591817531502e-06,-72925.921875,0.51953125,0.48046875,5.630577106785495e-06,-7292.591796875,0.5013021230697632,1.0,1.0,0.24497997760772705,6550.181640625,6550.4267578125,0.00091
1,decoder.layers.0.blocks.3.intermediate.dense,13.163314819335938,7.4762983322143555,-5.68701696395874,-8.348509794586789e-08,-0.0006576837040483952,-0.0006771645275875926,0.0006771645857952535,0.4991862177848816,0.5008138418197632,-1.181570678454591e-05,-9.804789442569017e-07,-0.020090900361537933,0.021197015419602394,0.5029296875,0.4970703125,-32951.4375,0.4680582880973816,-236726.15625,1.787654995918274,0.4991862177848816,0.5008138418197632,-3.2951436423900304e-06,-32951.4375,0.4991862177848816,0.5008138418197632,2.631392590046744e-06,-3295.1435546875,0.5105794668197632,1.0,1.0,0.24497997760772705,6550.181640625,6550.4267578125,0.00091
1,decoder.layers.0.blocks.3.output.dense,13.226473808288574,7.133045196533203,-6.093428611755371,2.6149993573199026e-05,0.000677164294756949,-0.0006771627813577652,0.0006771645857952535,0.5182291865348816,0.4817708432674408,1.3715190107177477e-05,1.6390657037845813e-05,-0.024780264124274254,0.016625618562102318,0.4921875,0.5078125,-49070.76171875,-49365.484375,-307679.34375,1.9559967517852783,0.5182291865348816,0.4817708432674408,-4.907076800009236e-06,-49070.76171875,0.5182291865348816,0.4817708432674408,-3.6730143619934097e-06,-4907.076171875,0.5182291865348816,1.0,1.0,0.24497997760772705,6550.181640625,6550.4267578125,0.00091
1,decoder.layers.0.blocks.4.attention.self.continuous_position_bias_mlp.0,8.966955184936523,7.813917636871338,-1.1530377864837646,6.006702278682496e-06,0.0,-0.0006771615007892251,0.0006771645275875926,0.455078125,0.447265625,1.0702367944759317e-05,0.0,-0.0018257544143125415,0.0017926858272403479,0.396484375,0.5,-15774.666015625,0.0,-687727.375,3.2872986793518066,0.451171875,0.443359375,-1.577466719027143e-06,-15774.666015625,0.455078125,0.447265625,3.785214062190789e-07,-1577.466796875,0.48801741003990173,1.0,1.0,0.24497997760772705,6550.181640625,6550.4267578125,0.00091
1,decoder.layers.0.blocks.4.attention.self.continuous_position_bias_mlp.2,8.175758361816406,8.025805473327637,-0.14995312690734863,0.00021934331743977964,0.0006606951355934143,-0.0006769453175365925,0.000677059288136661,0.6666666865348816,0.3333333432674408,0.0001995685597648844,0.00011575850658118725,-0.0008668066002428532,0.0019686350133270025,0.3333333432674408,0.6666666865348816,-0.1005483865737915,-0.02963537536561489,-0.692957878112793,0.21703647077083588,0.6666666865348816,0.3333333432674408,-1.0054838038564551e-11,-0.1003488153219223,0.6666666865348816,0.3333333432674408,2.778877387754619e-05,-0.010009871795773506,0.4166666865348816,1.0,1.0,0.24497997760772705,6550.181640625,6550.4267578125,0.00091
1,decoder.layers.0.blocks.4.attention.self.query,13.164660453796387,7.304316997528076,-5.860342025756836,8.056873411987908e-06,0.0006771643529646099,-0.0006771645275875926,0.0006771645857952535,0.505859375,0.494140625,-1.899077687994577e-06,1.179052924271673e-05,-0.0025366388726979494,0.001163403270766139,0.482421875,0.517578125,-35632.28515625,-58114.6328125,-113633.9921875,1.0909903049468994,0.505859375,0.494140625,-3.5632283470476978e-06,-35632.28515625,0.505859375,0.494140625,7.802734103279363e-07,-3563.228515625,0.48828125,1.0,1.0,0.24497997760772705,6550.181640625,6550.4267578125,0.00091
1,decoder.layers.0.blocks.4.attention.self.key,13.210935592651367,7.298504829406738,-5.9124298095703125,1.3333042261365335e-05,0.0006771644111722708,-0.0006771635380573571,0.0006771645857952535,0.509765625,0.490234375,-1.368214157082548e-06,5.422763933893293e-06,-0.0015703042736276984,0.002094001043587923,0.490234375,0.509765625,-35971.21484375,-59065.13671875,-111874.265625,1.081473469734192,0.509765625,0.490234375,-3.5971213492302923e-06,-35971.21484375,0.509765625,0.490234375,1.4210384051693836e-06,-3597.12158203125,0.4908854365348816,1.0,1.0,0.24497997760772705,6550.181640625,6550.4267578125,0.00091
1,decoder.layers.0.blocks.4.attention.self.value,13.038810729980469,7.407376766204834,-5.631435394287109,-1.0187068255618215e-05,-0.0006735548959113657,-0.0006771636544726789,0.0006771645857952535,0.4921875,0.5078125,-1.1291957889625337e-05,-1.116070052376017e-05,-0.004706081002950668,0.005055685993283987,0.5052083730697632,0.4947916865348816,-31102.93359375,0.5395458936691284,-89040.0078125,0.9166246056556702,0.4921875,0.5078125,-3.1102933917281916e-06,-31102.93359375,0.4921875,0.5078125,-1.980034312509815e-06,-3110.29296875,0.5013021230697632,1.0,1.0,0.24497997760772705,6550.181640625,6550.4267578125,0.00091
1,decoder.layers.0.blocks.4.attention.output.dense,12.880020141601562,6.861191749572754,-6.018827438354492,8.196403541660402e-06,0.0006771643529646099,-0.0006771645275875926,0.0006771645857952535,0.505859375,0.494140625,-1.0289824786013924e-05,2.311600837856531e-06,-0.0074946400709450245,0.011300895363092422,0.4954427182674408,0.5045573115348816,-67938.390625,-50642.69921875,-491298.59375,2.424900531768799,0.505859375,0.494140625,-6.793839474994456e-06,-67938.390625,0.505859375,0.494140625,1.914267841129913e-06,-6793.8388671875,0.4973958432674408,1.0,1.0,0.24497997760772705,6550.181640625,6550.4267578125,0.00091
1,decoder.layers.0.blocks.4.intermediate.dense,13.284281730651855,7.5156402587890625,-5.768640041351318,1.0619230124575552e-05,0.000677164294756949,-0.0006771644111722708,0.0006771645857952535,0.5069987177848816,0.4930013120174408,-1.7975229411604232e-06,6.24000676907599e-07,-0.04164460301399231,0.03150312229990959,0.4990234375,0.5009765625,-30065.18359375,-45956.21484375,-215167.0,1.6361150741577148,0.5069987177848816,0.4930013120174408,-3.0065179998928215e-06,-30065.18359375,0.5069987177848816,0.4930013120174408,4.503195214056177e-06,-3006.518310546875,0.5011393427848816,1.0,1.0,0.24497997760772705,6550.181640625,6550.4267578125,0.00091
1,decoder.layers.0.blocks.4.output.dense,13.090632438659668,7.034748077392578,-6.05588436126709,1.8132130207959563e-05,0.000677164294756949,-0.0006771643529646099,0.0006771645857952535,0.5123698115348816,0.4876302182674408,9.733118349686265e-05,1.8379350876784883e-05,-0.023755162954330444,0.03730722516775131,0.4876302182674408,0.5123698115348816,-55135.671875,-49048.80078125,-303088.1875,1.9437075853347778,0.5123698115348816,0.4876302182674408,-5.513567430170951e-06,-55135.671875,0.5123698115348816,0.4876302182674408,4.792936124431435e-06,-5513.56787109375,0.4986979365348816,1.0,1.0,0.24497997760772705,6550.181640625,6550.4267578125,0.00091
1,decoder.layers.0.blocks.5.attention.self.continuous_position_bias_mlp.0,8.6669282913208,7.86876106262207,-0.7981672286987305,5.985379539197311e-05,0.0,-0.0006771636544726789,0.0006771645275875926,0.486328125,0.3984375,8.2339020082145e-06,0.0,-0.0023507880978286266,0.0021184408105909824,0.4296875,0.447265625,-8820.287109375,0.0,-631330.1875,4.811338424682617,0.484375,0.392578125,-8.82028700743831e-07,-8820.287109375,0.486328125,0.3984375,3.62035098078195e-06,-882.0286254882812,0.4454343020915985,1.0,1.0,0.24497997760772705,6550.181640625,6550.4267578125,0.00091
1,decoder.layers.0.blocks.5.attention.self.continuous_position_bias_mlp.2,8.108390808105469,8.016486167907715,-0.09190432727336884,0.00016357765707653016,0.0006505157798528671,-0.0006771197076886892,0.000676704803481698,0.625,0.375,9.41255348152481e-05,6.213739834493026e-05,-0.003080036723986268,0.0022720627021044493,0.375,0.625,-0.049230873584747314,-0.03126766160130501,-0.5983574986457825,0.15766778588294983,0.625,0.375,-4.923087978947471e-12,-0.04913675785064697,0.625,0.375,4.571789031615481e-05,-0.0048725297674536705,0.3333333432674408,1.0,1.0,0.24497997760772705,6550.181640625,6550.4267578125,0.00091
1,decoder.layers.0.blocks.5.attention.self.query,12.99267864227295,7.404788494110107,-5.587891578674316,-1.4755757547391113e-05,-0.0006755338981747627,-0.0006771639455109835,0.0006771645857952535,0.4889323115348816,0.5110677480697632,1.5022664001662633e-06,-1.869630068540573e-05,-0.0028377920389175415,0.0026603813748806715,0.5143229365348816,0.4856770932674408,-30863.51953125,0.6143102645874023,-75875.2421875,0.8253500461578369,0.4889323115348816,0.5110677480697632,-3.086351853198721e-06,-30863.51953125,0.4889323115348816,0.5110677480697632,-2.496841489119106e-06,-3086.35205078125,0.4837239682674408,1.0,1.0,0.24497997760772705,6550.181640625,6550.4267578125,0.00091
1,decoder.layers.0.blocks.5.attention.self.key,13.214449882507324,7.397927284240723,-5.816522121429443,8.145856554619968e-06,0.0006771644111722708,-0.000677163596265018,0.0006771645857952535,0.505859375,0.494140625,1.155200425273506e-05,1.5405530575662851e-06,-0.003190283663570881,0.002633483847603202,0.498046875,0.501953125,-32120.458984375,-56924.71484375,-82728.1953125,0.8589283227920532,0.505859375,0.494140625,-3.2120460673468187e-06,-32120.458984375,0.505859375,0.494140625,1.1698117532432661e-06,-3212.04638671875,0.4908854365348816,1.0,1.0,0.24497997760772705,6550.181640625,6550.4267578125,0.00091
1,decoder.layers.0.blocks.5.attention.self.value,12.97153377532959,7.383697032928467,-5.587837219238281,-1.5329107554862276e-05,-0.0006731401081196964,-0.0006771633052267134,0.0006771645857952535,0.48828125,0.51171875,5.3337244025897235e-05,5.035020876675844e-05,-0.01379052922129631,0.007444059941917658,0.4850260615348816,0.5149739980697632,-31564.02734375,0.5505401492118835,-83036.3125,0.9070311188697815,0.48828125,0.51171875,-3.156402726745e-06,-31564.02734375,0.48828125,0.51171875,7.575051199637528e-07,-3156.40283203125,0.5071614980697632,1.0,1.0,0.24497997760772705,6550.181640625,6550.4267578125,0.00091
1,decoder.layers.0.blocks.5.attention.output.dense,12.477737426757812,6.941630840301514,-5.536106109619141,-3.410708450246602e-05,-0.0006748091545887291,-0.0006771645275875926,0.0006771645857952535,0.474609375,0.525390625,6.348585884552449e-05,9.604482329450548e-06,-0.004664089530706406,0.007659791503101587,0.470703125,0.529296875,-57594.88671875,0.5884703993797302,-577558.125,2.642035484313965,0.474609375,0.525390625,-5.7594893405621406e-06,-57594.88671875,0.474609375,0.525390625,-1.092967067961581e-06,-5759.48974609375,0.51171875,1.0,1.0,0.24497997760772705,6550.181640625,6550.4267578125,0.00091
1,decoder.layers.0.blocks.5.intermediate.dense,13.336054801940918,7.436387538909912,-5.899667739868164,2.012757249758579e-05,0.000677164294756949,-0.0006771643529646099,0.0006771645857952535,0.5138346552848816,0.4861653745174408,8.59081483213231e-05,-3.2498161317562335e-07,-0.04915442317724228,0.028913553804159164,0.5001627802848816,0.4998372495174408,-33166.22265625,-49216.5234375,-222260.453125,1.6853185892105103,0.5138346552848816,0.4861653745174408,-3.3166222692671e-06,-33166.22265625,0.5138346552848816,0.4861653745174408,1.0461953934282064e-05,-3316.6220703125,0.5029296875,1.0,1.0,0.24497997760772705,6550.181640625,6550.4267578125,0.00091
1,decoder.layers.0.blocks.5.output.dense,12.953521728515625,6.846986293792725,-6.106535911560059,1.7328389731119387e-05,0.000677164236549288,-0.000677164236549288,0.0006771645857952535,0.51171875,0.48828125,8.48734453029465e-06,-5.2538380259647965e-06,-0.027378341183066368,0.03305327892303467,0.501953125,0.498046875,-65654.59375,-50476.859375,-359494.71875,2.1067259311676025,0.51171875,0.48828125,-6.565459443663713e-06,-65654.59375,0.51171875,0.48828125,7.807727342878934e-06,-6565.458984375,0.4915364682674408,1.0,1.0,0.24497997760772705,6550.181640625,6550.4267578125,0.00091
1,decoder.layers.0.blocks.6.attention.self.continuous_position_bias_mlp.0,8.955881118774414,7.820268630981445,-1.1356117725372314,-4.539676592685282e-05,0.0,-0.0006771616172045469,0.0006771645857952535,0.419921875,0.490234375,-4.074919706908986e-05,0.0,-0.002039507031440735,0.0017110370099544525,0.482421875,0.421875,-14112.1083984375,0.0,-669295.875,4.93471622467041,0.41796875,0.482421875,-1.4112108601693762e-06,-14112.1083984375,0.419921875,0.490234375,-1.178638171950297e-06,-1411.2108154296875,0.5615550875663757,1.0,1.0,0.24497997760772705,6550.181640625,6550.4267578125,0.00091
1,decoder.layers.0.blocks.6.attention.self.continuous_position_bias_mlp.2,8.191154479980469,8.03361701965332,-0.1575387418270111,0.0001105955961975269,0.000645920867100358,-0.0006740754470229149,0.0006768058519810438,0.5833333730697632,0.4166666865348816,0.00017200873116962612,0.0002334215387236327,-0.0016077253967523575,0.0017808524426072836,0.4583333432674408,0.5416666865348816,-0.11536195129156113,-0.020330138504505157,-0.7287740707397461,0.07897187024354935,0.5833333730697632,0.4166666865348816,-1.1536195609895827e-11,-0.11518995463848114,0.5833333730697632,0.4166666865348816,1.922662886499893e-05,-0.011501691304147243,0.375,1.0,1.0,0.24497997760772705,6550.181640625,6550.4267578125,0.00091
1,decoder.layers.0.blocks.6.attention.self.query,12.94275188446045,7.325821876525879,-5.616929531097412,-1.4830507097940426e-05,-0.0006759723764844239,-0.000677164294756949,0.0006771645857952535,0.4889323115348816,0.5110677480697632,-7.601091965625528e-06,-1.3863022104487754e-05,-0.0016108629060909152,0.002201583469286561,0.5188802480697632,0.4811198115348816,-33479.0,0.6378936767578125,-93441.71875,0.9026716351509094,0.4889323115348816,0.5110677480697632,-3.3479004741820972e-06,-33479.0,0.4889323115348816,0.5110677480697632,-1.1476852250780212e-06,-3347.900390625,0.4830729365348816,1.0,1.0,0.24497997760772705,6550.181640625,6550.4267578125,0.00091
1,decoder.layers.0.blocks.6.attention.self.key,13.022253036499023,7.3221845626831055,-5.700067520141602,-6.904136171215214e-06,-0.0006757145747542381,-0.000677164294756949,0.0006771645857952535,0.4947916865348816,0.5052083730697632,-4.583974259730894e-06,-9.121635230258107e-06,-0.0025200429372489452,0.0016703095752745867,0.5149739980697632,0.4850260615348816,-34045.0703125,0.6294854879379272,-89497.5234375,0.8995862007141113,0.4947916865348816,0.5052083730697632,-3.4045069696730934e-06,-34045.0703125,0.4947916865348816,0.5052083730697632,-8.659600894134201e-07,-3404.50732421875,0.5345052480697632,1.0,1.0,0.24497997760772705,6550.181640625,6550.4267578125,0.00091
1,decoder.layers.0.blocks.6.attention.self.value,13.323675155639648,7.376433849334717,-5.94724178314209,2.066319575533271e-05,0.0006771644111722708,-0.0006771640037186444,0.0006771645857952535,0.5149739980697632,0.4850260615348816,-1.000157408270752e-05,-1.2148928362876177e-05,-0.005515138618648052,0.005531203001737595,0.5052083730697632,0.4947916865348816,-33485.546875,-52396.91015625,-95199.765625,1.719087839126587,0.5149739980697632,0.4850260615348816,-3.3485546282463474e-06,-33485.546875,0.5149739980697632,0.4850260615348816,4.65657058157376e-06,-3348.5546875,0.5305989980697632,1.0,1.0,0.24497997760772705,6550.181640625,6550.4267578125,0.00091
1,decoder.layers.0.blocks.6.attention.output.dense,12.592247009277344,6.76200008392334,-5.8302459716796875,-1.303192948398646e-05,-0.0006743796984665096,-0.0006771643529646099,0.0006771645857952535,0.490234375,0.509765625,-2.354702155571431e-05,-4.470264229894383e-07,-0.008021453395485878,0.008292329497635365,0.501953125,0.498046875,-72350.5234375,0.5434434413909912,-554164.625,2.5761630535125732,0.490234375,0.509765625,-7.235052180476487e-06,-72350.5234375,0.490234375,0.509765625,-9.763323305378435e-07,-7235.052734375,0.5026041865348816,1.0,1.0,0.24497997760772705,6550.181640625,6550.4267578125,0.00091
1,decoder.layers.0.blocks.6.intermediate.dense,13.28583812713623,7.469721794128418,-5.816117763519287,1.2082649845979176e-05,0.000677164294756949,-0.0006771644111722708,0.0006771645857952535,0.5081380605697632,0.4918619990348816,3.214026219211519e-05,-9.590351510269102e-06,-0.02376239374279976,0.036224115639925,0.5079752802848816,0.4920247495174408,-31335.04296875,-49450.73828125,-261069.078125,1.7647693157196045,0.5081380605697632,0.4918619990348816,-3.133504378638463e-06,-31335.04296875,0.5081380605697632,0.4918619990348816,9.162914466287475e-06,-3133.50439453125,0.50634765625,1.0,1.0,0.24497997760772705,6550.181640625,6550.4267578125,0.00091
1,decoder.layers.0.blocks.6.output.dense,12.539751052856445,6.452632904052734,-6.087118148803711,5.319295269146096e-06,0.000677164236549288,-0.0006771640037186444,0.0006771645857952535,0.5032552480697632,0.4967448115348816,-8.789373532636091e-05,-1.7929896785062738e-05,-0.02373090200126171,0.0232861265540123,0.5247396230697632,0.4752604365348816,-100588.84375,-45176.3984375,-491099.21875,2.4262235164642334,0.5032552480697632,0.4967448115348816,-1.005888498184504e-05,-100588.84375,0.5032552480697632,0.4967448115348816,3.888498213200364e-06,-10058.884765625,0.5110677480697632,1.0,1.0,0.24497997760772705,6550.181640625,6550.4267578125,0.00091
1,decoder.layers.0.blocks.7.attention.self.continuous_position_bias_mlp.0,9.024395942687988,7.762736797332764,-1.2616592645645142,1.998224252020009e-05,0.0,-0.000677164294756949,0.0006771645857952535,0.470703125,0.4453125,-4.875773811363615e-06,0.0,-0.0013456214219331741,0.00136950658634305,0.46484375,0.451171875,-18140.193359375,0.0,-680216.5625,1025.882080078125,0.46484375,0.443359375,-1.8140194697480183e-06,-18140.193359375,0.470703125,0.4453125,1.4255404039431596e-06,-1814.0194091796875,0.5031983256340027,1.0,1.0,0.24497997760772705,6550.181640625,6550.4267578125,0.00091
1,decoder.layers.0.blocks.7.attention.self.continuous_position_bias_mlp.2,7.79752254486084,7.934967041015625,0.13744419813156128,-0.00042772162123583257,-0.0006619109772145748,-0.000675268704071641,0.0006737830117344856,0.1666666716337204,0.8333333730697632,-2.5405504857189953e-05,3.1399744329974055e-05,-0.0016087776748463511,0.0011340724304318428,0.4583333432674408,0.5416666865348816,0.02311917208135128,0.020183643326163292,-0.2506338655948639,0.10227715224027634,0.1666666716337204,0.8333333730697632,2.311917150776832e-12,0.02309376560151577,0.1666666716337204,0.8333333730697632,-6.202417716849595e-05,0.0022535547614097595,0.5416666865348816,1.0,1.0,0.24497997760772705,6550.181640625,6550.4267578125,0.00091
1,decoder.layers.0.blocks.7.attention.self.query,12.881662368774414,7.208436489105225,-5.673225402832031,-1.4012539395480417e-05,-0.0006764678983017802,-0.000677164236549288,0.0006771645857952535,0.4895833432674408,0.5104166865348816,-9.377802598464768e-06,-3.340996045153588e-06,-0.001402958412654698,0.001331175910308957,0.5104166865348816,0.4895833432674408,-37926.0625,0.6785781979560852,-107536.953125,1.0937092304229736,0.4895833432674408,0.5104166865348816,-3.792606321439962e-06,-37926.0625,0.4895833432674408,0.5104166865348816,-3.088690334607236e-07,-3792.606201171875,0.5091146230697632,1.0,1.0,0.24497997760772705,6550.181640625,6550.4267578125,0.00091
1,decoder.layers.0.blocks.7.attention.self.key,13.027594566345215,7.24106502532959,-5.786529541015625,-1.6564985116929165e-06,-0.0006755388458259404,-0.0006771644111722708,0.0006771645857952535,0.4986979365348816,0.5013021230697632,-4.620851541403681e-06,1.4722481864737347e-06,-0.0014566731406375766,0.001242131576873362,0.4954427182674408,0.5045573115348816,-37365.84375,0.6321048736572266,-108451.3359375,1.032016396522522,0.4986979365348816,0.5013021230697632,-3.736584176294855e-06,-37365.84375,0.4986979365348816,0.5013021230697632,-8.812422720438917e-07,-3736.58447265625,0.5188802480697632,1.0,1.0,0.24497997760772705,6550.181640625,6550.4267578125,0.00091
1,decoder.layers.0.blocks.7.attention.self.value,12.94250774383545,7.396792888641357,-5.545714378356934,-1.8873795852414332e-05,-0.0006734578055329621,-0.0006771641783416271,0.0006771645857952535,0.4856770932674408,0.5143229365348816,4.852458368986845e-05,3.621923679020256e-05,-0.005823712330311537,0.005407269578427076,0.484375,0.515625,-30944.802734375,0.5820786952972412,-98270.7890625,1.0195941925048828,0.4856770932674408,0.5143229365348816,-3.094480689469492e-06,-30944.802734375,0.4856770932674408,0.5143229365348816,-2.676200892892666e-06,-3094.48046875,0.4791666865348816,1.0,1.0,0.24497997760772705,6550.181640625,6550.4267578125,0.00091
1,decoder.layers.0.blocks.7.attention.output.dense,12.859637260437012,6.731717586517334,-6.127918243408203,1.518195858807303e-05,0.0006771644111722708,-0.0006771644111722708,0.0006771645857952535,0.5110677480697632,0.4889323115348816,-9.303443221142516e-06,8.47308911033906e-07,-0.004814641550183296,0.007178584113717079,0.4967448115348816,0.5032552480697632,-75407.5625,-52316.63671875,-489504.40625,2.3955321311950684,0.5110677480697632,0.4889323115348816,-7.540756541857263e-06,-75407.5625,0.5110677480697632,0.4889323115348816,3.5691573430085555e-07,-7540.7568359375,0.4973958432674408,1.0,1.0,0.24497997760772705,6550.181640625,6550.4267578125,0.00091
1,decoder.layers.0.blocks.7.intermediate.dense,13.143268585205078,7.513144493103027,-5.630124568939209,-4.199503564450424e-06,-0.0006520138122141361,-0.0006771640037186444,0.0006771645857952535,0.4957682490348816,0.5042318105697632,0.0001328758371528238,1.9030878320336342e-05,-0.041027870029211044,0.041273485869169235,0.4895833432674408,0.5104166865348816,-27893.841796875,0.53634113073349,-134131.40625,1.1063203811645508,0.4957682490348816,0.5042318105697632,-2.7893838705495e-06,-27893.841796875,0.4957682490348816,0.5042318105697632,1.6776109987404197e-05,-2789.38427734375,0.5143229365348816,1.0,1.0,0.24497997760772705,6550.181640625,6550.4267578125,0.00091
1,decoder.layers.0.blocks.7.output.dense,12.592643737792969,6.333327293395996,-6.259316921234131,1.4163498235575389e-05,0.0006771641783416271,-0.0006771640619263053,0.0006771645857952535,0.509765625,0.490234375,-0.0001335807901341468,-1.7499867681181058e-05,-0.03527362644672394,0.02394978329539299,0.5240885615348816,0.4759114682674408,-106940.9921875,-45523.0078125,-384339.25,2.2018563747406006,0.509765625,0.490234375,-1.0694098818930797e-05,-106940.9921875,0.509765625,0.490234375,1.881224670796655e-05,-10694.099609375,0.4713541865348816,1.0,1.0,0.24497997760772705,6550.181640625,6550.4267578125,0.00091
1,decoder.layers.0.upsample.upsample,13.100088119506836,7.064435958862305,-6.035652160644531,1.7128188119386323e-05,0.000677164236549288,-0.0006771633634343743,0.0006771645857952535,0.51171875,0.48828125,-3.1047675292938948e-06,-2.542555012041703e-05,-0.045465681701898575,0.06910794228315353,0.5192057490348816,0.4807942807674408,-47703.0625,-48140.4296875,-152144.046875,1.298763394355774,0.51171875,0.48828125,-4.770306077261921e-06,-47703.0625,0.51171875,0.48828125,1.1683681805152446e-05,-4770.3056640625,0.4879557490348816,1.0,1.0,0.24497997760772705,6550.181640625,6550.4267578125,0.00091
1,decoder.layers.0.upsample.mixup,13.381743431091309,7.3004560470581055,-6.081287384033203,3.294742782600224e-05,0.000677164294756949,-0.0006771301268599927,0.0006771645857952535,0.5221354365348816,0.4778645932674408,-0.00022970278223510832,2.9742717742919922e-05,-0.03421814367175102,0.02986988052725792,0.4986979365348816,0.5013021230697632,-37314.88671875,-49161.4609375,-227003.25,1.5059136152267456,0.5221354365348816,0.4778645932674408,-3.7314889596018475e-06,-37314.88671875,0.5221354365348816,0.4778645932674408,4.223784708301537e-05,-3731.48876953125,0.5078125,1.0,1.0,0.24497997760772705,6550.181640625,6550.4267578125,0.00091
1,decoder.layers.1.blocks.0.attention.self.continuous_position_bias_mlp.0,8.394070625305176,7.895097732543945,-0.49897241592407227,-1.0873257451748941e-05,0.0,-0.000677164236549288,0.0006771645275875926,0.462890625,0.49609375,0.00011929879838135093,0.0,-0.010648190043866634,0.01712949015200138,0.453125,0.5,-9350.7021484375,0.0,-688182.25,3.7822391986846924,0.462890625,0.49609375,-9.350703180643904e-07,-9350.7021484375,0.462890625,0.49609375,-1.2985295143153053e-05,-935.0703125,0.49180325865745544,1.0,1.0,0.24497997760772705,6550.181640625,6550.4267578125,0.00091
1,decoder.layers.1.blocks.0.attention.self.continuous_position_bias_mlp.2,8.43400764465332,8.07545280456543,-0.3585558831691742,0.0003980748588219285,0.0006757499650120735,-0.0008162669837474823,0.000850144773721695,0.75,0.25,-0.00176622299477458,-0.00035349512472748756,-0.026035286486148834,0.013190257363021374,0.6666666865348816,0.3333333432674408,-0.2007419317960739,-0.19343945384025574,-0.513288676738739,0.03770679235458374,0.75,0.25,-2.007419057370452e-11,-0.2025081366300583,0.75,0.25,-0.0002537962864153087,-0.0204792320728302,0.75,0.8333333730697632,1.0,0.24497997760772705,6550.181640625,6550.4267578125,0.00091
1,decoder.layers.1.blocks.0.attention.self.query,13.15223503112793,7.487337112426758,-5.664897918701172,-3.1306676646636333e-06,-0.0006715659401379526,-0.0006771626649424434,0.0006771645857952535,0.4973958432674408,0.5026041865348816,7.637961061846e-06,8.939423423726112e-07,-0.004690911620855331,0.00437298696488142,0.4986979365348816,0.5013021230697632,-28974.693359375,0.41252467036247253,-79442.3984375,0.7981273531913757,0.4973958432674408,0.5026041865348816,-2.8974695851502474e-06,-28974.693359375,0.4973958432674408,0.5026041865348816,-5.761226020695176e-07,-2897.469482421875,0.4856770932674408,1.0,1.0,0.24497997760772705,6550.181640625,6550.4267578125,0.00091
1,decoder.layers.1.blocks.0.attention.self.key,13.11234188079834,7.423791408538818,-5.68855094909668,4.106295818928629e-07,-0.0006713852635584772,-0.0006771635380573571,0.0006771645857952535,0.5,0.5,9.818202670430765e-06,-1.1808064300566912e-05,-0.005301636643707752,0.0033206564839929342,0.5026041865348816,0.4973958432674408,-31148.69921875,-3.9090747833251953,-101098.6015625,1.0114622116088867,0.5,0.5,-3.1148697416938376e-06,-31148.69921875,0.5,0.5,-1.3268891052575782e-06,-3114.869873046875,0.5,1.0,1.0,0.24497997760772705,6550.181640625,6550.4267578125,0.00091
1,decoder.layers.1.blocks.0.attention.self.value,13.154088973999023,7.395717620849609,-5.758370399475098,3.1229897103912663e-06,0.000677164236549288,-0.0006771624903194606,0.0006771645275875926,0.5013021230697632,0.4986979365348816,-1.6383215552195907e-05,3.3143674954771996e-05,-0.02357611432671547,0.01616380363702774,0.4921875,0.5078125,-32491.162109375,-48465.62109375,-468969.8125,2.373286724090576,0.5013021230697632,0.4986979365348816,-3.2491166166437324e-06,-32491.162109375,0.5013021230697632,0.4986979365348816,-1.0193204616371077e-05,-3249.1162109375,0.5221354365348816,1.0,1.0,0.24497997760772705,6550.181640625,6550.4267578125,0.00091
1,decoder.layers.1.blocks.0.attention.output.dense,13.208982467651367,7.041131973266602,-6.167850494384766,2.9291230021044612e-05,0.0006771643529646099,-0.0006771638290956616,0.0006771645857952535,0.5208333730697632,0.4791666865348816,-1.7805627066991292e-05,-4.7592882765457034e-05,-0.03014346957206726,0.04064493626356125,0.5325521230697632,0.4674479365348816,-56144.5078125,-55431.79296875,-398368.625,2.2139761447906494,0.5208333730697632,0.4791666865348816,-5.614450856228359e-06,-56144.5078125,0.5208333730697632,0.4791666865348816,1.116030034609139e-05,-5614.45068359375,0.5065104365348816,1.0,1.0,0.24497997760772705,6550.181640625,6550.4267578125,0.00091
1,decoder.layers.1.blocks.0.intermediate.dense,12.386775970458984,6.4646100997924805,-5.922166347503662,3.7859899748582393e-06,0.0006771643529646099,-0.0006771645275875926,0.0006771645857952535,0.5022786855697632,0.4977213740348816,-2.5274410290876403e-05,1.8134828678739723e-06,-0.012432923540472984,0.007160719484090805,0.4934895932674408,0.5065104365348816,-100886.5859375,-41498.41015625,-671976.75,4.54328727722168,0.5022786855697632,0.4977213740348816,-1.008865910989698e-05,-100886.5859375,0.5022786855697632,0.4977213740348816,9.781495009519858e-07,-10088.6591796875,0.4957682490348816,1.0,1.0,0.24497997760772705,6550.181640625,6550.4267578125,0.00091
1,decoder.layers.1.blocks.0.output.dense,12.966825485229492,6.944714546203613,-6.022109031677246,1.1465876013971865e-05,0.000677164294756949,-0.0006771624321117997,0.0006771645857952535,0.5078125,0.4921875,0.0001562229444971308,7.532835297752172e-06,-0.01794157363474369,0.022578902542591095,0.4947916865348816,0.5052083730697632,-55270.93359375,-63363.8828125,-255841.640625,1.7879685163497925,0.5078125,0.4921875,-5.527093890123069e-06,-55270.9375,0.5078125,0.4921875,9.663062883191742e-06,-5527.09375,0.5,1.0,1.0,0.24497997760772705,6550.181640625,6550.4267578125,0.00091
1,decoder.layers.1.blocks.1.attention.self.continuous_position_bias_mlp.0,8.462526321411133,7.8151936531066895,-0.6473323702812195,-3.0395305657293648e-05,-0.00040565483504906297,-0.0006771631306037307,0.0006771645857952535,0.44921875,0.5,1.1178477507201023e-05,0.0,-0.010418920777738094,0.011283740401268005,0.455078125,0.48828125,-15546.06640625,0.0,-664512.1875,2.7909302711486816,0.44921875,0.498046875,-1.5546065696980804e-06,-15546.06640625,0.44921875,0.5,-2.98218083116808e-07,-1554.606689453125,0.4906832277774811,1.0,0.9999999403953552,0.24497997760772705,6550.181640625,6550.4267578125,0.00091
1,decoder.layers.1.blocks.1.attention.self.continuous_position_bias_mlp.2,7.89034366607666,7.97708797454834,0.08674418926239014,-0.0003407532349228859,-0.0006643515080213547,-0.0006759080570191145,0.0006767632439732552,0.25,0.75,0.0013315065298229456,0.0002347033005207777,-0.007635102141648531,0.009142141789197922,0.4166666865348816,0.5833333730697632,-0.0025802149903029203,0.04476865008473396,-0.237588569521904,0.06889168173074722,0.3333333432674408,0.6666666865348816,-2.580216856146178e-13,-0.0012487074127420783,0.3333333432674408,0.6666666865348816,4.68993530375883e-05,-8.266132499556988e-05,0.6666666865348816,0.9166666865348816,0.9166666865348816,0.24497997760772705,6550.181640625,6550.4267578125,0.00091
1,decoder.layers.1.blocks.1.attention.self.query,13.29869270324707,7.504418849945068,-5.794273376464844,1.0838040907401592e-05,0.0006771643529646099,-0.0006771627813577652,0.0006771645857952535,0.5078125,0.4921875,-1.1315605661366135e-05,-6.695445335935801e-06,-0.005073009058833122,0.002568512223660946,0.5065104365348816,0.4934895932674408,-29034.896484375,-41470.1328125,-73248.828125,0.8519056439399719,0.5078125,0.4921875,-2.903489757954958e-06,-29034.896484375,0.5078125,0.4921875,3.761463176488178e-07,-2903.48974609375,0.5143229365348816,1.0,1.0,0.24497997760772705,6550.181640625,6550.4267578125,0.00091
1,decoder.layers.1.blocks.1.attention.self.key,12.978399276733398,7.448474884033203,-5.529923439025879,-1.3863504136679694e-05,-0.0006753041525371373,-0.0006771641783416271,0.0006771645857952535,0.4895833432674408,0.5104166865348816,2.6375826564617455e-05,1.7756128727342002e-05,-0.0032255046535283327,0.004048644565045834,0.484375,0.515625,-29638.77734375,0.4162691533565521,-98146.25,0.902798593044281,0.4895833432674408,0.5104166865348816,-2.9638777050422505e-06,-29638.77734375,0.4895833432674408,0.5104166865348816,1.0820365332619986e-06,-2963.877685546875,0.46875,1.0,1.0,0.24497997760772705,6550.181640625,6550.4267578125,0.00091
1,decoder.layers.1.blocks.1.attention.self.value,12.524408340454102,7.4762115478515625,-5.048196315765381,-6.607717659790069e-05,-0.0006728088483214378,-0.0006771634216420352,0.0006771645857952535,0.4505208432674408,0.5494791865348816,0.00011935750808333978,6.160186603665352e-05,-0.012655187398195267,0.013920275494456291,0.4908854365348816,0.5091146230697632,-26421.951171875,0.5403940081596375,-91210.65625,0.850220799446106,0.4505208432674408,0.5494791865348816,-2.6421948859933764e-06,-26421.94921875,0.4505208432674408,0.5494791865348816,-3.413287004150334e-06,-2642.195068359375,0.48828125,1.0,1.0,0.24497997760772705,6550.181640625,6550.4267578125,0.00091
1,decoder.layers.1.blocks.1.attention.output.dense,12.839273452758789,7.284693717956543,-5.554579734802246,-2.2121084839454852e-05,-0.0006704553961753845,-0.0006771637126803398,0.0006771645857952535,0.4830729365348816,0.5169271230697632,-0.00023901443637441844,-4.321319647715427e-05,-0.02259851060807705,0.03215445950627327,0.5338541865348816,0.4661458432674408,-38747.5234375,0.5449627637863159,-336866.71875,2.1041128635406494,0.4830729365348816,0.5169271230697632,-3.874752110277768e-06,-38747.5234375,0.4830729365348816,0.5169271230697632,2.6247154892189428e-05,-3874.751953125,0.5013021230697632,1.0,1.0,0.24497997760772705,6550.181640625,6550.4267578125,0.00091
1,decoder.layers.1.blocks.1.intermediate.dense,11.970731735229492,6.414130210876465,-5.556601524353027,-2.7377993319532834e-05,-0.0006705340929329395,-0.0006771645275875926,0.0006771645857952535,0.4791666865348816,0.5208333730697632,3.4952605346916243e-05,6.20095306658186e-07,-0.01515413261950016,0.015021266415715218,0.4983724057674408,0.5016276240348816,-87084.375,0.47431060671806335,-663189.4375,5.442004680633545,0.4791666865348816,0.5208333730697632,-8.70843814482214e-06,-87084.375,0.4791666865348816,0.5208333730697632,-1.987747964449227e-06,-8708.4375,0.5133463740348816,1.0,1.0,0.24497997760772705,6550.181640625,6550.4267578125,0.00091
1,decoder.layers.1.blocks.1.output.dense,13.01739501953125,6.899971008300781,-6.117424011230469,1.868368053692393e-05,0.0006771643529646099,-0.000677164236549288,0.0006771645857952535,0.5130208730697632,0.4869791865348816,5.6178989325417206e-05,-1.3257267710287124e-05,-0.01508750207722187,0.01892475038766861,0.5143229365348816,0.4856770932674408,-58664.1875,-62375.63671875,-259324.65625,1.7971762418746948,0.5130208730697632,0.4869791865348816,-5.866419087396935e-06,-58664.1875,0.5130208730697632,0.4869791865348816,2.501233666407643e-06,-5866.41943359375,0.4856770932674408,1.0,1.0,0.24497997760772705,6550.181640625,6550.4267578125,0.00091
1,decoder.layers.1.blocks.2.attention.self.continuous_position_bias_mlp.0,8.39753532409668,7.939152717590332,-0.4583827257156372,-3.0179480745573528e-05,0.0,-0.0006771644111722708,0.0006771645275875926,0.435546875,0.484375,-7.712732440268155e-06,0.0,-0.0018642402719706297,0.002094184746965766,0.462890625,0.453125,-3898.076171875,0.0,-285556.25,3.4587411880493164,0.43359375,0.48046875,-3.8980763861218293e-07,-3898.076171875,0.435546875,0.484375,4.270058866495674e-07,-389.8076171875,0.4797441363334656,1.0,1.0,0.24497997760772705,6550.181640625,6550.4267578125,0.00091
1,decoder.layers.1.blocks.2.attention.self.continuous_position_bias_mlp.2,8.181333541870117,8.026294708251953,-0.15503835678100586,8.381701627513394e-05,8.918717503547668e-05,-0.0006720905657857656,0.0006766596343368292,0.5833333730697632,0.4166666865348816,6.186919927131385e-05,-0.0007307149353437126,-0.0026019010692834854,0.007025986909866333,0.6666666865348816,0.3333333432674408,-0.115263931453228,-0.16726049780845642,-0.5354534983634949,0.1132199689745903,0.5833333730697632,0.4166666865348816,-1.152639355489482e-11,-0.11520206183195114,0.5833333730697632,0.4166666865348816,2.7286816475680098e-05,-0.011495647951960564,0.5833333730697632,1.0,1.0,0.24497997760772705,6550.181640625,6550.4267578125,0.00091
1,decoder.layers.1.blocks.2.attention.self.query,13.6461820602417,7.5307230949401855,-6.115458965301514,4.780986637342721e-05,0.0006771644111722708,-0.0006771644111722708,0.0006771645857952535,0.53515625,0.46484375,1.158084978669649e-05,-8.2642200140981e-06,-0.0020366841927170753,0.0018034081440418959,0.50390625,0.49609375,-29755.26171875,-41568.0234375,-74965.6015625,0.7975905537605286,0.53515625,0.46484375,-2.9755262858088827e-06,-29755.26171875,0.53515625,0.46484375,5.8667283155955374e-06,-2975.526123046875,0.53125,1.0,1.0,0.24497997760772705,6550.181640625,6550.4267578125,0.00091
1,decoder.layers.1.blocks.2.attention.self.key,13.29124641418457,7.449312210083008,-5.8419342041015625,1.2534916095319204e-05,0.0006771644111722708,-0.0006771637708880007,0.0006771645857952535,0.5091146230697632,0.4908854365348816,-1.7079564713640139e-06,-6.433838279917836e-07,-0.002158865099772811,0.002013490302488208,0.5,0.5,-31319.03125,-34797.859375,-92931.1640625,0.9258939623832703,0.5091146230697632,0.4908854365348816,-3.1319029858423164e-06,-31319.03125,0.5091146230697632,0.4908854365348816,3.2021694096329156e-07,-3131.903076171875,0.4908854365348816,1.0,1.0,0.24497997760772705,6550.181640625,6550.4267578125,0.00091
1,decoder.layers.1.blocks.2.attention.self.value,13.048064231872559,7.518367767333984,-5.529695510864258,-1.464205706724897e-05,-0.0006656577461399138,-0.0006771580083295703,0.0006771645857952535,0.48828125,0.51171875,-8.800933574093506e-05,-0.00012474152026697993,-0.016838030889630318,0.031328342854976654,0.53515625,0.46484375,-28914.671875,0.505176842212677,-685052.5625,2.7718663215637207,0.48828125,0.51171875,-2.891467374865897e-06,-28914.671875,0.48828125,0.51171875,-9.169004329123709e-07,-2891.46728515625,0.5078125,1.0,1.0,0.24497997760772705,6550.181640625,6550.4267578125,0.00091
1,decoder.layers.1.blocks.2.attention.output.dense,12.613088607788086,7.241062164306641,-5.372026443481445,-3.93834343412891e-05,-0.0006677244091406465,-0.0006771630723960698,0.0006771645857952535,0.4700520932674408,0.5299479365348816,0.0002678422606550157,1.3745404430665076e-05,-0.0181997399777174,0.026997841894626617,0.4921875,0.5078125,-39603.71484375,0.5406244397163391,-349003.9375,2.120704412460327,0.4700520932674408,0.5299479365348816,-3.960371941502672e-06,-39603.71484375,0.4700520932674408,0.5299479365348816,1.1253934644628316e-05,-3960.37158203125,0.47265625,1.0,1.0,0.24497997760772705,6550.181640625,6550.4267578125,0.00091
1,decoder.layers.1.blocks.2.intermediate.dense,12.236201286315918,6.210886001586914,-6.0253143310546875,9.308358130510896e-06,0.0006771643529646099,-0.0006771644111722708,0.0006771645857952535,0.5061849355697632,0.4938151240348816,-2.2654456188320182e-05,6.325299182208255e-07,-0.010803534649312496,0.012981537729501724,0.4970703125,0.5029296875,-115098.125,-42174.37890625,-638939.6875,4.613375186920166,0.5061849355697632,0.4938151240348816,-1.1509813703014515e-05,-115098.125,0.5061849355697632,0.4938151240348816,-2.218562258349266e-06,-11509.8125,0.501953125,1.0,1.0,0.24497997760772705,6550.181640625,6550.4267578125,0.00091
1,decoder.layers.1.blocks.2.output.dense,12.943023681640625,7.021239757537842,-5.9217848777771,4.640566658054013e-06,0.0006771641783416271,-0.0006771643529646099,0.0006771645857952535,0.5026041865348816,0.4973958432674408,3.547370579326525e-05,1.0983239917550236e-06,-0.025309868156909943,0.015557418577373028,0.4973958432674408,0.5026041865348816,-50111.6328125,-60956.03125,-243896.734375,1.7752407789230347,0.5026041865348816,0.4973958432674408,-5.011163466406288e-06,-50111.6328125,0.5026041865348816,0.4973958432674408,3.176076279487461e-05,-5011.16357421875,0.5208333730697632,1.0,1.0,0.24497997760772705,6550.181640625,6550.4267578125,0.00091
1,decoder.layers.1.blocks.3.attention.self.continuous_position_bias_mlp.0,8.17220687866211,7.985992908477783,-0.1862136423587799,1.0286930773872882e-05,9.367195889353752e-05,-0.0006769592873752117,0.0006771645275875926,0.50390625,0.494140625,-1.1213294783374295e-05,-1.1389638530090451e-06,-0.007528758607804775,0.007277220021933317,0.5,0.498046875,-1231.1080322265625,-0.008390311151742935,-297106.375,1.2743804454803467,0.501953125,0.49609375,-1.2311080865856638e-07,-1231.10791015625,0.501953125,0.49609375,1.934472948050825e-06,-123.11079406738281,0.49510762095451355,0.9980430603027344,0.9980430603027344,0.24497997760772705,6550.181640625,6550.4267578125,0.00091
1,decoder.layers.1.blocks.3.attention.self.continuous_position_bias_mlp.2,8.332880973815918,8.051858901977539,-0.2810215651988983,0.00012021494330838323,0.00015908386558294296,-0.0006727967993356287,0.0006770726176910102,0.6666666865348816,0.3333333432674408,-0.0007710857316851616,-0.0012394612422212958,-0.008878588676452637,0.01234415639191866,0.6666666865348816,0.3333333432674408,-1.0162997245788574,-0.016071682795882225,-11.25089168548584,0.41799575090408325,0.6666666865348816,0.3333333432674408,-1.0162996832985272e-10,-1.0170707702636719,0.6666666865348816,0.3333333432674408,0.00031175007461570203,-0.10142650455236435,0.6666666865348816,1.0,1.0,0.24497997760772705,6550.181640625,6550.4267578125,0.00091
1,decoder.layers.1.blocks.3.attention.self.query,13.19000244140625,7.528581142425537,-5.661422252655029,5.131927309776074e-07,-0.0006689399015158415,-0.0006771633634343743,0.0006771645857952535,0.5,0.5,-2.9076218197587878e-06,2.1660303900716826e-05,-0.0037609930150210857,0.003411809913814068,0.4817708432674408,0.5182291865348816,-27753.390625,-19.35483741760254,-75400.671875,0.7760140895843506,0.5,0.5,-2.775339225991047e-06,-27753.390625,0.5,0.5,-7.309636202990077e-07,-2775.33935546875,0.4973958432674408,1.0,1.0,0.24497997760772705,6550.181640625,6550.4267578125,0.00091
1,decoder.layers.1.blocks.3.attention.self.key,13.210651397705078,7.514401435852051,-5.696250915527344,2.232996394013753e-06,0.0006771643529646099,-0.0006771621992811561,0.0006771645857952535,0.5013021230697632,0.4986979365348816,1.610861909284722e-05,2.6012148737208918e-05,-0.005314819514751434,0.004312765318900347,0.47265625,0.52734375,-28248.96875,-32254.6875,-86011.046875,0.8720666766166687,0.5013021230697632,0.4986979365348816,-2.8248973649169784e-06,-28248.96875,0.5013021230697632,0.4986979365348816,1.477070213695697e-06,-2824.89697265625,0.5104166865348816,1.0,1.0,0.24497997760772705,6550.181640625,6550.4267578125,0.00091
1,decoder.layers.1.blocks.3.attention.self.value,13.1293363571167,7.453841209411621,-5.675495147705078,-1.6196948990909732e-06,-0.0006558608147315681,-0.0006771628395654261,0.0006771645275875926,0.4973958432674408,0.5026041865348816,-7.65226868679747e-05,-0.00017865363042801619,-0.027125578373670578,0.016810035333037376,0.5169271230697632,0.4830729365348816,-29763.78515625,0.4953215420246124,-141333.96875,2.267141342163086,0.4973958432674408,0.5026041865348816,-2.976378482344444e-06,-29763.78515625,0.4973958432674408,0.5026041865348816,-2.085281266772654e-05,-2976.378662109375,0.4778645932674408,1.0,1.0,0.24497997760772705,6550.181640625,6550.4267578125,0.00091
1,decoder.layers.1.blocks.3.attention.output.dense,13.094779968261719,7.351972579956055,-5.7428083419799805,1.5885143511695787e-07,-0.0006426412728615105,-0.0006771643529646099,0.0006771645857952535,0.4986979365348816,0.5013021230697632,0.0007699999841861427,0.0001296390692004934,-0.04877781867980957,0.07082211971282959,0.4596354365348816,0.5403646230697632,-34754.9140625,0.47994929552078247,-242480.4375,1.70535147190094,0.4986979365348816,0.5013021230697632,-3.475491212157067e-06,-34754.91015625,0.4986979365348816,0.5013021230697632,-1.0205641956417821e-05,-3475.490966796875,0.4947916865348816,1.0,1.0,0.24497997760772705,6550.181640625,6550.4267578125,0.00091
1,decoder.layers.1.blocks.3.intermediate.dense,11.813482284545898,5.682238578796387,-6.131243705749512,1.2034932296955958e-05,0.000677164294756949,-0.0006771645275875926,0.0006771645857952535,0.5081380605697632,0.4918619990348816,1.4824857316853013e-05,3.925890268874355e-06,-0.012964499182999134,0.01381918415427208,0.490234375,0.509765625,-140661.0625,-42236.90625,-640107.0,5.238916873931885,0.5081380605697632,0.4918619990348816,-1.4066105904930737e-05,-140661.0625,0.5081380605697632,0.4918619990348816,3.509916041366523e-06,-14066.107421875,0.4879557490348816,1.0,1.0,0.24497997760772705,6550.181640625,6550.4267578125,0.00091
1,decoder.layers.1.blocks.3.output.dense,13.030632019042969,6.993048667907715,-6.037583827972412,1.5096507922862656e-05,0.000677164294756949,-0.0006771643529646099,0.0006771645857952535,0.5104166865348816,0.4895833432674408,6.29881105851382e-05,1.9315193640068173e-06,-0.01694519817829132,0.018138859421014786,0.4934895932674408,0.5065104365348816,-52352.921875,-66557.0390625,-300332.625,1.922570824623108,0.5104166865348816,0.4895833432674408,-5.235292519500945e-06,-52352.921875,0.5104166865348816,0.4895833432674408,4.968541907146573e-05,-5235.29248046875,0.5091146230697632,1.0,1.0,0.24497997760772705,6550.181640625,6550.4267578125,0.00091
1,decoder.layers.1.blocks.4.attention.self.continuous_position_bias_mlp.0,8.539467811584473,7.958758354187012,-0.5807095766067505,2.1755164198111743e-05,0.0004635760560631752,-0.0006771190091967583,0.0006771645275875926,0.50390625,0.48046875,1.6666508599882945e-05,-9.183189831674099e-06,-0.006571156904101372,0.007608121261000633,0.50390625,0.48046875,-4985.5732421875,-0.014433949254453182,-476833.875,26.36286735534668,0.50390625,0.48046875,-4.985573696103529e-07,-4985.5732421875,0.50390625,0.48046875,-4.470807652978692e-07,-498.557373046875,0.511904776096344,1.0,1.0,0.24497997760772705,6550.181640625,6550.4267578125,0.00091
1,decoder.layers.1.blocks.4.attention.self.continuous_position_bias_mlp.2,8.393162727355957,8.039077758789062,-0.35408490896224976,7.946709229145199e-05,0.00027779489755630493,-0.0006185828242450953,0.0006770709878765047,0.5833333730697632,0.4166666865348816,-0.00022417702712118626,0.0008420965168625116,-0.01085894089192152,0.005032318644225597,0.4166666865348816,0.5833333730697632,-0.7032243013381958,-0.007841411046683788,-4.555577278137207,0.06117557734251022,0.5,0.5,-7.032241455817712e-11,-0.7034484148025513,0.5,0.5,-0.0001305922050960362,-0.07046236842870712,0.5,0.9166666865348816,0.9166666865348816,0.24497997760772705,6550.181640625,6550.4267578125,0.00091
1,decoder.layers.1.blocks.4.attention.self.query,13.56576919555664,7.549217224121094,-6.016551971435547,3.5789067624136806e-05,0.0006771644111722708,-0.0006771639455109835,0.0006771645857952535,0.5260416865348816,0.4739583432674408,5.3628929890692234e-05,1.092578168027103e-05,-0.004218734800815582,0.00395831698551774,0.4908854365348816,0.5091146230697632,-28789.13671875,-44835.8125,-70301.8515625,0.8014562129974365,0.5260416865348816,0.4739583432674408,-2.8789136194973253e-06,-28789.1328125,0.5260416865348816,0.4739583432674408,5.342559234122746e-06,-2878.91357421875,0.5091146230697632,1.0,1.0,0.24497997760772705,6550.181640625,6550.4267578125,0.00091
1,decoder.layers.1.blocks.4.attention.self.key,13.432085037231445,7.520430564880371,-5.911654472351074,2.5269629986723885e-05,0.0006771643529646099,-0.0006771541084162891,0.0006771645857952535,0.5182291865348816,0.4817708432674408,1.416076975147007e-05,-3.023591125383973e-05,-0.004256794694811106,0.004935171455144882,0.5208333730697632,0.4791666865348816,-29150.28515625,-38655.98828125,-81646.296875,0.8429549336433411,0.5182291865348816,0.4817708432674408,-2.915028517236351e-06,-29150.28515625,0.5182291865348816,0.4817708432674408,-6.90945398673648e-07,-2915.0283203125,0.4791666865348816,1.0,1.0,0.24497997760772705,6550.181640625,6550.4267578125,0.00091
1,decoder.layers.1.blocks.4.attention.self.value,13.523696899414062,7.536647796630859,-5.987049102783203,3.299236414022744e-05,0.0006771643529646099,-0.0006771606276743114,0.0006771645857952535,0.5234375,0.4765625,-0.0001550129964016378,-0.0001289554638788104,-0.028655441477894783,0.023725325241684914,0.5078125,0.4921875,-28904.693359375,-45614.28515625,-73625.2890625,0.7752072811126709,0.5234375,0.4765625,-2.8904694318043767e-06,-28904.693359375,0.5234375,0.4765625,2.402477548457682e-05,-2890.469482421875,0.4921875,1.0,1.0,0.24497997760772705,6550.181640625,6550.4267578125,0.00091
1,decoder.layers.1.blocks.4.attention.output.dense,13.110050201416016,7.305934906005859,-5.804116249084473,4.657691079046344e-06,0.000677164294756949,-0.0006771633052267134,0.0006771645275875926,0.5026041865348816,0.4973958432674408,-3.446395567152649e-05,7.543214906036155e-06,-0.02217298559844494,0.01863909512758255,0.4921875,0.5078125,-39563.4453125,-44077.59765625,-296308.6875,2.049243927001953,0.5026041865348816,0.4973958432674408,-3.95634424421587e-06,-39563.4453125,0.5026041865348816,0.4973958432674408,8.594565770181362e-06,-3956.34423828125,0.4869791865348816,1.0,1.0,0.24497997760772705,6550.181640625,6550.4267578125,0.00091
1,decoder.layers.1.blocks.4.intermediate.dense,12.13349437713623,6.080482006072998,-6.053013801574707,1.2770196008204948e-05,0.000677164294756949,-0.0006771644111722708,0.0006771645857952535,0.5084635615348816,0.4915364682674408,1.0161429599975236e-05,5.280817276798189e-06,-0.0149020841345191,0.012036855332553387,0.4866536557674408,0.5133463740348816,-115107.171875,-42474.19140625,-620198.0625,11.909439086914062,0.5084635615348816,0.4915364682674408,-1.1510717740748078e-05,-115107.171875,0.5084635615348816,0.4915364682674408,9.821294952416793e-06,-11510.7177734375,0.5035807490348816,1.0,1.0,0.24497997760772705,6550.181640625,6550.4267578125,0.00091
1,decoder.layers.1.blocks.4.output.dense,12.911486625671387,6.991766929626465,-5.919720649719238,3.2995153560477775e-06,0.0006771641201339662,-0.0006771625485271215,0.0006771645857952535,0.5013021230697632,0.4986979365348816,0.0001525148400105536,2.3413216695189476e-05,-0.022955605760216713,0.017148133367300034,0.484375,0.515625,-52314.4921875,-62102.86328125,-264406.96875,1.8391143083572388,0.5013021230697632,0.4986979365348816,-5.231448994891252e-06,-52314.4921875,0.5013021230697632,0.4986979365348816,3.7070738017064286e-06,-5231.44921875,0.5299479365348816,1.0,1.0,0.24497997760772705,6550.181640625,6550.4267578125,0.00091
1,decoder.layers.1.blocks.5.attention.self.continuous_position_bias_mlp.0,8.55880355834961,7.941344261169434,-0.6174586415290833,3.4115513699362054e-05,0.0005270037800073624,-0.0006771287880837917,0.0006771645275875926,0.517578125,0.470703125,3.243569517508149e-05,8.381975931115448e-06,-0.002837653271853924,0.002253688173368573,0.48046875,0.5078125,-4182.9345703125,-0.009601661935448647,-441034.5,2.214815139770508,0.517578125,0.470703125,-4.182934674190619e-07,-4182.9345703125,0.517578125,0.470703125,3.138687134196516e-06,-418.29345703125,0.4802371859550476,1.0,1.0,0.24497997760772705,6550.181640625,6550.4267578125,0.00091
1,decoder.layers.1.blocks.5.attention.self.continuous_position_bias_mlp.2,8.175485610961914,8.07812786102295,-0.09735815227031708,0.0002376133343204856,0.0004355991259217262,-0.0006665056571364403,0.0006765709258615971,0.6666666865348816,0.3333333432674408,0.004973308183252811,0.000868219300173223,-0.0015930796507745981,0.029636744409799576,0.3333333432674408,0.6666666865348816,-0.037282463163137436,-0.02813670225441456,-0.1276615560054779,0.06061200425028801,0.75,0.25,-3.728246010525904e-12,-0.0323091559112072,0.6666666865348816,0.3333333432674408,0.0004660699050873518,-0.0028114523738622665,0.3333333432674408,0.9166666865348816,1.0,0.24497997760772705,6550.181640625,6550.4267578125,0.00091
1,decoder.layers.1.blocks.5.attention.self.query,13.479324340820312,7.549193859100342,-5.930131435394287,2.866576505766716e-05,0.0006771644111722708,-0.0006771640619263053,0.0006771645857952535,0.5208333730697632,0.4791666865348816,-3.13387208734639e-05,-3.6488359910435975e-05,-0.003212787676602602,0.0041971392929553986,0.5208333730697632,0.4791666865348816,-28263.123046875,-46063.2265625,-72057.3828125,0.7407898306846619,0.5208333730697632,0.4791666865348816,-2.826312538672937e-06,-28263.123046875,0.5208333730697632,0.4791666865348816,-2.7094442884845193e-06,-2826.3125,0.5416666865348816,1.0,1.0,0.24497997760772705,6550.181640625,6550.4267578125,0.00091
1,decoder.layers.1.blocks.5.attention.self.key,13.178149223327637,7.540124893188477,-5.638023376464844,-3.131123548882897e-06,-0.0006733606569468975,-0.000677158881444484,0.0006771645857952535,0.4973958432674408,0.5026041865348816,-6.032638339092955e-05,-3.5842720535583794e-05,-0.004969325847923756,0.003735507372766733,0.5416666865348816,0.4583333432674408,-27243.32421875,0.36284372210502625,-75498.046875,0.8024177551269531,0.4973958432674408,0.5026041865348816,-2.724332716752542e-06,-27243.32421875,0.4973958432674408,0.5026041865348816,2.510345439077355e-06,-2724.33251953125,0.4739583432674408,1.0,1.0,0.24497997760772705,6550.181640625,6550.4267578125,0.00091
1,decoder.layers.1.blocks.5.attention.self.value,13.262083053588867,7.471691131591797,-5.790391445159912,1.1079690011683851e-05,0.000677164294756949,-0.0006771628395654261,0.0006771645275875926,0.5065104365348816,0.4934895932674408,-4.7168112359941006e-05,-0.00023618154227733612,-0.030830521136522293,0.02944231778383255,0.5143229365348816,0.4856770932674408,-29833.421875,-43804.75390625,-206733.484375,3.021756410598755,0.5065104365348816,0.4934895932674408,-2.9833422559022438e-06,-29833.421875,0.5065104365348816,0.4934895932674408,-1.8375052604824305e-05,-2983.34228515625,0.5026041865348816,1.0,1.0,0.24497997760772705,6550.181640625,6550.4267578125,0.00091
1,decoder.layers.1.blocks.5.attention.output.dense,12.980204582214355,7.342645645141602,-5.637559413909912,-1.0114742508449126e-05,-0.0006565323565155268,-0.0006771586486138403,0.0006771645857952535,0.4908854365348816,0.5091146230697632,5.2891711675329134e-05,4.669750342145562e-05,-0.050869666039943695,0.03166990727186203,0.4817708432674408,0.5182291865348816,-35793.68359375,0.47286278009414673,-245934.296875,1.7415577173233032,0.4908854365348816,0.5091146230697632,-3.57936824002536e-06,-35793.68359375,0.4908854365348816,0.5091146230697632,-3.1081264751264825e-05,-3579.36865234375,0.5377604365348816,1.0,1.0,0.24497997760772705,6550.181640625,6550.4267578125,0.00091
1,decoder.layers.1.blocks.5.intermediate.dense,12.38546371459961,6.1718034744262695,-6.213660717010498,3.0022294595255516e-05,0.0006771643529646099,-0.0006771644111722708,0.0006771645857952535,0.5211588740348816,0.4788411557674408,-2.838802720361855e-05,-7.339980584220029e-06,-0.017030509188771248,0.016785461455583572,0.5146484375,0.4853515625,-109671.6875,-43492.828125,-605104.0,4.218867778778076,0.5211588740348816,0.4788411557674408,-1.096717005566461e-05,-109671.6875,0.5211588740348816,0.4788411557674408,1.129663269239245e-05,-10967.169921875,0.4889323115348816,1.0,1.0,0.24497997760772705,6550.181640625,6550.4267578125,0.00091
1,decoder.layers.1.blocks.5.output.dense,13.063292503356934,6.99726676940918,-6.066025733947754,1.5809844626346603e-05,0.000677164236549288,-0.0006771638290956616,0.0006771645857952535,0.5104166865348816,0.4895833432674408,0.00012900705041829497,1.6819685697555542e-06,-0.023310039192438126,0.02862103283405304,0.4973958432674408,0.5026041865348816,-53453.75,-59481.89453125,-253729.3125,1.762645959854126,0.5104166865348816,0.4895833432674408,-5.3453759392141365e-06,-53453.75,0.5104166865348816,0.4895833432674408,1.1325998457323294e-05,-5345.37548828125,0.4973958432674408,1.0,1.0,0.24497997760772705,6550.181640625,6550.4267578125,0.00091
1,decoder.layers.1.blocks.6.attention.self.continuous_position_bias_mlp.0,8.452033042907715,7.898961067199707,-0.5530717372894287,3.85415660275612e-05,0.0005963700823485851,-0.0006771644111722708,0.0006771645275875926,0.52734375,0.47265625,2.353705531277228e-05,4.0078419260680676e-05,-0.005228689406067133,0.007548210211098194,0.4765625,0.521484375,-6840.80029296875,-0.013262941502034664,-623909.75,4.13094425201416,0.529296875,0.470703125,-6.840799642304773e-07,-6840.80029296875,0.529296875,0.470703125,1.401984627591446e-05,-684.0800170898438,0.5205479264259338,0.998046875,0.998046875,0.24497997760772705,6550.181640625,6550.4267578125,0.00091
1,decoder.layers.1.blocks.6.attention.self.continuous_position_bias_mlp.2,8.09416389465332,8.00175666809082,-0.0924074649810791,0.00018456074758432806,0.0003318917006254196,-0.0006169541738927364,0.000662144972011447,0.6666666865348816,0.3333333432674408,-0.0008524413569830358,-0.0002227181103080511,-0.018032405525445938,0.007878180593252182,0.5833333730697632,0.4166666865348816,-0.027754750102758408,-0.012426507659256458,-0.13487541675567627,0.06569190323352814,0.5833333730697632,0.4166666865348816,-2.775474945357348e-12,-0.028607189655303955,0.5833333730697632,0.4166666865348816,-0.00010160688543692231,-0.002952165435999632,0.25,0.9166666865348816,0.9166666865348816,0.24497997760772705,6550.181640625,6550.4267578125,0.00091
1,decoder.layers.1.blocks.6.attention.self.query,13.231361389160156,7.573168754577637,-5.658193588256836,5.655044219565752e-07,-0.000668564869556576,-0.0006771626649424434,0.0006771645857952535,0.5,0.5,1.1681460819090717e-05,3.450225631240755e-05,-0.004604031797498465,0.005635011475533247,0.4830729365348816,0.5169271230697632,-26438.13671875,-36719.6953125,-69075.09375,0.7076842784881592,0.5,0.5,-2.643813786562532e-06,-26438.13671875,0.5,0.5,-2.9132013423804892e-06,-2643.81396484375,0.4544270932674408,1.0,1.0,0.24497997760772705,6550.181640625,6550.4267578125,0.00091
1,decoder.layers.1.blocks.6.attention.self.key,13.016122817993164,7.556018352508545,-5.460103988647461,-2.0603019947884604e-05,-0.000673271541018039,-0.0006771613261662424,0.0006771645857952535,0.484375,0.515625,-3.175841266056523e-05,-5.5831216741353273e-05,-0.005239118821918964,0.00516028655692935,0.5260416865348816,0.4739583432674408,-26013.990234375,0.49357303977012634,-66515.1640625,0.7265597581863403,0.484375,0.515625,-2.60139859165065e-06,-26013.990234375,0.484375,0.515625,-3.0905147241355735e-07,-2601.39892578125,0.5286458730697632,1.0,1.0,0.24497997760772705,6550.181640625,6550.4267578125,0.00091
1,decoder.layers.1.blocks.6.attention.self.value,13.311381340026855,7.4907379150390625,-5.820643424987793,1.4148066838970408e-05,0.000677164294756949,-0.0006771561456844211,0.0006771645275875926,0.5091146230697632,0.4908854365348816,-5.564745151787065e-05,-7.126969285309315e-05,-0.019667617976665497,0.019215043634176254,0.5104166865348816,0.4895833432674408,-29359.16796875,-47912.99609375,-74162.5546875,0.8815329670906067,0.5091146230697632,0.4908854365348816,-2.93591688205197e-06,-29359.1640625,0.5091146230697632,0.4908854365348816,2.3562824935652316e-05,-2935.916748046875,0.4752604365348816,1.0,1.0,0.24497997760772705,6550.181640625,6550.4267578125,0.00091
1,decoder.layers.1.blocks.6.attention.output.dense,13.014654159545898,7.191126823425293,-5.823526382446289,1.4489754676105804e-06,-0.0006524617201648653,-0.000677163596265018,0.0006771645857952535,0.5,0.5,7.330770313274115e-05,2.8708142053801566e-05,-0.024712568148970604,0.03926395624876022,0.47265625,0.52734375,-44457.38671875,-46249.56640625,-275838.75,1.7543463706970215,0.5,0.5,-4.445738795766374e-06,-44457.38671875,0.5,0.5,-8.110995622701012e-06,-4445.73828125,0.51953125,1.0,1.0,0.24497997760772705,6550.181640625,6550.4267578125,0.00091
1,decoder.layers.1.blocks.6.intermediate.dense,12.163040161132812,6.094493865966797,-6.068546295166016,1.5467892808374017e-05,0.000677164294756949,-0.0006771645275875926,0.0006771645857952535,0.5104166865348816,0.4895833432674408,3.611837018979713e-05,4.561697096505668e-06,-0.01586867868900299,0.01956772804260254,0.4931640625,0.5068359375,-107083.125,-40494.82421875,-600816.1875,4.370357513427734,0.5104166865348816,0.4895833432674408,-1.0708312402130105e-05,-107083.125,0.5104166865348816,0.4895833432674408,-8.296932492157794e-07,-10708.3125,0.4996744990348816,1.0,1.0,0.24497997760772705,6550.181640625,6550.4267578125,0.00091
1,decoder.layers.1.blocks.6.output.dense,13.129316329956055,6.981545448303223,-6.147769927978516,2.4590275643276982e-05,0.000677164294756949,-0.000677164236549288,0.0006771645857952535,0.5169271230697632,0.4830729365348816,0.00020114668586757034,3.78531840397045e-05,-0.02964828349649906,0.03227816894650459,0.4700520932674408,0.5299479365348816,-53821.84375,-61172.1796875,-241130.1875,1.7784090042114258,0.5169271230697632,0.4830729365348816,-5.38218500878429e-06,-53821.84375,0.5169271230697632,0.4830729365348816,-7.171424840635154e-06,-5382.18505859375,0.5104166865348816,1.0,1.0,0.24497997760772705,6550.181640625,6550.4267578125,0.00091
1,decoder.layers.1.blocks.7.attention.self.continuous_position_bias_mlp.0,8.576152801513672,7.758376121520996,-0.8177764415740967,3.159367406624369e-05,0.0004327204078435898,-0.0006771644111722708,0.0006771645275875926,0.517578125,0.47265625,0.0002436187642160803,0.00011659847223199904,-0.004876669496297836,0.007801743224263191,0.42578125,0.5625,-17252.572265625,-0.010170867666602135,-687833.0,5.002239227294922,0.517578125,0.47265625,-1.725257106954814e-06,-17252.5703125,0.517578125,0.47265625,8.334296580869704e-06,-1725.257080078125,0.5098814368247986,0.9921104907989502,0.9921104907989502,0.24497997760772705,6550.181640625,6550.4267578125,0.00091
1,decoder.layers.1.blocks.7.attention.self.continuous_position_bias_mlp.2,8.107959747314453,8.052093505859375,-0.05586552619934082,5.4176023695617914e-05,0.00011076964437961578,-0.0006631612777709961,0.0006666880799457431,0.5833333730697632,0.4166666865348816,0.005303699057549238,0.00025000469759106636,-0.004545386880636215,0.035425927489995956,0.3333333432674408,0.6666666865348816,-0.044747576117515564,-0.004545263014733791,-0.3575386703014374,0.08205021917819977,0.6666666865348816,0.3333333432674408,-4.474758671241252e-12,-0.039443884044885635,0.6666666865348816,0.3333333432674408,0.00042597611900418997,-0.0035610103514045477,0.5833333730697632,0.9166666865348816,0.9166666865348816,0.24497997760772705,6550.181640625,6550.4267578125,0.00091
1,decoder.layers.1.blocks.7.attention.self.query,13.199323654174805,7.575334072113037,-5.623990535736084,-2.961045311167254e-06,-0.0006714319461025298,-0.0006771627813577652,0.0006771645857952535,0.4973958432674408,0.5026041865348816,-1.563889964018017e-05,-7.176990038715303e-06,-0.004098162520676851,0.0036892201751470566,0.50390625,0.49609375,-26266.70703125,0.3800676465034485,-72958.84375,0.7515128254890442,0.4973958432674408,0.5026041865348816,-2.626670493555139e-06,-26266.70703125,0.4973958432674408,0.5026041865348816,-3.058501988562057e-06,-2626.670654296875,0.5299479365348816,1.0,1.0,0.24497997760772705,6550.181640625,6550.4267578125,0.00091
1,decoder.layers.1.blocks.7.attention.self.key,13.240377426147461,7.558993339538574,-5.681384563446045,2.322924046893604e-06,0.0006771643529646099,-0.0006771630141884089,0.0006771645857952535,0.5013021230697632,0.4986979365348816,1.4061750334803946e-05,-1.0318348358850926e-05,-0.008564316667616367,0.005736793391406536,0.5065104365348816,0.4934895932674408,-26907.474609375,-42980.48046875,-68475.2890625,0.77117919921875,0.5013021230697632,0.4986979365348816,-2.6907473511528224e-06,-26907.474609375,0.5013021230697632,0.4986979365348816,-8.160823199432343e-07,-2690.74755859375,0.515625,1.0,1.0,0.24497997760772705,6550.181640625,6550.4267578125,0.00091
1,decoder.layers.1.blocks.7.attention.self.value,13.157702445983887,7.401545524597168,-5.756156921386719,6.0153774938953575e-06,0.0006771638290956616,-0.0006771640619263053,0.0006771645857952535,0.5013021230697632,0.4986979365348816,-0.00018279027426615357,0.00018300162628293037,-0.06000082194805145,0.06468021124601364,0.4869791865348816,0.5130208730697632,-31649.654296875,-46008.8125,-124113.4296875,1.091658592224121,0.5013021230697632,0.4986979365348816,-3.1649651646148413e-06,-31649.65234375,0.5013021230697632,0.4986979365348816,-4.706816980615258e-06,-3164.965576171875,0.4830729365348816,1.0,1.0,0.24497997760772705,6550.181640625,6550.4267578125,0.00091
1,decoder.layers.1.blocks.7.attention.output.dense,12.804728507995605,7.061723232269287,-5.743005752563477,-9.121223229158204e-06,-0.0006395243108272552,-0.0006771621410734951,0.0006771645857952535,0.4908854365348816,0.5091146230697632,0.00017669660155661404,3.874105459544808e-06,-0.07620443403720856,0.1443902552127838,0.4986979365348816,0.5013021230697632,-50015.75,0.48986268043518066,-265467.375,1.8516093492507935,0.4908854365348816,0.5091146230697632,-5.0015751185128465e-06,-50015.75,0.4908854365348816,0.5091146230697632,-3.5099783417535946e-05,-5001.57568359375,0.4869791865348816,1.0,1.0,0.24497997760772705,6550.181640625,6550.4267578125,0.00091
1,decoder.layers.1.blocks.7.intermediate.dense,11.851927757263184,5.783293724060059,-6.068633556365967,1.0076960279548075e-05,0.0006771641783416271,-0.0006771644111722708,0.0006771645857952535,0.5061849355697632,0.4938151240348816,-5.6359331210842356e-05,-3.5600096452981234e-06,-0.024090684950351715,0.024367433041334152,0.505859375,0.494140625,-126408.078125,-40273.89453125,-599040.625,4.730752468109131,0.5061849355697632,0.4938151240348816,-1.2640807653951924e-05,-126408.078125,0.5061849355697632,0.4938151240348816,7.538921181549085e-06,-12640.8076171875,0.4990234375,1.0,1.0,0.24497997760772705,6550.181640625,6550.4267578125,0.00091
1,decoder.layers.1.blocks.7.output.dense,12.77629280090332,6.927249908447266,-5.8490424156188965,-5.450051958177937e-06,-0.0006495526758953929,-0.0006771617918275297,0.0006771645857952535,0.4947916865348816,0.5052083730697632,-0.00022766570327803493,-3.1131065043155104e-05,-0.04274142161011696,0.03602725267410278,0.5247396230697632,0.4752604365348816,-52723.7109375,0.6708734035491943,-233966.984375,1.78090238571167,0.4947916865348816,0.5052083730697632,-5.272371254250174e-06,-52723.7109375,0.4947916865348816,0.5052083730697632,-1.8219943740405142e-06,-5272.37109375,0.5013021230697632,1.0,1.0,0.24497997760772705,6550.181640625,6550.4267578125,0.00091
1,decoder.layers.1.upsample.upsample,13.344217300415039,7.390462875366211,-5.95375394821167,2.706461054913234e-05,0.0006771638873033226,-0.0006771530024707317,0.0006771645857952535,0.515625,0.484375,0.0005876556970179081,5.785899702459574e-05,-0.13352546095848083,0.11475427448749542,0.49609375,0.50390625,-32777.7421875,-51307.93359375,-106643.4921875,1.0243157148361206,0.515625,0.484375,-3.277774112575571e-06,-32777.7421875,0.515625,0.484375,9.057381248567253e-05,-3277.77392578125,0.49609375,1.0,1.0,0.24497997760772705,6550.181640625,6550.4267578125,0.00091
1,decoder.layers.1.upsample.mixup,14.118449211120605,7.677831172943115,-6.440619468688965,0.00011483357229735702,0.0006771627231501043,-0.0006770008476451039,0.0006771645275875926,0.5625,0.4375,-0.0005097039975225925,-0.0005440413951873779,-0.399111807346344,0.21452677249908447,0.5026041865348816,0.4973958432674408,-26374.98046875,-39169.2734375,-193062.28125,1.177746295928955,0.5625,0.4375,-2.6374980279797455e-06,-26374.98046875,0.5625,0.4375,0.0007535804761573672,-2637.497314453125,0.5598958730697632,1.0,1.0,0.24497997760772705,6550.181640625,6550.4267578125,0.00091
1,decoder.layers.2.blocks.0.attention.self.continuous_position_bias_mlp.0,8.804617881774902,7.8166890144348145,-0.9879286885261536,3.922303585568443e-05,2.6417896151542664e-05,-0.0007816352881491184,0.0006771645275875926,0.50390625,0.45703125,0.0004446867969818413,5.296205563354306e-05,-0.03715159744024277,0.05176585912704468,0.427734375,0.515625,-17809.11328125,-0.022789498791098595,-687638.3125,4.616274356842041,0.5078125,0.447265625,-1.7809113614930538e-06,-17809.11328125,0.5078125,0.453125,0.00011256718426011503,-1780.9111328125,0.4906832277774811,0.977505087852478,0.979674756526947,0.24497997760772705,6550.181640625,6550.4267578125,0.00091
1,decoder.layers.2.blocks.0.attention.self.continuous_position_bias_mlp.2,8.107743263244629,8.009557723999023,-0.0981849879026413,-3.998718966613524e-05,-0.00022465456277132034,-0.0007837405428290367,0.0006751790642738342,0.5,0.5,0.004358440637588501,0.0018553228583186865,-0.001594694098457694,0.013930579647421837,0.1666666716337204,0.8333333730697632,-0.06250972300767899,-0.003782899584621191,-0.2542572617530823,0.07901852577924728,0.5,0.5,-6.250972829635604e-12,-0.05815128609538078,0.3333333432674408,0.6666666865348816,-0.00044838542817160487,-0.006218675523996353,0.6666666865348816,0.6666666865348816,0.8333333730697632,0.24497997760772705,6550.181640625,6550.4267578125,0.00091
1,decoder.layers.2.blocks.0.attention.self.query,13.505592346191406,7.537071228027344,-5.968520164489746,3.458135688561015e-05,0.0006771637126803398,-0.0006771234911866486,0.0006771645275875926,0.5208333730697632,0.4791666865348816,0.0008218722650781274,-0.0003002174198627472,-0.1317310333251953,0.0844888910651207,0.5078125,0.4921875,-28924.240234375,-42690.65234375,-94512.6328125,0.9339779019355774,0.5208333730697632,0.4791666865348816,-2.892424163292162e-06,-28924.240234375,0.5208333730697632,0.4791666865348816,0.00028419948648661375,-2892.423828125,0.5130208730697632,1.0,1.0,0.24497997760772705,6550.181640625,6550.4267578125,0.00091
1,decoder.layers.2.blocks.0.attention.self.key,13.552413940429688,7.41119384765625,-6.1412200927734375,5.3221410780679435e-05,0.0006771637126803398,-0.00067715352633968,0.0006771645275875926,0.5338541865348816,0.4661458432674408,-0.00021953594114165753,-0.0010945596732199192,-0.17937135696411133,0.1714951992034912,0.5286458730697632,0.4713541865348816,-33211.1953125,-45011.140625,-95743.6953125,0.9604994058609009,0.5338541865348816,0.4661458432674408,-3.3211194931936916e-06,-33211.1953125,0.5338541865348816,0.4661458432674408,0.0004601685213856399,-3321.119140625,0.515625,1.0,1.0,0.24497997760772705,6550.181640625,6550.4267578125,0.00091
1,decoder.layers.2.blocks.0.attention.self.value,13.601615905761719,7.451446056365967,-6.150169372558594,6.597437459276989e-05,0.0006771634798496962,-0.0006769205792807043,0.0009094827109947801,0.5364583730697632,0.4635416865348816,-0.004330615513026714,-0.00420551560819149,-0.7441596388816833,0.6934855580329895,0.5208333730697632,0.4791666865348816,-30904.599609375,-48765.4140625,-77051.8046875,0.8052882552146912,0.53125,0.46875,-3.0904600407666294e-06,-30904.60546875,0.5364583730697632,0.4635416865348816,0.0004718783311545849,-3090.46044921875,0.4947916865348816,0.9947916865348816,1.0,0.24497997760772705,6550.181640625,6550.4267578125,0.00091
1,decoder.layers.2.blocks.0.attention.output.dense,13.035052299499512,7.398515224456787,-5.636537075042725,3.86420606446336e-06,-0.0005636581336148083,-0.0006771502085030079,0.0006771645275875926,0.4921875,0.5078125,0.004137711599469185,0.0011670731473714113,-0.4054396152496338,0.9295254945755005,0.4895833432674408,0.5104166865348816,-31780.15625,0.39038321375846863,-227926.375,1.5006526708602905,0.4921875,0.5078125,-3.178015958837932e-06,-31780.154296875,0.4921875,0.5078125,-0.00018891633953899145,-3178.015380859375,0.5182291865348816,1.0,1.0,0.24497997760772705,6550.181640625,6550.4267578125,0.00091
1,decoder.layers.2.blocks.0.intermediate.dense,9.47738265991211,6.82190465927124,-2.655477523803711,1.3513148587662727e-05,0.00011588187771849334,-0.0006771635380573571,0.0006771645275875926,0.5143229365348816,0.4856770932674408,0.00020736816804856062,-2.147804480046034e-05,-0.16903288662433624,0.17422762513160706,0.5084635615348816,0.4915364682674408,-119730.0,-39356.28125,-668960.5625,43.620201110839844,0.5143229365348816,0.4856770932674408,-1.1973001164733432e-05,-119730.0,0.5143229365348816,0.4856770932674408,1.7903146726894192e-05,-11973.001953125,0.4993489682674408,1.0,1.0,0.24497997760772705,6550.181640625,6550.4267578125,0.00091
1,decoder.layers.2.blocks.0.output.dense,12.473666191101074,6.765204429626465,-5.708462715148926,-1.8244378225062974e-05,-0.0005996646941639483,-0.000677164236549288,0.0006771645275875926,0.4791666865348816,0.5208333730697632,0.004828763194382191,0.0008512683562003076,-0.26075175404548645,0.43759387731552124,0.484375,0.515625,-57732.07421875,0.9050047993659973,-278387.1875,1.9984534978866577,0.4791666865348816,0.5208333730697632,-5.773206794401631e-06,-57732.0625,0.4791666865348816,0.5208333730697632,-1.2787990272045135e-05,-5773.20703125,0.5052083730697632,1.0,1.0,0.24497997760772705,6550.181640625,6550.4267578125,0.00091
1,decoder.layers.2.blocks.1.attention.self.continuous_position_bias_mlp.0,8.685977935791016,7.848865032196045,-0.837113618850708,2.378907083766535e-05,0.0,-0.0009103836491703987,0.0007412931881844997,0.5,0.4765625,0.00011335757153574377,0.00031197513453662395,-0.036585427820682526,0.017755107954144478,0.421875,0.537109375,-14296.9736328125,-0.009838190861046314,-662896.375,3.341136932373047,0.5078125,0.46875,-1.4296973631644505e-06,-14296.9736328125,0.50390625,0.47265625,6.116766599006951e-05,-1429.697265625,0.5213849544525146,0.9720000624656677,0.9800000190734863,0.24497997760772705,6550.181640625,6550.4267578125,0.00091
1,decoder.layers.2.blocks.1.attention.self.continuous_position_bias_mlp.2,8.754356384277344,8.217769622802734,-0.5365869998931885,5.177895582164638e-05,0.00012061744928359985,-0.0007606917060911655,0.000675750314258039,0.6666666865348816,0.3333333432674408,0.003648134646937251,0.002564158523455262,-0.10383694618940353,0.07087746262550354,0.1666666716337204,0.8333333730697632,-2.8575305938720703,-0.09591833502054214,-16.788372039794922,0.0016933034639805555,0.8333333730697632,0.1666666716337204,-2.85753087858609e-10,-2.853882312774658,0.5,0.5,0.009287204593420029,-0.27702975273132324,0.5,0.5,0.8333333730697632,0.24497997760772705,6550.181640625,6550.4267578125,0.00091
1,decoder.layers.2.blocks.1.attention.self.query,13.425753593444824,7.538883209228516,-5.886870384216309,2.5603198082535528e-05,0.0006771640619263053,-0.000677106436342001,0.0006771645275875926,0.515625,0.484375,0.00047438309411518276,-0.0005929470062255859,-0.04507294297218323,0.0717456266283989,0.5260416865348816,0.4739583432674408,-28268.974609375,-42867.0625,-78571.078125,0.8009781241416931,0.515625,0.484375,-2.826897343766177e-06,-28268.974609375,0.515625,0.484375,6.310398748610169e-05,-2826.897216796875,0.5,1.0,1.0,0.24497997760772705,6550.181640625,6550.4267578125,0.00091
1,decoder.layers.2.blocks.1.attention.self.key,13.884702682495117,7.444177150726318,-6.440526008605957,8.193399844458327e-05,0.0006771641783416271,-0.0006771159823983908,0.0006771645857952535,0.5572916865348816,0.4427083432674408,0.00041111320024356246,-3.700237721204758e-05,-0.07925786823034286,0.08233810216188431,0.5,0.5,-33768.16015625,-49424.65234375,-88722.46875,0.9064086675643921,0.5572916865348816,0.4427083432674408,-3.3768162666092394e-06,-33768.1640625,0.5572916865348816,0.4427083432674408,0.00017566836322657764,-3376.81591796875,0.5364583730697632,1.0,1.0,0.24497997760772705,6550.181640625,6550.4267578125,0.00091
1,decoder.layers.2.blocks.1.attention.self.value,13.638980865478516,7.380073070526123,-6.258908271789551,7.187797746155411e-05,0.0006771631888113916,-0.0006771478801965714,0.0006771645275875926,0.5390625,0.4609375,0.003971428610384464,0.003905687015503645,-0.6330326795578003,0.3883398473262787,0.4609375,0.5390625,-33518.984375,-50088.02734375,-88752.3671875,0.9097148180007935,0.5364583730697632,0.4635416865348816,-3.351898612891091e-06,-33518.98046875,0.5364583730697632,0.4635416865348816,0.0005119879497215152,-3351.897216796875,0.5364583730697632,0.9973958730697632,0.9973958730697632,0.24497997760772705,6550.181640625,6550.4267578125,0.00091
1,decoder.layers.2.blocks.1.attention.output.dense,13.710311889648438,7.262691497802734,-6.447620391845703,8.541202259948477e-05,0.0006771631306037307,-0.0006771375192329288,0.0006771645275875926,0.5494791865348816,0.4505208432674408,0.0032931268215179443,0.0006482033059000969,-0.7140729427337646,0.7267024517059326,0.4817708432674408,0.5182291865348816,-39277.71875,-55421.71484375,-203956.515625,1.7083899974822998,0.546875,0.453125,-3.927772013412323e-06,-39277.71484375,0.546875,0.453125,0.0005882708355784416,-3927.77099609375,0.5729166865348816,0.9973958730697632,0.9973958730697632,0.24497997760772705,6550.181640625,6550.4267578125,0.00091
1,decoder.layers.2.blocks.1.intermediate.dense,9.430643081665039,7.16684627532959,-2.2637972831726074,1.2269963008293416e-05,-0.00010196521179750562,-0.0006771335611119866,0.0006771645857952535,0.4928385615348816,0.5071614980697632,-0.00047391612315550447,-3.252218448324129e-05,-0.1479416936635971,0.10895486176013947,0.51171875,0.48828125,-101606.9375,0.42183730006217957,-404357.6875,60.16190719604492,0.4928385615348816,0.5071614980697632,-1.0160694728256203e-05,-101606.9375,0.4928385615348816,0.5071614980697632,4.190644176560454e-05,-10160.6943359375,0.494140625,1.0,1.0,0.24497997760772705,6550.181640625,6550.4267578125,0.00091
1,decoder.layers.2.blocks.1.output.dense,12.489947319030762,6.873470306396484,-5.616476058959961,-2.2018879462848417e-05,-0.0006084417691454291,-0.0006771321059204638,0.0006771645857952535,0.4765625,0.5234375,0.004117066040635109,0.00033775391057133675,-0.368705689907074,0.25708523392677307,0.484375,0.515625,-49578.75,0.8873899579048157,-199760.078125,1.7414090633392334,0.4765625,0.5234375,-4.95787526233471e-06,-49578.74609375,0.4765625,0.5234375,0.00029860023641958833,-4957.87451171875,0.5078125,1.0,1.0,0.24497997760772705,6550.181640625,6550.4267578125,0.00091
1,decoder.layers.2.blocks.2.attention.self.continuous_position_bias_mlp.0,8.269920349121094,7.932029724121094,-0.3378896713256836,6.128674431238323e-05,0.00010625552386045456,-0.0009104162454605103,0.0008924771100282669,0.52734375,0.46484375,0.00017217737331520766,5.760975182056427e-05,-0.06627076119184494,0.03736063092947006,0.4765625,0.513671875,-7937.7666015625,-0.011351573280990124,-690921.8125,2.531651258468628,0.515625,0.47265625,-7.937766213217401e-07,-7937.76611328125,0.509765625,0.482421875,0.0001074495303328149,-793.7764892578125,0.5285996198654175,0.9249012470245361,0.9389763474464417,0.24497997760772705,6550.181640625,6550.4267578125,0.00091
1,decoder.layers.2.blocks.2.attention.self.continuous_position_bias_mlp.2,7.949460029602051,8.024795532226562,0.07533510774374008,-0.00035804713843390346,-0.0006001340225338936,-0.0008071125485002995,0.00065219821408391,0.1666666716337204,0.8333333730697632,0.0032289314549416304,0.005501864477992058,-0.09722785651683807,0.06794606149196625,0.3333333432674408,0.6666666865348816,0.02124304138123989,-0.012030313722789288,-0.044532012194395065,0.14070479571819305,0.6666666865348816,0.3333333432674408,2.1243046384455955e-12,0.02447197400033474,0.3333333432674408,0.6666666865348816,0.01806546561419964,0.01870611682534218,0.8333333730697632,0.5,0.8333333730697632,0.24497997760772705,6550.181640625,6550.4267578125,0.00091
1,decoder.layers.2.blocks.2.attention.self.query,13.36699104309082,7.488783836364746,-5.878208160400391,2.4534001568099484e-05,0.0006771638290956616,-0.0006771559710614383,0.0006771645275875926,0.5130208730697632,0.4869791865348816,0.0013319773133844137,1.3926997780799866e-05,-0.07739986479282379,0.13709646463394165,0.4973958432674408,0.5026041865348816,-29506.375,-42891.671875,-76971.4609375,0.8129629492759705,0.5130208730697632,0.4869791865348816,-2.9506379632948665e-06,-29506.375,0.5130208730697632,0.4869791865348816,1.899480412248522e-05,-2950.637451171875,0.4895833432674408,1.0,1.0,0.24497997760772705,6550.181640625,6550.4267578125,0.00091
1,decoder.layers.2.blocks.2.attention.self.key,13.43576431274414,7.40474796295166,-6.0310163497924805,3.539450699463487e-05,0.0006771640037186444,-0.0006771358894184232,0.0006771645275875926,0.5208333730697632,0.4791666865348816,0.0017215532716363668,0.0012353253550827503,-0.11509756743907928,0.10307107120752335,0.4583333432674408,0.5416666865348816,-33018.15625,-48550.92578125,-97931.9765625,0.9390456676483154,0.5208333730697632,0.4791666865348816,-3.3018156955222366e-06,-33018.15234375,0.5208333730697632,0.4791666865348816,2.4293549358844757e-06,-3301.815185546875,0.515625,1.0,1.0,0.24497997760772705,6550.181640625,6550.4267578125,0.00091
1,decoder.layers.2.blocks.2.attention.self.value,13.405763626098633,7.392762660980225,-6.012999534606934,5.433459227788262e-05,0.0006771621992811561,-0.0006768060266040266,0.0006771645275875926,0.5182291865348816,0.4817708432674408,-0.0034841648302972317,-0.0002127029001712799,-0.5746372938156128,0.5914315581321716,0.5052083730697632,0.4947916865348816,-31405.140625,-49270.49609375,-86145.828125,0.9002330303192139,0.5182291865348816,0.4817708432674408,-3.1405140816787025e-06,-31405.14453125,0.5182291865348816,0.4817708432674408,0.0006540782633237541,-3140.51416015625,0.5546875,1.0,1.0,0.24497997760772705,6550.181640625,6550.4267578125,0.00091
1,decoder.layers.2.blocks.2.attention.output.dense,13.416933059692383,7.306197166442871,-6.110734939575195,6.303873669821769e-05,0.0006771623739041388,-0.0006771225016564131,0.0006771645275875926,0.5286458730697632,0.4713541865348816,-0.009363744407892227,-0.0002568566706031561,-0.8635321855545044,1.0757157802581787,0.5026041865348816,0.4973958432674408,-35236.46875,-49491.3046875,-199775.125,1.559064507484436,0.5234375,0.4765625,-3.5236469102528645e-06,-35236.48046875,0.5234375,0.4765625,0.00021375305368565023,-3523.64794921875,0.546875,0.9947916865348816,0.9947916865348816,0.24497997760772705,6550.181640625,6550.4267578125,0.00091
1,decoder.layers.2.blocks.2.intermediate.dense,10.007723808288574,7.242049217224121,-2.765674591064453,1.2006140423181932e-05,-0.00011102447751909494,-0.000677156844176352,0.0006771645275875926,0.49609375,0.50390625,0.0007999457302503288,6.143885548226535e-05,-0.1859007328748703,0.253919392824173,0.486328125,0.513671875,-95167.734375,0.41250506043434143,-396224.1875,44.03559494018555,0.49609375,0.50390625,-9.516774298390374e-06,-95167.734375,0.49609375,0.50390625,-7.002803613431752e-06,-9516.7734375,0.517578125,1.0,1.0,0.24497997760772705,6550.181640625,6550.4267578125,0.00091
1,decoder.layers.2.blocks.2.output.dense,13.340520858764648,6.846688747406006,-6.493831634521484,5.982436050544493e-05,0.0006771637126803398,-0.0006771021289750934,0.0006771645275875926,0.5364583730697632,0.4635416865348816,0.010468333959579468,0.0003011437365785241,-0.6457310318946838,0.4846155643463135,0.4739583432674408,0.5260416865348816,-58382.15625,-83289.7734375,-231522.140625,1.718168020248413,0.5364583730697632,0.4635416865348816,-5.838216566189658e-06,-58382.15234375,0.5364583730697632,0.4635416865348816,0.0003992829006165266,-5838.21484375,0.4895833432674408,1.0,1.0,0.24497997760772705,6550.181640625,6550.4267578125,0.00091
1,decoder.layers.2.blocks.3.attention.self.continuous_position_bias_mlp.0,8.112199783325195,7.991521835327148,-0.12067762017250061,2.4361361283808947e-05,-2.1879561245441437e-05,-0.0009107412770390511,0.0007505984976887703,0.482421875,0.5078125,0.0023278570733964443,0.00022152753081172705,-0.03716312348842621,0.12605342268943787,0.48046875,0.505859375,-1855.4967041015625,-0.00799746997654438,-364757.84375,1.9792739152908325,0.513671875,0.474609375,-1.855496662983569e-07,-1855.4945068359375,0.49609375,0.494140625,0.00032370525877922773,-185.54916381835938,0.5069307088851929,0.8932806849479675,0.9230769276618958,0.24497997760772705,6550.181640625,6550.4267578125,0.00091
1,decoder.layers.2.blocks.3.attention.self.continuous_position_bias_mlp.2,8.33167552947998,8.255544662475586,-0.076130710542202,-0.00032896926859393716,-0.0006759809330105782,-0.0008462695404887199,0.0006397692486643791,0.3333333432674408,0.6666666865348816,0.02750522270798683,0.04244323447346687,-0.2016509771347046,0.14289698004722595,0.3333333432674408,0.6666666865348816,-0.1377115398645401,-0.018497221171855927,-0.7114176750183105,-0.0032917584758251905,1.0,0.0,-1.3771152621022686e-11,-0.11020632833242416,0.3333333432674408,0.6666666865348816,0.04759559780359268,0.031815409660339355,1.0,0.3333333432674408,1.0,0.24497997760772705,6550.181640625,6550.4267578125,0.00091
1,decoder.layers.2.blocks.3.attention.self.query,13.75633430480957,7.5008344650268555,-6.255499839782715,6.382046558428556e-05,0.0006771640037186444,-0.0006771457265131176,0.0006771645275875926,0.5416666865348816,0.4583333432674408,4.4377055019140244e-05,0.00040145451202988625,-0.1818532645702362,0.1264684498310089,0.4765625,0.5234375,-30801.640625,-48839.859375,-77217.2734375,0.8492117524147034,0.5416666865348816,0.4583333432674408,-3.0801638786215335e-06,-30801.640625,0.5416666865348816,0.4583333432674408,0.0002950892667286098,-3080.163818359375,0.4973958432674408,1.0,1.0,0.24497997760772705,6550.181640625,6550.4267578125,0.00091
1,decoder.layers.2.blocks.3.attention.self.key,13.241518020629883,7.451852321624756,-5.789666652679443,1.5232936675602105e-05,0.0006771634798496962,-0.000677097006700933,0.0006771645275875926,0.5052083730697632,0.4947916865348816,0.0005816435441374779,0.0003060540184378624,-0.10919900238513947,0.14389167726039886,0.484375,0.515625,-29966.318359375,-45346.55859375,-87817.5078125,0.9315676093101501,0.5052083730697632,0.4947916865348816,-2.9966320198582252e-06,-29966.318359375,0.5052083730697632,0.4947916865348816,0.00012033170787617564,-2996.6318359375,0.4895833432674408,1.0,1.0,0.24497997760772705,6550.181640625,6550.4267578125,0.00091
1,decoder.layers.2.blocks.3.attention.self.value,13.283842086791992,7.348095893859863,-5.935746669769287,5.158788917469792e-05,0.0006771608022972941,-0.0006770324544049799,0.0007462590001523495,0.515625,0.484375,0.001561344601213932,0.0028782784938812256,-0.6717288494110107,0.822556734085083,0.4869791865348816,0.5130208730697632,-32015.693359375,-44992.94140625,-86538.0625,0.9297990798950195,0.5104166865348816,0.4895833432674408,-3.201569370503421e-06,-32015.693359375,0.5130208730697632,0.4869791865348816,0.0014110987540334463,-3201.56787109375,0.5390625,0.9947916865348816,0.9973958730697632,0.24497997760772705,6550.181640625,6550.4267578125,0.00091
1,decoder.layers.2.blocks.3.attention.output.dense,13.524358749389648,7.275763988494873,-6.248593807220459,7.426004594890401e-05,0.0006771620246581733,-0.0006771603948436677,0.0006771645275875926,0.53125,0.46875,0.002286573639139533,0.002317561535164714,-1.1991159915924072,0.523596465587616,0.484375,0.515625,-37258.875,-52677.375,-177031.75,1.5059032440185547,0.53125,0.46875,-3.7258876091073034e-06,-37258.875,0.53125,0.46875,0.0018043937161564827,-3725.8857421875,0.5885416865348816,1.0,1.0,0.24497997760772705,6550.181640625,6550.4267578125,0.00091
1,decoder.layers.2.blocks.3.intermediate.dense,10.29712200164795,7.213047981262207,-3.084074020385742,1.9298466213513166e-05,0.00015656174218747765,-0.0006770742475055158,0.0006771645857952535,0.5065104365348816,0.4934895932674408,1.3984856195747852e-05,4.043214721605182e-05,-0.18639254570007324,0.15947119891643524,0.490234375,0.509765625,-98786.6796875,-41318.90625,-487805.53125,39.60185241699219,0.5065104365348816,0.4934895932674408,-9.878668606688734e-06,-98786.6796875,0.5065104365348816,0.4934895932674408,9.201336069963872e-05,-9878.66796875,0.5084635615348816,1.0,1.0,0.24497997760772705,6550.181640625,6550.4267578125,0.00091
1,decoder.layers.2.blocks.3.output.dense,12.512983322143555,6.868941307067871,-5.644042491912842,-1.474253622291144e-05,-0.0005575438844971359,-0.0006771228509023786,0.0006771645275875926,0.4791666865348816,0.5208333730697632,0.004495734348893166,0.00017649951041676104,-0.6438040137290955,0.4545741677284241,0.4947916865348816,0.5052083730697632,-51256.19921875,0.8464168906211853,-243396.28125,1.8517948389053345,0.4765625,0.5234375,-5.1256201913929544e-06,-51256.1953125,0.4765625,0.5234375,-0.0007337689166888595,-5125.6201171875,0.5260416865348816,0.9973958730697632,0.9973958730697632,0.24497997760772705,6550.181640625,6550.4267578125,0.00091
1,decoder.layers.2.blocks.4.attention.self.continuous_position_bias_mlp.0,8.581233978271484,7.876651763916016,-0.704581618309021,9.126737131737173e-05,0.00014805933460593224,-0.0008910954929888248,0.0009110085666179657,0.5859375,0.404296875,0.0012136278674006462,4.005009941465687e-07,-0.06521645933389664,0.2110486924648285,0.48046875,0.501953125,-9642.935546875,-0.016892697662115097,-684274.1875,3.936058282852173,0.53515625,0.453125,-9.642935765441507e-07,-9642.935546875,0.53515625,0.455078125,0.00024562980979681015,-964.293212890625,0.6023856401443481,0.7806324362754822,0.8106508851051331,0.24497997760772705,6550.181640625,6550.4267578125,0.00091
1,decoder.layers.2.blocks.4.attention.self.continuous_position_bias_mlp.2,8.112775802612305,8.219366073608398,0.10659011453390121,-0.00046221536467783153,-0.000644574873149395,-0.0007871910929679871,0.0006267433054745197,0.1666666716337204,0.8333333730697632,0.1114121600985527,0.020412996411323547,-0.02711944654583931,0.5209485292434692,0.1666666716337204,0.8333333730697632,-0.01985068991780281,-0.004022690001875162,-0.11585208028554916,0.024348901584744453,0.8333333730697632,0.1666666716337204,-1.985069227050662e-12,0.0915614664554596,0.3333333432674408,0.6666666865348816,0.051320817321538925,0.05534488707780838,1.0,0.0,0.8333333730697632,0.24497997760772705,6550.181640625,6550.4267578125,0.00091
1,decoder.layers.2.blocks.4.attention.self.query,13.123489379882812,7.486867427825928,-5.636622428894043,1.8753733002085937e-06,-0.0005802511004731059,-0.0006771639455109835,0.0006771645275875926,0.4947916865348816,0.5052083730697632,0.00015489888028241694,0.00041284563485533,-0.34700286388397217,0.13435286283493042,0.4817708432674408,0.5182291865348816,-28260.349609375,0.4097250699996948,-84796.9765625,0.849502444267273,0.4947916865348816,0.5052083730697632,-2.8260346880415455e-06,-28260.349609375,0.4947916865348816,0.5052083730697632,5.687214434146881e-05,-2826.03466796875,0.5182291865348816,1.0,1.0,0.24497997760772705,6550.181640625,6550.4267578125,0.00091
1,decoder.layers.2.blocks.4.attention.self.key,12.647747039794922,7.443730354309082,-5.204017639160156,-4.359074227977544e-05,-0.0006353897624649107,-0.0006771532353013754,0.0006771645857952535,0.4609375,0.5390625,-0.0011167563498020172,-0.0006485068006440997,-0.15393348038196564,0.16551737487316132,0.5182291865348816,0.4817708432674408,-27556.88671875,0.5180711150169373,-94674.4140625,0.9752976298332214,0.4609375,0.5390625,-2.755688683464541e-06,-27556.88671875,0.4609375,0.5390625,-0.00010890715930145234,-2755.68896484375,0.5208333730697632,1.0,1.0,0.24497997760772705,6550.181640625,6550.4267578125,0.00091
1,decoder.layers.2.blocks.4.attention.self.value,13.345541000366211,7.3148088455200195,-6.030731201171875,6.555175059475005e-05,0.0006771614425815642,-0.000677060685120523,0.0009112119441851974,0.5208333730697632,0.4791666865348816,0.03317867964506149,0.007886281237006187,-0.6858891248703003,1.3426400423049927,0.4817708432674408,0.5182291865348816,-33165.8515625,-50030.5703125,-84884.7265625,0.9401187896728516,0.515625,0.484375,-3.3165849799843272e-06,-33165.8203125,0.5182291865348816,0.4817708432674408,0.001051791594363749,-3316.580810546875,0.5078125,0.9947916865348816,0.9973958730697632,0.24497997760772705,6550.181640625,6550.4267578125,0.00091
1,decoder.layers.2.blocks.4.attention.output.dense,13.58357048034668,7.235335826873779,-6.348233699798584,8.455450006294996e-05,0.0006771618500351906,-0.0006769242463633418,0.0006771645275875926,0.5390625,0.4609375,0.005312148481607437,-0.0004971455782651901,-1.1345319747924805,1.133579134941101,0.5052083730697632,0.4947916865348816,-39665.9609375,-54262.58203125,-200408.4375,1.4881001710891724,0.5364583730697632,0.4635416865348816,-3.966596068494255e-06,-39665.953125,0.5364583730697632,0.4635416865348816,0.0010220336262136698,-3966.594482421875,0.4973958432674408,0.9973958730697632,0.9973958730697632,0.24497997760772705,6550.181640625,6550.4267578125,0.00091
1,decoder.layers.2.blocks.4.intermediate.dense,10.892265319824219,7.252152442932129,-3.6401143074035645,2.5606157578295097e-05,0.0001678149710642174,-0.0006769808824174106,0.0006771645275875926,0.5110677480697632,0.4889323115348816,0.0013806525385007262,0.00015645149687770754,-0.3264417052268982,0.3517267405986786,0.486328125,0.513671875,-88112.84375,-41055.81640625,-540245.875,38.079593658447266,0.5110677480697632,0.4889323115348816,-8.811285624688026e-06,-88112.84375,0.5110677480697632,0.4889323115348816,0.0002646737266331911,-8811.28515625,0.484375,1.0,1.0,0.24497997760772705,6550.181640625,6550.4267578125,0.00091
1,decoder.layers.2.blocks.4.output.dense,12.539107322692871,6.9195876121521,-5.6195197105407715,-1.4831220141786616e-05,-0.0005699367611669004,-0.0006771186599507928,0.0008157419506460428,0.4791666865348816,0.5208333730697632,0.001671894220635295,-0.0008099627448245883,-1.9687849283218384,0.7687376141548157,0.5104166865348816,0.4895833432674408,-48957.3359375,0.7981754541397095,-228021.59375,1.6839264631271362,0.4765625,0.5234375,-4.895733582088724e-06,-48957.3359375,0.4791666865348816,0.5208333730697632,0.0004075347096659243,-4895.732421875,0.5052083730697632,0.9973958730697632,1.0,0.24497997760772705,6550.181640625,6550.4267578125,0.00091
1,decoder.layers.2.blocks.5.attention.self.continuous_position_bias_mlp.0,8.583870887756348,7.956645965576172,-0.6272249817848206,-4.682848521042615e-05,-7.287226617336273e-05,-0.0009112334810197353,0.0009110970422625542,0.44921875,0.53515625,0.006115687545388937,0.0011172294616699219,-0.050432268530130386,0.7479357719421387,0.431640625,0.54296875,-7926.35498046875,-0.010385781526565552,-666200.9375,4.142567157745361,0.521484375,0.462890625,-7.926355465315282e-07,-7926.3486328125,0.46484375,0.51953125,0.0005934002110734582,-792.6343994140625,0.671342670917511,0.72817462682724,0.8571429252624512,0.24497997760772705,6550.181640625,6550.4267578125,0.00091
1,decoder.layers.2.blocks.5.attention.self.continuous_position_bias_mlp.2,8.174314498901367,8.205217361450195,0.030902545899152756,-0.0004643065622076392,-0.000734405592083931,-0.0009039663709700108,0.0006282713729888201,0.1666666716337204,0.8333333730697632,0.27309751510620117,0.0332728773355484,-0.08123050630092621,0.910467267036438,0.1666666716337204,0.8333333730697632,-0.024936972185969353,-0.005472494754940271,-0.11107656359672546,-0.0017328534740954638,1.0,0.0,-2.4936970891009658e-12,0.24816054105758667,0.3333333432674408,0.6666666865348816,0.02735058218240738,0.04943157732486725,0.6666666865348816,0.1666666716337204,0.8333333730697632,0.24497997760772705,6550.181640625,6550.4267578125,0.00091
1,decoder.layers.2.blocks.5.attention.self.query,12.961027145385742,7.499877452850342,-5.461148738861084,-1.708478339423891e-05,-0.0006305439164862037,-0.0006770545151084661,0.0006771645275875926,0.4817708432674408,0.5182291865348816,0.0009474344551563263,-0.00029697827994823456,-0.08877748250961304,0.30983155965805054,0.515625,0.484375,-27290.99609375,0.473120778799057,-84349.7578125,0.9285383820533752,0.4817708432674408,0.5182291865348816,-2.7290996058582095e-06,-27290.99609375,0.4817708432674408,0.5182291865348816,-1.6940564364631427e-06,-2729.099609375,0.4921875,1.0,1.0,0.24497997760772705,6550.181640625,6550.4267578125,0.00091
1,decoder.layers.2.blocks.5.attention.self.key,13.391510009765625,7.480121612548828,-5.911389350891113,2.7989863156108186e-05,0.0006771640619263053,-0.0006771450862288475,0.0006771645275875926,0.515625,0.484375,0.0016792684327811003,3.6046840250492096e-05,-0.09870520979166031,0.3023819327354431,0.4947916865348816,0.5052083730697632,-29864.818359375,-47409.58984375,-98001.5625,0.9892680644989014,0.515625,0.484375,-2.9864820589864394e-06,-29864.818359375,0.515625,0.484375,7.97956163296476e-05,-2986.48193359375,0.4895833432674408,1.0,1.0,0.24497997760772705,6550.181640625,6550.4267578125,0.00091
1,decoder.layers.2.blocks.5.attention.self.value,13.625347137451172,7.283137798309326,-6.342208385467529,0.00012705696281045675,0.0006771620828658342,-0.0006761336117051542,0.0009108525700867176,0.5625,0.4375,-0.004705225583165884,-0.016177505254745483,-1.8321481943130493,2.994450569152832,0.5286458730697632,0.4713541865348816,-34118.90234375,-50074.1328125,-90063.8671875,1.0400089025497437,0.5364583730697632,0.4635416865348816,-3.4118900202884106e-06,-34118.90625,0.5572916865348816,0.4427083432674408,0.001444064429961145,-3411.889404296875,0.5390625,0.9739583730697632,0.9947916865348816,0.24497997760772705,6550.181640625,6550.4267578125,0.00091
1,decoder.layers.2.blocks.5.attention.output.dense,14.361988067626953,7.301583766937256,-7.060403823852539,0.00015475890540983528,0.0006771630723960698,-0.0006771601620130241,0.0006771645275875926,0.59375,0.40625,0.03641592711210251,0.0045140590518713,-0.6146284341812134,6.162290573120117,0.4739583432674408,0.5260416865348816,-40488.52734375,-54681.734375,-177124.984375,1.5236749649047852,0.59375,0.40625,-4.048853043059353e-06,-40488.4921875,0.59375,0.40625,0.002118953038007021,-4048.847412109375,0.5260416865348816,1.0,1.0,0.24497997760772705,6550.181640625,6550.4267578125,0.00091
1,decoder.layers.2.blocks.5.intermediate.dense,11.377796173095703,6.942444801330566,-4.4353508949279785,4.176834409008734e-05,0.0002432761830277741,-0.0006771495100110769,0.0006771645275875926,0.5384114980697632,0.4615885615348816,0.0018037285190075636,0.00016125821275636554,-0.24087440967559814,0.18343599140644073,0.4798177182674408,0.5201823115348816,-99285.9375,-46258.5390625,-418460.5625,24.599853515625,0.5384114980697632,0.4615885615348816,-9.928593499353155e-06,-99285.9296875,0.5384114980697632,0.4615885615348816,0.00019033392891287804,-9928.59375,0.4973958432674408,1.0,1.0,0.24497997760772705,6550.181640625,6550.4267578125,0.00091
1,decoder.layers.2.blocks.5.output.dense,13.746091842651367,6.9122314453125,-6.833860397338867,9.755673818290234e-05,0.0006771636544726789,-0.0006771323387511075,0.0006771645275875926,0.5625,0.4375,-0.0082694748416543,-0.0008740830235183239,-0.6179629564285278,0.6147438883781433,0.5234375,0.4765625,-57307.01171875,-78659.9921875,-256094.59375,1.7603257894515991,0.5625,0.4375,-5.730700650019571e-06,-57307.0234375,0.5625,0.4375,0.0009371399646624923,-5730.70068359375,0.5130208730697632,1.0,1.0,0.24497997760772705,6550.181640625,6550.4267578125,0.00091
1,decoder.layers.2.blocks.6.attention.self.continuous_position_bias_mlp.0,8.477319717407227,7.917491436004639,-0.5598278045654297,8.206478378269821e-05,0.0001729605719447136,-0.0009045645128935575,0.0009018187411129475,0.541015625,0.42578125,0.0006412145448848605,0.0,-0.12405501306056976,0.16531218588352203,0.494140625,0.462890625,-10299.705078125,-0.020351743325591087,-690640.5,3.9875571727752686,0.54296875,0.419921875,-1.029970576382766e-06,-10299.705078125,0.548828125,0.41796875,0.0005201849853619933,-1029.969970703125,0.5836734175682068,0.8498985767364502,0.8949495553970337,0.24497997760772705,6550.181640625,6550.4267578125,0.00091
1,decoder.layers.2.blocks.6.attention.self.continuous_position_bias_mlp.2,8.232156753540039,8.240456581115723,0.008299827575683594,-0.00034914989373646677,-0.0007584197446703911,-0.0008734371513128281,0.0006658283527940512,0.3333333432674408,0.6666666865348816,0.21802496910095215,0.13029567897319794,-0.07002590596675873,0.6363558769226074,0.1666666716337204,0.8333333730697632,-0.053012698888778687,-0.009232021868228912,-0.25440847873687744,-0.0022204036358743906,1.0,0.0,-5.301270707136485e-12,0.16501228511333466,0.3333333432674408,0.6666666865348816,0.08557101339101791,0.09351514279842377,0.8333333730697632,0.3333333432674408,1.0,0.24497997760772705,6550.181640625,6550.4267578125,0.00091
1,decoder.layers.2.blocks.6.attention.self.query,13.320619583129883,7.450140953063965,-5.870477676391602,2.5611188902985305e-05,0.0006771637126803398,-0.0006770787294954062,0.0006771645857952535,0.5130208730697632,0.4869791865348816,-0.002463200129568577,-0.0004262998700141907,-0.5115521550178528,0.14010661840438843,0.5130208730697632,0.4869791865348816,-30560.42578125,-36675.68359375,-89810.4765625,0.8805102705955505,0.5130208730697632,0.4869791865348816,-3.056042714888463e-06,-30560.427734375,0.5130208730697632,0.4869791865348816,1.1516836821101606e-05,-3056.042724609375,0.4635416865348816,1.0,1.0,0.24497997760772705,6550.181640625,6550.4267578125,0.00091
1,decoder.layers.2.blocks.6.attention.self.key,13.737067222595215,7.453522682189941,-6.283544063568115,6.626566755585372e-05,0.0006771640619263053,-0.0006771643529646099,0.0006771645275875926,0.5442708730697632,0.4557291865348816,0.002199825830757618,-0.0007371199317276478,-0.09710236638784409,0.28589847683906555,0.515625,0.484375,-32449.27734375,-47947.66796875,-105889.6328125,1.0418781042099,0.5442708730697632,0.4557291865348816,-3.2449277114210417e-06,-32449.2734375,0.5442708730697632,0.4557291865348816,0.0001980924716917798,-3244.92724609375,0.5130208730697632,1.0,1.0,0.24497997760772705,6550.181640625,6550.4267578125,0.00091
1,decoder.layers.2.blocks.6.attention.self.value,13.767471313476562,7.204975128173828,-6.562497615814209,0.0001901424111565575,0.0006771613261662424,-0.0006768831517547369,0.0009105631615966558,0.6041666865348816,0.3958333432674408,0.11327126622200012,0.04125145822763443,-3.441549777984619,10.506589889526367,0.4453125,0.5546875,-35687.4765625,-55634.2890625,-103568.71875,1.0054749250411987,0.546875,0.453125,-3.5687476156454068e-06,-35687.359375,0.5859375,0.4140625,0.001188730588182807,-3568.735107421875,0.5911458730697632,0.9427083730697632,0.9817708730697632,0.24497997760772705,6550.181640625,6550.4267578125,0.00091
1,decoder.layers.2.blocks.6.attention.output.dense,13.052011489868164,7.190718650817871,-5.861292839050293,4.435131995705888e-05,0.0006771231419406831,-0.00067714205943048,0.0008258734596893191,0.5078125,0.4921875,-0.04669196531176567,0.00018715858459472656,-23.699951171875,1.2952817678451538,0.4973958432674408,0.5026041865348816,-38688.32421875,-48255.00390625,-221497.234375,1.6769274473190308,0.5,0.5,-3.868832209263928e-06,-38688.37109375,0.5026041865348816,0.4973958432674408,0.0020024185068905354,-3868.83544921875,0.5,0.9921875,0.9947916865348816,0.24497997760772705,6550.181640625,6550.4267578125,0.00091
1,decoder.layers.2.blocks.6.intermediate.dense,10.812219619750977,7.516251564025879,-3.295968532562256,1.7320820916211233e-05,-0.00022283692669589072,-0.0006771374610252678,0.0006771645275875926,0.4986979365348816,0.5013021230697632,0.0008118100231513381,-9.77739691734314e-05,-0.5967336893081665,1.208505630493164,0.5065104365348816,0.4934895932674408,-88200.109375,0.3768012821674347,-471370.28125,20.716571807861328,0.4973958432674408,0.5026041865348816,-8.820011316856835e-06,-88200.109375,0.4973958432674408,0.5026041865348816,-5.407249545896775e-07,-8820.0107421875,0.5182291865348816,0.9986979365348816,0.9986979365348816,0.24497997760772705,6550.181640625,6550.4267578125,0.00091
1,decoder.layers.2.blocks.6.output.dense,13.422694206237793,6.887824058532715,-6.534870147705078,6.875525286886841e-05,0.0006771634798496962,-0.0006771621410734951,0.0006771645275875926,0.5442708730697632,0.4557291865348816,0.019674349576234818,0.0005772316362708807,-0.8454738259315491,5.137404441833496,0.453125,0.546875,-56817.1640625,-76046.8046875,-265016.71875,1.7048149108886719,0.5416666865348816,0.4583333432674408,-5.681716629624134e-06,-56817.140625,0.5442708730697632,0.4557291865348816,0.0008625652990303934,-5681.712890625,0.5026041865348816,0.9973958730697632,1.0,0.24497997760772705,6550.181640625,6550.4267578125,0.00091
1,decoder.layers.2.blocks.7.attention.self.continuous_position_bias_mlp.0,9.775824546813965,7.574286460876465,-2.2015390396118164,-4.253961378708482e-06,0.0,-0.0009111091494560242,0.0009029856882989407,0.41015625,0.41796875,0.002516256645321846,0.0,-0.051376208662986755,0.08282594382762909,0.25390625,0.38671875,-60267.14453125,0.0,-690125.75,313040.28125,0.423828125,0.369140625,-6.026714345352957e-06,-60267.140625,0.421875,0.408203125,61.1408576965332,-5971.6875,0.6737804412841797,0.9064038991928101,0.9505882263183594,0.24497997760772705,6550.181640625,6550.4267578125,0.00091
1,decoder.layers.2.blocks.7.attention.self.continuous_position_bias_mlp.2,13.955622673034668,8.05080795288086,-5.904815673828125,6.976105942158028e-05,-0.0003148391842842102,-0.0008285054937005043,0.0006771637708880007,0.5,0.5,0.02043220028281212,0.013619424775242805,-0.2077980935573578,0.19601015746593475,0.3333333432674408,0.6666666865348816,-20580.83984375,-34384.67578125,-54106.13671875,0.0017653009854257107,0.6666666865348816,0.3333333432674408,-2.0580839645845117e-06,-20580.81640625,0.5,0.5,0.006813888903707266,-2058.07568359375,0.8333333730697632,0.8333333730697632,1.0,0.24497997760772705,6550.181640625,6550.4267578125,0.00091
1,decoder.layers.2.blocks.7.attention.self.query,12.582626342773438,7.4289140701293945,-5.153712272644043,-5.054867870057933e-05,-0.000649310415610671,-0.0006770497420802712,0.0006771645275875926,0.4583333432674408,0.5416666865348816,-0.000529018696397543,-8.494080975651741e-05,-0.19275063276290894,0.18409216403961182,0.5,0.5,-28246.015625,0.514035165309906,-94121.7890625,0.9719752073287964,0.4583333432674408,0.5416666865348816,-2.824601779138902e-06,-28246.015625,0.4583333432674408,0.5416666865348816,-4.955656186211854e-05,-2824.6015625,0.453125,1.0,1.0,0.24497997760772705,6550.181640625,6550.4267578125,0.00091
1,decoder.layers.2.blocks.7.attention.self.key,13.152698516845703,7.407085418701172,-5.745612621307373,7.397833542199805e-06,-0.0005883467383682728,-0.000676914060022682,0.0006771645275875926,0.5,0.5,-0.0015600286424160004,-0.0007747708586975932,-0.451850026845932,0.5056612491607666,0.5234375,0.4765625,-31582.59765625,-41330.18359375,-115171.578125,1.1066852807998657,0.5,0.5,-3.1582599149260204e-06,-31582.599609375,0.5,0.5,8.80859952303581e-05,-3158.259765625,0.4921875,1.0,1.0,0.24497997760772705,6550.181640625,6550.4267578125,0.00091
1,decoder.layers.2.blocks.7.attention.self.value,13.129477500915527,7.134860992431641,-5.994616508483887,0.00017321962513960898,0.0006771598127670586,-0.0006767865270376205,0.0009058279683813453,0.5885416865348816,0.4114583432674408,-0.008589382283389568,-0.023140113800764084,-5.07161808013916,9.817276954650879,0.5208333730697632,0.4791666865348816,-33238.28125,-41693.4609375,-97471.734375,0.9756694436073303,0.5,0.5,-3.3238284231629223e-06,-33238.29296875,0.5625,0.4375,0.0009725427953526378,-3323.82861328125,0.6197916865348816,0.9114583730697632,0.9739583730697632,0.24497997760772705,6550.181640625,6550.4267578125,0.00091
1,decoder.layers.2.blocks.7.attention.output.dense,13.581893920898438,7.073054313659668,-6.5088396072387695,8.2353588368278e-05,0.0006771626649424434,-0.0006771072512492537,0.0006771645275875926,0.546875,0.453125,-0.01708364300429821,-0.0006236801855266094,-3.037595748901367,0.6643761992454529,0.5130208730697632,0.4869791865348816,-51085.5703125,-51477.61328125,-258339.328125,1.7654850482940674,0.546875,0.453125,-5.108556706545642e-06,-51085.58984375,0.546875,0.453125,0.005906539969146252,-5108.5537109375,0.4609375,1.0,1.0,0.24497997760772705,6550.181640625,6550.4267578125,0.00091
1,decoder.layers.2.blocks.7.intermediate.dense,10.906866073608398,7.131442546844482,-3.775423765182495,2.297532046213746e-05,0.00035861239302903414,-0.0006771630141884089,0.0006771645857952535,0.5143229365348816,0.4856770932674408,0.0018236595205962658,-2.700556069612503e-05,-0.14795678853988647,0.2376449555158615,0.5065104365348816,0.4934895932674408,-110483.3359375,-39059.33984375,-568446.875,15.171382904052734,0.5143229365348816,0.4856770932674408,-1.1048336091334932e-05,-110483.3359375,0.5143229365348816,0.4856770932674408,9.691953891888261e-05,-11048.333984375,0.5260416865348816,1.0,1.0,0.24497997760772705,6550.181640625,6550.4267578125,0.00091
1,decoder.layers.2.blocks.7.output.dense,12.693359375,6.8117594718933105,-5.881599426269531,-5.093690106150461e-06,-0.0005969323101453483,-0.0006771623739041388,0.0006771645275875926,0.4921875,0.5078125,0.011669407598674297,0.0005495636723935604,-0.2974170446395874,1.4762427806854248,0.4583333432674408,0.5416666865348816,-57524.10546875,0.8205986022949219,-223440.03125,1.81063973903656,0.4921875,0.5078125,-5.75240983380354e-06,-57524.08984375,0.4921875,0.5078125,0.00030983283068053424,-5752.4091796875,0.4869791865348816,1.0,1.0,0.24497997760772705,6550.181640625,6550.4267578125,0.00091
1,decoder.layers.2.upsample.upsample,13.431071281433105,7.11850643157959,-6.312563896179199,6.731913890689611e-05,0.0006771611515432596,-0.0006770078325644135,0.0006771645857952535,0.5325521230697632,0.4674479365348816,0.03756645321846008,0.006565704010426998,-0.7188071012496948,2.3005285263061523,0.4505208432674408,0.5494791865348816,-42837.73046875,-55802.01953125,-142159.921875,1.2872393131256104,0.53125,0.46875,-4.283773250790546e-06,-42837.6953125,0.53125,0.46875,0.002156520029529929,-4283.767578125,0.5690104365348816,0.9986979365348816,0.9986979365348816,0.24497997760772705,6550.181640625,6550.4267578125,0.00091
1,decoder.layers.2.upsample.mixup,15.653406143188477,7.634387969970703,-8.019018173217773,0.0002755028835963458,0.0006771624321117997,-0.0006761226686649024,0.0006771645275875926,0.6822916865348816,0.3177083432674408,0.04144474118947983,0.01341651938855648,-1.869110345840454,3.746121883392334,0.4166666865348816,0.5833333730697632,-34458.7890625,-42851.0234375,-107625.2890625,0.9646468162536621,0.6822916865348816,0.3177083432674408,-3.4458785194146913e-06,-34458.7421875,0.6822916865348816,0.3177083432674408,0.017704101279377937,-3445.8583984375,0.5364583730697632,1.0,1.0,0.24497997760772705,6550.181640625,6550.4267578125,0.00091
1,decoder.layers.3.blocks.0.attention.self.continuous_position_bias_mlp.0,9.105207443237305,7.690304756164551,-1.4149025678634644,-4.503919626586139e-06,0.0,-0.0006771553307771683,0.0006771645275875926,0.474609375,0.490234375,3.184896195307374e-05,0.0,-0.005173798650503159,0.007004063576459885,0.4921875,0.486328125,-25928.984375,0.0,-685800.25,10.527946472167969,0.470703125,0.48828125,-2.59289845416788e-06,-25928.984375,0.4765625,0.501953125,-1.4278698472480755e-06,-2592.8984375,0.5189620852470398,1.0,0.9860279560089111,0.24497997760772705,6550.181640625,6550.4267578125,0.00091
1,decoder.layers.3.blocks.0.attention.self.continuous_position_bias_mlp.2,7.937987804412842,7.973284721374512,0.03529660031199455,-0.00019611138850450516,-0.0005597546696662903,-0.0005981568247079849,0.0005695773288607597,0.3333333432674408,0.6666666865348816,0.0006685761618427932,0.0037167943082749844,-0.005860575940459967,0.004149510059505701,0.3333333432674408,0.6666666865348816,0.004365240223705769,0.0060907998122274876,-0.0048595089465379715,0.011864428408443928,0.3333333432674408,0.6666666865348816,4.3652402656121914e-13,0.0050338152796030045,0.3333333432674408,0.6666666865348816,0.0001340887538390234,0.0006240614457055926,1.0,0.3333333432674408,0.3333333432674408,0.24497997760772705,6550.181640625,6550.4267578125,0.00091
1,decoder.layers.3.blocks.0.attention.self.query,13.398565292358398,7.496840476989746,-5.901725769042969,2.5653120246715844e-05,0.0006771641201339662,-0.0006769175524823368,0.0006771645275875926,0.515625,0.484375,0.0015743359690532088,0.0006954637356102467,-0.023129519075155258,0.054174456745386124,0.4583333432674408,0.5416666865348816,-29450.271484375,-45891.5703125,-96617.0234375,0.82493656873703,0.515625,0.484375,-2.9450275178533047e-06,-29450.271484375,0.515625,0.484375,-3.680158260976896e-05,-2945.02734375,0.5260416865348816,1.0,1.0,0.24497997760772705,6550.181640625,6550.4267578125,0.00091
1,decoder.layers.3.blocks.0.attention.self.key,12.821203231811523,7.449822902679443,-5.371380805969238,-3.197622572770342e-05,-0.0006586857489310205,-0.000676996074616909,0.0006771645275875926,0.4739583432674408,0.5260416865348816,0.0007624860154464841,-0.0001335113774985075,-0.03416437283158302,0.036629244685173035,0.5,0.5,-28451.748046875,0.520933985710144,-79209.6640625,0.8619616031646729,0.4739583432674408,0.5260416865348816,-2.8451747766666813e-06,-28451.74609375,0.4739583432674408,0.5260416865348816,-5.63973153475672e-05,-2845.174560546875,0.5677083730697632,1.0,1.0,0.24497997760772705,6550.181640625,6550.4267578125,0.00091
1,decoder.layers.3.blocks.0.attention.self.value,14.105926513671875,7.499828338623047,-6.60609769821167,0.0001161208056146279,0.0006771632470190525,-0.0006769653409719467,0.0006771645275875926,0.5677083730697632,0.4322916865348816,0.02205481193959713,0.009294271469116211,-0.3493661880493164,0.30598875880241394,0.4427083432674408,0.5572916865348816,-31422.5078125,-47788.12890625,-94447.421875,0.9361156821250916,0.5677083730697632,0.4322916865348816,-3.1422509891854133e-06,-31422.484375,0.5677083730697632,0.4322916865348816,0.0005069183534942567,-3142.248046875,0.5520833730697632,1.0,1.0,0.24497997760772705,6550.181640625,6550.4267578125,0.00091
1,decoder.layers.3.blocks.0.attention.output.dense,13.653437614440918,7.238735198974609,-6.414702892303467,7.473315781680867e-05,0.0006771636544726789,-0.0006771030020900071,0.0006771645275875926,0.546875,0.453125,0.009848574176430702,0.0026908358559012413,-0.35101133584976196,0.7414408326148987,0.4166666865348816,0.5833333730697632,-41680.3828125,-48277.80078125,-326225.53125,2.079376459121704,0.546875,0.453125,-4.168038685747888e-06,-41680.375,0.546875,0.453125,0.00023170780332293361,-4168.037109375,0.5572916865348816,1.0,1.0,0.24497997760772705,6550.181640625,6550.4267578125,0.00091
1,decoder.layers.3.blocks.0.intermediate.dense,9.484506607055664,6.960427761077881,-2.5240797996520996,3.7544803035416408e-06,0.00012777165102306753,-0.0006771431653760374,0.0006771645275875926,0.5091146230697632,0.4908854365348816,0.000694933463819325,1.8275313777849078e-06,-0.07250603288412094,0.12106890976428986,0.4973958432674408,0.5026041865348816,-132360.171875,-34816.23046875,-454950.0,41.34918212890625,0.5091146230697632,0.4908854365348816,-1.32360173665802e-05,-132360.15625,0.5091146230697632,0.4908854365348816,-3.7374960811575875e-05,-13236.015625,0.5559896230697632,1.0,1.0,0.24497997760772705,6550.181640625,6550.4267578125,0.00091
1,decoder.layers.3.blocks.0.output.dense,12.293212890625,6.703614234924316,-5.589599609375,-3.714763079187833e-05,-0.0006379589904099703,-0.0006770341424271464,0.0006771645275875926,0.46875,0.53125,0.010624326765537262,0.0010381226893514395,-0.0831117257475853,0.8672827482223511,0.4479166865348816,0.5520833730697632,-63312.83984375,0.7716513872146606,-315943.625,2.054260730743408,0.46875,0.53125,-6.3312845668406226e-06,-63312.82421875,0.46875,0.53125,0.00033419913961552083,-6331.28271484375,0.5208333730697632,1.0,1.0,0.24497997760772705,6550.181640625,6550.4267578125,0.00091
1,decoder.layers.3.blocks.1.attention.self.continuous_position_bias_mlp.0,9.24986743927002,7.974762439727783,-1.275105595588684,1.687298936303705e-05,0.0,-0.0006770436884835362,0.0006771645275875926,0.5,0.494140625,1.5904093743301928e-05,-1.4382903756882115e-08,-0.0028746097814291716,0.004838918335735798,0.509765625,0.482421875,-12457.28515625,0.0,-673715.4375,7.723498344421387,0.490234375,0.5,-1.2457285265554674e-06,-12457.28515625,0.494140625,0.5,-1.9595487174228765e-05,-1245.728515625,0.4921259880065918,0.990138053894043,0.9901768565177917,0.24497997760772705,6550.181640625,6550.4267578125,0.00091
1,decoder.layers.3.blocks.1.attention.self.continuous_position_bias_mlp.2,8.07396125793457,8.065265655517578,-0.0086949672549963,-0.00014528555038850754,-0.0004346882924437523,-0.0005916636437177658,0.0005904952995479107,0.3333333432674408,0.6666666865348816,0.0009395302040502429,0.0005644704215228558,-0.00564554613083601,0.007899666205048561,0.3333333432674408,0.6666666865348816,-0.007208310067653656,-0.005073913373053074,-0.019925709813833237,0.003374694148078561,0.6666666865348816,0.3333333432674408,-7.208309470152496e-13,-0.006268779747188091,0.6666666865348816,0.3333333432674408,0.0006902697496116161,-5.635122761304956e-06,1.0,0.6666666865348816,0.6666666865348816,0.24497997760772705,6550.181640625,6550.4267578125,0.00091
1,decoder.layers.3.blocks.1.attention.self.query,13.709765434265137,7.5137529373168945,-6.196013450622559,5.9728670748881996e-05,0.0006771641783416271,-0.0006771513726562262,0.0006771645275875926,0.5416666865348816,0.4583333432674408,0.0012963323388248682,0.0004830186953768134,-0.03231170400977135,0.03959218040108681,0.4739583432674408,0.5260416865348816,-30369.419921875,-45181.0625,-72140.4140625,0.7688600420951843,0.5416666865348816,0.4583333432674408,-3.0369419619091786e-06,-30369.41796875,0.5416666865348816,0.4583333432674408,0.00011154749518027529,-3036.94140625,0.515625,1.0,1.0,0.24497997760772705,6550.181640625,6550.4267578125,0.00091
1,decoder.layers.3.blocks.1.attention.self.key,13.80823802947998,7.519612789154053,-6.2886247634887695,6.55220792395994e-05,0.0006771641783416271,-0.0006771343178115785,0.0006771645275875926,0.546875,0.453125,0.0017664628103375435,-0.00029276235727593303,-0.01776650920510292,0.046348877251148224,0.5260416865348816,0.4739583432674408,-30865.25,-42741.5859375,-173293.203125,0.8588106632232666,0.546875,0.453125,-3.0865255666867597e-06,-30865.25,0.546875,0.453125,0.0002688191016204655,-3086.52490234375,0.5208333730697632,1.0,1.0,0.24497997760772705,6550.181640625,6550.4267578125,0.00091
1,decoder.layers.3.blocks.1.attention.self.value,13.547297477722168,7.36328125,-6.184016227722168,6.130253314040601e-05,0.0006771633052267134,-0.0006768818129785359,0.0006771645275875926,0.53125,0.46875,0.009248706512153149,-0.002768813632428646,-0.25376731157302856,0.4033057689666748,0.5052083730697632,0.4947916865348816,-33584.59765625,-51191.7109375,-99221.609375,1.0685845613479614,0.53125,0.46875,-3.3584599350433564e-06,-33584.58984375,0.53125,0.46875,0.00036544454633258283,-3358.45849609375,0.5260416865348816,1.0,1.0,0.24497997760772705,6550.181640625,6550.4267578125,0.00091
1,decoder.layers.3.blocks.1.attention.output.dense,14.3614501953125,7.247065544128418,-7.114385604858398,0.00015190911653917283,0.0006771638290956616,-0.0006771422340534627,0.0006771645275875926,0.6041666865348816,0.3958333432674408,0.010691000148653984,0.005557911470532417,-0.35589176416397095,0.4302566647529602,0.390625,0.609375,-47088.40234375,-54186.53125,-296606.625,2.0722463130950928,0.6041666865348816,0.3958333432674408,-4.708840606326703e-06,-47088.3984375,0.6041666865348816,0.3958333432674408,0.0012361039407551289,-4708.837890625,0.515625,1.0,1.0,0.24497997760772705,6550.181640625,6550.4267578125,0.00091
1,decoder.layers.3.blocks.1.intermediate.dense,11.273612022399902,5.828495979309082,-5.445116996765137,7.102847303031012e-05,0.000583206710871309,-0.0006771644111722708,0.0006771645857952535,0.5455729365348816,0.4544270932674408,0.002130689797922969,5.738154868595302e-06,-0.12853296101093292,0.1822538524866104,0.4947916865348816,0.5052083730697632,-129856.75,-45084.1796875,-547923.1875,14.465401649475098,0.5455729365348816,0.4544270932674408,-1.2985676221433096e-05,-129856.75,0.5455729365348816,0.4544270932674408,0.00033866462763398886,-12985.6748046875,0.4518229365348816,1.0,1.0,0.24497997760772705,6550.181640625,6550.4267578125,0.00091
1,decoder.layers.3.blocks.1.output.dense,13.786940574645996,6.901972770690918,-6.884967803955078,9.952606342267245e-05,0.0006771640037186444,-0.0006771490443497896,0.0006771645857952535,0.5677083730697632,0.4322916865348816,0.0014185974141582847,0.0028342255391180515,-0.7265180349349976,0.20969036221504211,0.453125,0.546875,-56993.88671875,-77537.3203125,-202190.75,1.7573916912078857,0.5677083730697632,0.4322916865348816,-5.699388566426933e-06,-56993.88671875,0.5677083730697632,0.4322916865348816,0.0016098369378596544,-5699.38671875,0.5104166865348816,1.0,1.0,0.24497997760772705,6550.181640625,6550.4267578125,0.00091
1,decoder.layers.3.blocks.2.attention.self.continuous_position_bias_mlp.0,8.52911376953125,8.020917892456055,-0.5081968307495117,4.711632936960086e-05,0.000551171600818634,-0.0006771628395654261,0.0006771645857952535,0.51953125,0.46484375,0.0001109796721721068,2.5287426979048178e-06,-0.004571971483528614,0.007244868669658899,0.44921875,0.525390625,-10405.341796875,-0.009075435809791088,-662402.875,10.809548377990723,0.51953125,0.46484375,-1.0405340162833454e-06,-10405.341796875,0.51953125,0.46484375,8.166965017153416e-06,-1040.533935546875,0.5030060410499573,0.9960318207740784,0.9960318207740784,0.24497997760772705,6550.181640625,6550.4267578125,0.00091
1,decoder.layers.3.blocks.2.attention.self.continuous_position_bias_mlp.2,7.933448314666748,7.9001898765563965,-0.03325828164815903,8.397006604354829e-05,7.11251050233841e-05,-0.0006359335966408253,0.0008167186751961708,0.6666666865348816,0.3333333432674408,-0.010462597012519836,0.0018606048543006182,-0.04704552888870239,0.013797134160995483,0.3333333432674408,0.6666666865348816,0.008260910399258137,0.0019109573913738132,-0.013394946232438087,0.036266718059778214,0.3333333432674408,0.6666666865348816,8.260910944017652e-13,-0.002201687078922987,0.3333333432674408,0.6666666865348816,-0.000727906241081655,-0.0008752841968089342,0.6666666865348816,0.0,0.6666666865348816,0.24497997760772705,6550.181640625,6550.4267578125,0.00091
1,decoder.layers.3.blocks.2.attention.self.query,13.409515380859375,7.516781806945801,-5.892733573913574,2.3557309759780765e-05,0.000677164294756949,-0.0006771163316443563,0.0006771645275875926,0.515625,0.484375,0.0010667415335774422,0.0006570280529558659,-0.016856977716088295,0.023853611201047897,0.46875,0.53125,-28996.921875,-42767.50390625,-76832.84375,0.7552950978279114,0.515625,0.484375,-2.8996923902013805e-06,-28996.92578125,0.515625,0.484375,-1.270766369998455e-05,-2899.6923828125,0.5572916865348816,1.0,1.0,0.24497997760772705,6550.181640625,6550.4267578125,0.00091
1,decoder.layers.3.blocks.2.attention.self.key,13.261127471923828,7.508835792541504,-5.752291679382324,9.608426807972137e-06,0.000677164236549288,-0.0006770596955902874,0.0006771645857952535,0.5052083730697632,0.4947916865348816,0.0008140818099491298,0.00035584246506914496,-0.017261099070310593,0.026668895035982132,0.4739583432674408,0.5260416865348816,-28466.396484375,-44605.00390625,-93803.9140625,0.8047937154769897,0.5052083730697632,0.4947916865348816,-2.846639745257562e-06,-28466.396484375,0.5052083730697632,0.4947916865348816,4.862388232140802e-05,-2846.6396484375,0.46875,1.0,1.0,0.24497997760772705,6550.181640625,6550.4267578125,0.00091
1,decoder.layers.3.blocks.2.attention.self.value,13.455290794372559,7.318053245544434,-6.137237548828125,4.525392432697117e-05,0.000677163596265018,-0.0006760807009413838,0.0006771645275875926,0.5260416865348816,0.4739583432674408,0.004481998737901449,0.0021031778305768967,-0.16246406733989716,0.21680542826652527,0.4739583432674408,0.5260416865348816,-35694.99609375,-57829.98828125,-113677.21875,0.9896519184112549,0.5260416865348816,0.4739583432674408,-3.5694999951374484e-06,-35694.9921875,0.5260416865348816,0.4739583432674408,0.00045432019396685064,-3569.4990234375,0.4895833432674408,1.0,1.0,0.24497997760772705,6550.181640625,6550.4267578125,0.00091
1,decoder.layers.3.blocks.2.attention.output.dense,13.234332084655762,7.236556053161621,-5.997776031494141,2.9532839107559994e-05,0.0006771634216420352,-0.0006770961335860193,0.0006771645275875926,0.515625,0.484375,0.008080212399363518,0.002235266612842679,-0.10844819247722626,0.3631441593170166,0.4114583432674408,0.5885416865348816,-41796.234375,-37834.65234375,-276584.25,1.8900566101074219,0.515625,0.484375,-4.1796238292590715e-06,-41796.23046875,0.515625,0.484375,7.967148849274963e-05,-4179.623046875,0.53125,1.0,1.0,0.24497997760772705,6550.181640625,6550.4267578125,0.00091
1,decoder.layers.3.blocks.2.intermediate.dense,10.438750267028809,7.289918422698975,-3.148831844329834,3.268613727414049e-05,0.00010739124991232529,-0.0006770346662960947,0.0006771645275875926,0.5182291865348816,0.4817708432674408,0.0005104793235659599,1.3250373740447685e-05,-0.04467340186238289,0.16756115853786469,0.4869791865348816,0.5130208730697632,-92123.6171875,-34739.19921875,-440172.4375,97.3466796875,0.5182291865348816,0.4817708432674408,-9.212360964738764e-06,-92123.6171875,0.5182291865348816,0.4817708432674408,7.050613930914551e-05,-9212.3623046875,0.5052083730697632,1.0,1.0,0.24497997760772705,6550.181640625,6550.4267578125,0.00091
1,decoder.layers.3.blocks.2.output.dense,12.868169784545898,6.980171203613281,-5.887997627258301,4.121543952351203e-06,-0.0006320855463854969,-0.0006770951440557837,0.0006771645275875926,0.5,0.5,0.004766176454722881,0.001740671694278717,-0.07032807171344757,0.10905463993549347,0.4166666865348816,0.5833333730697632,-48105.3828125,-36203.98046875,-218545.28125,1.732059359550476,0.5,0.5,-4.810538484889548e-06,-48105.375,0.5,0.5,0.00017225343617610633,-4810.53759765625,0.4791666865348816,1.0,1.0,0.24497997760772705,6550.181640625,6550.4267578125,0.00091
1,decoder.layers.3.blocks.3.attention.self.continuous_position_bias_mlp.0,9.328388214111328,7.823526859283447,-1.50486159324646,2.6837611585506238e-05,0.00041424110531806946,-0.0006771644111722708,0.0006771645275875926,0.509765625,0.48046875,-4.502890442381613e-05,-3.0407588269554253e-07,-0.005167041905224323,0.0055465539917349815,0.515625,0.46484375,-22157.890625,-0.00575524615123868,-658441.0,3.8865790367126465,0.509765625,0.478515625,-2.2157892090035602e-06,-22157.890625,0.51171875,0.478515625,4.945446562487632e-06,-2215.7890625,0.48605579137802124,0.9980237483978271,0.9980276226997375,0.24497997760772705,6550.181640625,6550.4267578125,0.00091
1,decoder.layers.3.blocks.3.attention.self.continuous_position_bias_mlp.2,8.127252578735352,8.100296974182129,-0.02695576474070549,-2.6025189072242938e-05,0.00021613063290715218,-0.0005742935463786125,0.00028008734807372093,0.6666666865348816,0.3333333432674408,-0.015197763219475746,-0.014244044199585915,-0.03369320556521416,0.002343962201848626,0.6666666865348816,0.3333333432674408,-0.017167381942272186,-0.02080087922513485,-0.034580349922180176,0.003879087744280696,0.6666666865348816,0.3333333432674408,-1.716738079818314e-12,-0.03236514329910278,0.6666666865348816,0.3333333432674408,0.002083761151880026,-0.0013611295726150274,1.0,1.0,1.0,0.24497997760772705,6550.181640625,6550.4267578125,0.00091
1,decoder.layers.3.blocks.3.attention.self.query,13.080660820007324,7.536986827850342,-5.543673515319824,-1.2369661817501765e-05,-0.0006679322686977684,-0.0006771424668841064,0.0006771645275875926,0.4895833432674408,0.5104166865348816,-0.00037846254417672753,-0.0003586776729207486,-0.011804462410509586,0.016147807240486145,0.53125,0.46875,-26978.453125,0.44194233417510986,-73127.40625,0.851406991481781,0.4895833432674408,0.5104166865348816,-2.6978450478054583e-06,-26978.453125,0.4895833432674408,0.5104166865348816,-2.498202547940309e-06,-2697.84521484375,0.53125,1.0,1.0,0.24497997760772705,6550.181640625,6550.4267578125,0.00091
1,decoder.layers.3.blocks.3.attention.self.key,14.389753341674805,7.53476095199585,-6.8549933433532715,0.00012145144864916801,0.0006771643529646099,-0.0006771365297026932,0.0006771645275875926,0.5885416865348816,0.4114583432674408,-0.00022181837994139642,-0.0002109943889081478,-0.016913333907723427,0.010683663189411163,0.515625,0.484375,-32863.9140625,-50634.06640625,-84645.7421875,0.9639633893966675,0.5885416865348816,0.4114583432674408,-3.286391347501194e-06,-32863.9140625,0.5885416865348816,0.4114583432674408,8.010632882360369e-05,-3286.391357421875,0.5416666865348816,1.0,1.0,0.24497997760772705,6550.181640625,6550.4267578125,0.00091
1,decoder.layers.3.blocks.3.attention.self.value,13.728225708007812,7.293845176696777,-6.434381484985352,7.878457836341113e-05,0.0006771634798496962,-0.0006759497919119895,0.0006771645275875926,0.546875,0.453125,0.008650200441479683,0.0030289371497929096,-0.5464715361595154,0.6808816194534302,0.4895833432674408,0.5104166865348816,-37348.73828125,-60417.83203125,-95854.4296875,0.9080779552459717,0.546875,0.453125,-3.7348736441344954e-06,-37348.73046875,0.546875,0.453125,0.0007347423816099763,-3734.87255859375,0.5260416865348816,1.0,1.0,0.24497997760772705,6550.181640625,6550.4267578125,0.00091
1,decoder.layers.3.blocks.3.attention.output.dense,13.620409965515137,7.1837477684021,-6.436662197113037,9.19882659218274e-05,0.0006771634798496962,-0.0006770511390641332,0.0006771645275875926,0.5572916865348816,0.4427083432674408,0.0002646388893481344,0.001962013076990843,-0.5436946749687195,0.28904658555984497,0.4427083432674408,0.5572916865348816,-44595.8828125,-54919.390625,-312598.21875,1.8789479732513428,0.5572916865348816,0.4427083432674408,-4.459588126337621e-06,-44595.8828125,0.5572916865348816,0.4427083432674408,0.0006508122896775603,-4459.58740234375,0.5104166865348816,1.0,1.0,0.24497997760772705,6550.181640625,6550.4267578125,0.00091
1,decoder.layers.3.blocks.3.intermediate.dense,11.162965774536133,7.121459007263184,-4.041507244110107,3.3182579500135034e-05,0.0001950344449141994,-0.0006771639455109835,0.0006771645275875926,0.5299479365348816,0.4700520932674408,0.000839950458612293,1.7153150110971183e-05,-0.09702320396900177,0.07508806884288788,0.4908854365348816,0.5091146230697632,-99276.84375,-40102.39453125,-475832.59375,41.10595703125,0.5299479365348816,0.4700520932674408,-9.927684004651383e-06,-99276.8359375,0.5299479365348816,0.4700520932674408,0.000146661521284841,-9927.6845703125,0.5078125,1.0,1.0,0.24497997760772705,6550.181640625,6550.4267578125,0.00091
1,decoder.layers.3.blocks.3.output.dense,12.839101791381836,6.951740264892578,-5.8873610496521,-7.543785613961518e-07,-0.0006302406545728445,-0.0006770072504878044,0.0006771645275875926,0.4947916865348816,0.5052083730697632,0.00862866174429655,6.70173903927207e-05,-0.09944333881139755,0.3071344196796417,0.4895833432674408,0.5104166865348816,-51969.01171875,0.5173224210739136,-236261.375,1.6671159267425537,0.4947916865348816,0.5052083730697632,-5.196901383897057e-06,-51969.0,0.4947916865348816,0.5052083730697632,0.00032389257103204727,-5196.89990234375,0.5364583730697632,1.0,1.0,0.24497997760772705,6550.181640625,6550.4267578125,0.00091
1,decoder.layers.3.blocks.4.attention.self.continuous_position_bias_mlp.0,8.705530166625977,8.138099670410156,-0.5674303770065308,-6.279924491536804e-07,-8.407883433392271e-05,-0.0006771644111722708,0.0006771645275875926,0.47265625,0.5234375,-4.145760976825841e-05,0.0,-0.008239309303462505,0.004012744873762131,0.494140625,0.49609375,-22468.197265625,0.008459468372166157,-681284.5,12.662068367004395,0.47265625,0.51953125,-2.246819803986e-06,-22468.197265625,0.47265625,0.5234375,-5.324934591044439e-07,-2246.81982421875,0.4970414340496063,1.0,1.0,0.24497997760772705,6550.181640625,6550.4267578125,0.00091
1,decoder.layers.3.blocks.4.attention.self.continuous_position_bias_mlp.2,8.251765251159668,8.19527816772461,-0.05648612976074219,4.851135236094706e-05,-0.00010120775550603867,-0.00022897496819496155,0.0004757167771458626,0.3333333432674408,0.6666666865348816,0.012514753267168999,0.009713063016533852,0.0033520464785397053,0.024479150772094727,0.0,1.0,-0.03885074704885483,-0.025568492710590363,-0.0849452093243599,-0.006038541905581951,1.0,0.0,-3.885074553733325e-12,-0.026335997506976128,1.0,0.0,0.0009677304769866168,-0.0017626425251364708,0.6666666865348816,0.3333333432674408,0.3333333432674408,0.24497997760772705,6550.181640625,6550.4267578125,0.00091
1,decoder.layers.3.blocks.4.attention.self.query,13.914405822753906,7.464808940887451,-6.4495978355407715,7.95275263953954e-05,0.0006771643529646099,-0.000677156844176352,0.0006771645275875926,0.5572916865348816,0.4427083432674408,5.769233212049585e-06,-8.18746630102396e-05,-0.013653691858053207,0.011890226043760777,0.5104166865348816,0.4895833432674408,-32982.27734375,-48583.421875,-95096.9375,0.9387892484664917,0.5572916865348816,0.4427083432674408,-3.298227511550067e-06,-32982.27734375,0.5572916865348816,0.4427083432674408,5.199472070671618e-05,-3298.2275390625,0.453125,1.0,1.0,0.24497997760772705,6550.181640625,6550.4267578125,0.00091
1,decoder.layers.3.blocks.4.attention.self.key,13.587165832519531,7.458443641662598,-6.128722190856934,4.4449505367083475e-05,0.000677164294756949,-0.0006771539920009673,0.0006771645275875926,0.53125,0.46875,0.0003707629512064159,0.0004307202179916203,-0.013076625764369965,0.02570558711886406,0.4583333432674408,0.5416666865348816,-31889.7734375,-49986.80078125,-115646.7890625,0.8842736482620239,0.53125,0.46875,-3.1889771889836993e-06,-31889.771484375,0.53125,0.46875,6.267659773584455e-05,-3188.977294921875,0.5,1.0,1.0,0.24497997760772705,6550.181640625,6550.4267578125,0.00091
1,decoder.layers.3.blocks.4.attention.self.value,13.72184944152832,7.286074638366699,-6.435774803161621,7.574338087579235e-05,0.0006771637126803398,-0.0006770992767997086,0.0006771645275875926,0.546875,0.453125,0.004663222003728151,0.005208099260926247,-0.30261731147766113,0.30844634771347046,0.4635416865348816,0.5364583730697632,-38160.35546875,-57703.5859375,-118951.28125,1.045044183731079,0.546875,0.453125,-3.81603604182601e-06,-38160.3515625,0.546875,0.453125,0.0005717372987419367,-3816.034912109375,0.5520833730697632,1.0,1.0,0.24497997760772705,6550.181640625,6550.4267578125,0.00091
1,decoder.layers.3.blocks.4.attention.output.dense,13.076757431030273,7.2647223472595215,-5.812036037445068,1.1390441613912117e-05,-0.0003436643164604902,-0.0006771273910999298,0.0006771645275875926,0.5,0.5,0.016795217990875244,0.00479018222540617,-0.4306313395500183,2.3531007766723633,0.3958333432674408,0.6041666865348816,-37483.6640625,-34967.74609375,-249686.78125,1.8358808755874634,0.5,0.5,-3.748366680156323e-06,-37483.6484375,0.5,0.5,0.0002898405946325511,-3748.36474609375,0.53125,1.0,1.0,0.24497997760772705,6550.181640625,6550.4267578125,0.00091
1,decoder.layers.3.blocks.4.intermediate.dense,13.240473747253418,7.111964225769043,-6.128510475158691,4.002065907116048e-05,0.0006771640619263053,-0.0006771602784283459,0.0006771645857952535,0.52734375,0.47265625,0.001105935894884169,0.00025580727378837764,-0.13956566154956818,0.09809422492980957,0.4817708432674408,0.5182291865348816,-45295.1171875,-38158.55078125,-568383.625,5.133668422698975,0.52734375,0.47265625,-4.529510988504626e-06,-45295.1171875,0.52734375,0.47265625,0.00011016882490366697,-4529.51123046875,0.5221354365348816,1.0,1.0,0.24497997760772705,6550.181640625,6550.4267578125,0.00091
1,decoder.layers.3.blocks.4.output.dense,12.943288803100586,7.067452907562256,-5.875835418701172,7.216595804493409e-06,-0.0005857062060385942,-0.0006770544569008052,0.0006771645275875926,0.5,0.5,0.009389601647853851,0.0020755534060299397,-0.4101877808570862,0.4496941864490509,0.4427083432674408,0.5572916865348816,-47297.04296875,-35102.19921875,-258856.359375,1.672334909439087,0.5,0.5,-4.729704869532725e-06,-47297.0390625,0.5,0.5,-7.871124398661777e-05,-4729.7041015625,0.5989583730697632,1.0,1.0,0.24497997760772705,6550.181640625,6550.4267578125,0.00091
1,decoder.layers.3.blocks.5.attention.self.continuous_position_bias_mlp.0,9.501495361328125,7.953685283660889,-1.5478105545043945,8.926520240493119e-05,0.000609295442700386,-0.0006771127227693796,0.0006771645857952535,0.55859375,0.431640625,0.0001427010865882039,6.0660167946480215e-05,-0.009155974723398685,0.0060770390555262566,0.4140625,0.556640625,-19895.01171875,-0.014417776837944984,-652614.6875,9.699119567871094,0.548828125,0.435546875,-1.9895012428605696e-06,-19895.01171875,0.5546875,0.435546875,1.6216348740272224e-05,-1989.501220703125,0.5130784511566162,0.9960318207740784,0.9960552453994751,0.24497997760772705,6550.181640625,6550.4267578125,0.00091
1,decoder.layers.3.blocks.5.attention.self.continuous_position_bias_mlp.2,7.76641845703125,7.85788631439209,0.0914672240614891,-0.0003243164101149887,-0.0005936308298259974,-0.0006080307066440582,0.00022871233522891998,0.3333333432674408,0.6666666865348816,-0.0018100490560755134,0.008681274950504303,-0.026137640699744225,0.012026218697428703,0.3333333432674408,0.6666666865348816,0.02743152342736721,0.015291682444512844,0.004649415612220764,0.0623534694314003,0.0,1.0,2.7431524933507756e-12,0.025621473789215088,0.0,1.0,-0.0017536776140332222,0.0009838375262916088,0.3333333432674408,0.6666666865348816,0.6666666865348816,0.24497997760772705,6550.181640625,6550.4267578125,0.00091
1,decoder.layers.3.blocks.5.attention.self.query,13.329379081726074,7.5160346031188965,-5.813344955444336,1.776751014403999e-05,0.000677164236549288,-0.000677074131090194,0.0006771645275875926,0.5104166865348816,0.4895833432674408,-0.0006448153872042894,-0.0008747330284677446,-0.06966175138950348,0.04430145025253296,0.546875,0.453125,-28690.4921875,-41003.484375,-92779.71875,0.9509491920471191,0.5104166865348816,0.4895833432674408,-2.869049694709247e-06,-28690.49609375,0.5104166865348816,0.4895833432674408,-0.00010652714263414964,-2869.049560546875,0.5364583730697632,1.0,1.0,0.24497997760772705,6550.181640625,6550.4267578125,0.00091
1,decoder.layers.3.blocks.5.attention.self.key,13.470858573913574,7.48532772064209,-5.985530376434326,3.177289545419626e-05,0.000677164236549288,-0.0006770227919332683,0.0006771645275875926,0.5208333730697632,0.4791666865348816,-0.00026624047313816845,0.0001504270185250789,-0.05450311303138733,0.030494324862957,0.484375,0.515625,-30583.380859375,-43359.4921875,-98492.734375,1.0113649368286133,0.5208333730697632,0.4791666865348816,-3.0583382795157377e-06,-30583.380859375,0.5208333730697632,0.4791666865348816,-2.4692501028766856e-05,-3058.337890625,0.5364583730697632,1.0,1.0,0.24497997760772705,6550.181640625,6550.4267578125,0.00091
1,decoder.layers.3.blocks.5.attention.self.value,13.390790939331055,7.329048156738281,-6.061742305755615,4.7340698074549437e-05,0.0006771629559807479,-0.0006768965977244079,0.0006771645275875926,0.5208333730697632,0.4791666865348816,0.012159900739789009,0.009107319638133049,-0.3239518702030182,0.414736807346344,0.4375,0.5625,-33985.94921875,-53438.35546875,-90365.515625,0.9728677272796631,0.5208333730697632,0.4791666865348816,-3.398595026737894e-06,-33985.9375,0.5208333730697632,0.4791666865348816,0.00033848086604848504,-3398.593505859375,0.5104166865348816,1.0,1.0,0.24497997760772705,6550.181640625,6550.4267578125,0.00091
1,decoder.layers.3.blocks.5.attention.output.dense,13.26727294921875,7.248275279998779,-6.018998622894287,3.739090607268736e-05,0.0006771636544726789,-0.0006771449116058648,0.0006771645275875926,0.515625,0.484375,0.010747360065579414,0.0012887794291600585,-0.31005242466926575,0.7911903858184814,0.4791666865348816,0.5208333730697632,-39126.7890625,-41978.86328125,-294708.875,1.6825898885726929,0.515625,0.484375,-3.912678948836401e-06,-39126.77734375,0.515625,0.484375,-0.0007017396856099367,-3912.678466796875,0.5364583730697632,1.0,1.0,0.24497997760772705,6550.181640625,6550.4267578125,0.00091
1,decoder.layers.3.blocks.5.intermediate.dense,14.217283248901367,7.369762420654297,-6.847520351409912,0.00011838631326099858,0.0006771640037186444,-0.0006771506159566343,0.0006771645275875926,0.5833333730697632,0.4166666865348816,0.011246636509895325,0.004440944641828537,-0.4501352310180664,0.6607162356376648,0.4557291865348816,0.5442708730697632,-38830.1484375,-45255.91015625,-122212.3828125,1.2196391820907593,0.5833333730697632,0.4166666865348816,-3.883014869643375e-06,-38830.13671875,0.5833333730697632,0.4166666865348816,0.000678025302477181,-3883.01318359375,0.5442708730697632,1.0,1.0,0.24497997760772705,6550.181640625,6550.4267578125,0.00091
1,decoder.layers.3.blocks.5.output.dense,14.886800765991211,7.176917552947998,-7.7098822593688965,0.00018802777049131691,0.0006771640037186444,-0.00067712995223701,0.0006771645275875926,0.6354166865348816,0.3645833432674408,0.01694617234170437,0.00014348560944199562,-0.7068661451339722,1.5349212884902954,0.4947916865348816,0.5052083730697632,-50997.41796875,-61948.10546875,-182230.25,1.3718849420547485,0.6354166865348816,0.3645833432674408,-5.0997418838960584e-06,-50997.40625,0.6354166865348816,0.3645833432674408,0.00266236811876297,-5099.73828125,0.4947916865348816,1.0,1.0,0.24497997760772705,6550.181640625,6550.4267578125,0.00091
1,decoder.layers.3.blocks.6.attention.self.continuous_position_bias_mlp.0,9.085315704345703,7.768869400024414,-1.316446304321289,5.461475666379556e-06,-4.77035173389595e-05,-0.0006771645275875926,0.0006771645857952535,0.494140625,0.501953125,-0.00014983295113779604,1.1876996275361762e-08,-0.018479889258742332,0.008245679549872875,0.478515625,0.505859375,-29125.068359375,0.0,-689753.1875,96.75715637207031,0.494140625,0.49609375,-2.91250671580201e-06,-29125.068359375,0.49609375,0.5,-8.94671757123433e-06,-2912.5068359375,0.4960317611694336,0.9980276226997375,0.9980392456054688,0.24497997760772705,6550.181640625,6550.4267578125,0.00091
1,decoder.layers.3.blocks.6.attention.self.continuous_position_bias_mlp.2,8.142047882080078,7.8476176261901855,-0.29443058371543884,0.00024506376939825714,0.00038668885827064514,-0.00024396809749305248,0.0005924705183133483,0.6666666865348816,0.3333333432674408,0.011205902323126793,-0.01230880431830883,-0.07020760327577591,0.11613411456346512,0.6666666865348816,0.3333333432674408,-0.33186396956443787,0.018041271716356277,-1.1608610153198242,0.1472279131412506,0.3333333432674408,0.6666666865348816,-3.318639807403656e-11,-0.3206580877304077,0.3333333432674408,0.6666666865348816,0.002287760842591524,-0.03000682219862938,0.3333333432674408,0.6666666865348816,0.6666666865348816,0.24497997760772705,6550.181640625,6550.4267578125,0.00091
1,decoder.layers.3.blocks.6.attention.self.query,14.192347526550293,7.039942741394043,-7.152403831481934,0.0001278996205655858,0.0006771612679585814,-0.0006770804175175726,0.0006771645275875926,0.5885416865348816,0.4114583432674408,0.07962541282176971,0.0012619406916201115,-4.528326511383057,6.520438194274902,0.4322916865348816,0.5677083730697632,-54949.54296875,-52503.9375,-131191.015625,1.274010181427002,0.5885416865348816,0.4114583432674408,-5.4949541663518175e-06,-54949.46875,0.5885416865348816,0.4114583432674408,0.014635670930147171,-5494.93359375,0.5625,1.0,1.0,0.24497997760772705,6550.181640625,6550.4267578125,0.00091
1,decoder.layers.3.blocks.6.attention.self.key,13.99763011932373,7.342528820037842,-6.6551008224487305,0.00010858957830350846,0.000677164294756949,-0.0006771220942027867,0.0006771645275875926,0.578125,0.421875,0.007119895424693823,0.0008192881941795349,-0.32735514640808105,1.122182846069336,0.4583333432674408,0.5416666865348816,-40201.78125,-46147.1328125,-205060.984375,1.443514347076416,0.578125,0.421875,-4.020178494101856e-06,-40201.77734375,0.578125,0.421875,0.00016300623246934265,-4020.177490234375,0.515625,1.0,1.0,0.24497997760772705,6550.181640625,6550.4267578125,0.00091
1,decoder.layers.3.blocks.6.attention.self.value,14.25805950164795,7.084347724914551,-7.173711776733398,0.00015350864850915968,0.0006771629559807479,-0.0006752309272997081,0.0006771644693799317,0.59375,0.40625,0.033983081579208374,0.01085861399769783,-0.669986367225647,1.376383662223816,0.4427083432674408,0.5572916865348816,-50635.74609375,-51635.2421875,-158875.3125,1.4634160995483398,0.59375,0.40625,-5.063574917585356e-06,-50635.71484375,0.59375,0.40625,0.0026267077773809433,-5063.5693359375,0.5260416865348816,1.0,1.0,0.24497997760772705,6550.181640625,6550.4267578125,0.00091
1,decoder.layers.3.blocks.6.attention.output.dense,12.850810050964355,7.141519069671631,-5.709290981292725,3.158729668939486e-06,-0.00046427722554653883,-0.0006768569583073258,0.0008920993423089385,0.4947916865348816,0.5052083730697632,0.0064385151490569115,-0.0016716294921934605,-1.630065679550171,1.3836225271224976,0.5416666865348816,0.4583333432674408,-40444.17578125,0.4118579030036926,-151666.0625,1.4382370710372925,0.4895833432674408,0.5104166865348816,-4.044417437398806e-06,-40444.16796875,0.4947916865348816,0.5052083730697632,0.0007926666876301169,-4044.416015625,0.4739583432674408,0.9947916865348816,1.0,0.24497997760772705,6550.181640625,6550.4267578125,0.00091
1,decoder.layers.3.blocks.6.intermediate.dense,13.774592399597168,7.591960430145264,-6.1826324462890625,9.256473276764154e-05,0.0006771641201339662,-0.000677152187563479,0.0006771645275875926,0.56640625,0.43359375,0.0008943288121372461,0.0009064772166311741,-0.07434792071580887,0.08532949537038803,0.4557291865348816,0.5442708730697632,-28766.404296875,-36321.34765625,-82661.6484375,0.837578296661377,0.56640625,0.43359375,-2.876640337490244e-06,-28766.40234375,0.56640625,0.43359375,0.00023442209931090474,-2876.64013671875,0.55859375,1.0,1.0,0.24497997760772705,6550.181640625,6550.4267578125,0.00091
1,decoder.layers.3.blocks.6.output.dense,14.050430297851562,7.060380935668945,-6.990050792694092,0.00011558533878996968,0.0006771641201339662,-0.0006771018379367888,0.0006771645275875926,0.5833333730697632,0.4166666865348816,0.0061943419277668,-0.00046008615754544735,-0.22313785552978516,0.2924594581127167,0.515625,0.484375,-51611.4140625,-67897.421875,-204072.859375,1.5736613273620605,0.5833333730697632,0.4166666865348816,-5.161141871212749e-06,-51611.40625,0.5833333730697632,0.4166666865348816,0.0008225863566622138,-5161.14013671875,0.515625,1.0,1.0,0.24497997760772705,6550.181640625,6550.4267578125,0.00091
1,decoder.layers.3.blocks.7.attention.self.continuous_position_bias_mlp.0,8.803590774536133,7.953941345214844,-0.8496495485305786,1.6012932064768393e-06,0.0,-0.0006771645275875926,0.0006771645275875926,0.486328125,0.49609375,0.00025070738047361374,0.00010780690354295075,-0.007499154657125473,0.030252911150455475,0.423828125,0.544921875,-11900.3291015625,0.0,-675464.5625,5.333600044250488,0.484375,0.490234375,-1.1900328900082968e-06,-11900.328125,0.490234375,0.4921875,7.081455805746373e-06,-1190.0328369140625,0.5100806355476379,0.9959920048713684,0.9960238337516785,0.24497997760772705,6550.181640625,6550.4267578125,0.00091
1,decoder.layers.3.blocks.7.attention.self.continuous_position_bias_mlp.2,8.360243797302246,8.15489387512207,-0.20534977316856384,0.000166424666531384,0.0003554167924448848,-0.00044625019654631615,0.0005901074036955833,0.6666666865348816,0.3333333432674408,-0.014842922799289227,-0.0049682557582855225,-0.035329319536685944,-0.004231193568557501,1.0,0.0,-0.15529851615428925,-0.1599740833044052,-0.3251800239086151,0.01925855316221714,0.6666666865348816,0.3333333432674408,-1.552985171016097e-11,-0.17014144361019135,0.6666666865348816,0.3333333432674408,0.005848109722137451,-0.011750845238566399,0.6666666865348816,1.0,1.0,0.24497997760772705,6550.181640625,6550.4267578125,0.00091
1,decoder.layers.3.blocks.7.attention.self.query,13.110723495483398,7.455879211425781,-5.654844284057617,-3.577282313926844e-06,-0.0006198640912771225,-0.0006771471817046404,0.0006771645857952535,0.4947916865348816,0.5052083730697632,0.001670768833719194,0.0008009336888790131,-0.07901188731193542,0.1024591475725174,0.4270833432674408,0.5729166865348816,-30271.19140625,0.3513234555721283,-109748.28125,1.0313118696212769,0.4947916865348816,0.5052083730697632,-3.0271191917563556e-06,-30271.1875,0.4947916865348816,0.5052083730697632,6.35355245321989e-05,-3027.11865234375,0.515625,1.0,1.0,0.24497997760772705,6550.181640625,6550.4267578125,0.00091
1,decoder.layers.3.blocks.7.attention.self.key,12.580482482910156,7.418242454528809,-5.162240982055664,-5.139983113622293e-05,-0.0006554469582624733,-0.0006771220359951258,0.0006771645857952535,0.4583333432674408,0.5416666865348816,0.000459028611658141,-0.0002263179048895836,-0.07086106389760971,0.09288232773542404,0.5,0.5,-28355.54296875,0.5542449355125427,-142784.65625,1.1272833347320557,0.4583333432674408,0.5416666865348816,-2.8355541417113272e-06,-28355.54296875,0.4583333432674408,0.5416666865348816,-0.0003144154907204211,-2835.5546875,0.4895833432674408,1.0,1.0,0.24497997760772705,6550.181640625,6550.4267578125,0.00091
1,decoder.layers.3.blocks.7.attention.self.value,13.136798858642578,7.5517706871032715,-5.58502721786499,2.0875098925898783e-05,-0.0001644433941692114,-0.0006770061445422471,0.0006771645275875926,0.5,0.5,0.014708160422742367,0.004974199924618006,-0.6836637854576111,0.48799121379852295,0.421875,0.578125,-25946.296875,-89.82473754882812,-98530.3046875,0.9705662131309509,0.5,0.5,-2.594629677332705e-06,-25946.28125,0.5,0.5,0.0008682196494191885,-2594.62744140625,0.5572916865348816,1.0,1.0,0.24497997760772705,6550.181640625,6550.4267578125,0.00091
1,decoder.layers.3.blocks.7.attention.output.dense,13.85608196258545,7.075032711029053,-6.781047821044922,0.00010779880540212616,0.0006771640619263053,-0.0006768596358597279,0.0006771645275875926,0.5729166865348816,0.4270833432674408,0.04363495111465454,0.0005438658408820629,-0.13683827221393585,1.9123995304107666,0.484375,0.515625,-54023.4921875,-46772.16015625,-237660.25,1.734439492225647,0.5729166865348816,0.4270833432674408,-5.402348961069947e-06,-54023.44921875,0.5729166865348816,0.4270833432674408,1.4035342246643268e-05,-5402.3447265625,0.515625,1.0,1.0,0.24497997760772705,6550.181640625,6550.4267578125,0.00091
1,decoder.layers.3.blocks.7.intermediate.dense,14.215499877929688,7.5285773277282715,-6.6869215965271,0.00012379713007248938,0.0006771641783416271,-0.0006771493353880942,0.0006771645275875926,0.5885416865348816,0.4114583432674408,0.0036946716718375683,0.002111113164573908,-0.3989483118057251,0.3296958804130554,0.4375,0.5625,-32842.98828125,-42722.44140625,-107924.4609375,0.9795351624488831,0.5885416865348816,0.4114583432674408,-3.28429882756609e-06,-32842.984375,0.5885416865348816,0.4114583432674408,0.0005417114589363337,-3284.297607421875,0.578125,1.0,1.0,0.24497997760772705,6550.181640625,6550.4267578125,0.00091
1,decoder.layers.3.blocks.7.output.dense,14.095629692077637,6.964366436004639,-7.131263256072998,0.00012187251559225842,0.0006771635380573571,-0.0006771145854145288,0.0006771645857952535,0.5885416865348816,0.4114583432674408,0.005197943653911352,0.00041392608545720577,-0.598906397819519,0.6871176958084106,0.4583333432674408,0.5416666865348816,-59906.41796875,-57534.9609375,-244900.15625,1.7696316242218018,0.5885416865348816,0.4114583432674408,-5.990641511743888e-06,-59906.41796875,0.5885416865348816,0.4114583432674408,0.006448547821491957,-5990.6357421875,0.5260416865348816,1.0,1.0,0.24497997760772705,6550.181640625,6550.4267578125,0.00091
1,residual_blocks.0.0.pwconv1,12.762999534606934,7.929806709289551,-4.833192825317383,1.58796610776335e-05,0.0006755610811524093,-0.0006771252956241369,0.0006771645275875926,0.5078125,0.4921875,0.0007844149949960411,0.00016909651458263397,-0.04930757358670235,0.0646103024482727,0.4921875,0.5078125,-15170.037109375,-4.099177837371826,-44333.8046875,0.5293735265731812,0.5078125,0.4921875,-1.5170037386269541e-06,-15170.03515625,0.5078125,0.4921875,4.862740388489328e-05,-1517.003662109375,0.5286458730697632,1.0,1.0,0.24497997760772705,6550.181640625,6550.4267578125,0.00091
1,residual_blocks.0.0.pwconv2,14.22161865234375,7.103490352630615,-7.118129730224609,0.00017398559430148453,0.0006771640037186444,-0.0006771643529646099,0.0006771645857952535,0.625,0.375,0.0007013854337856174,-3.3116862141469028e-06,-0.10989050567150116,0.147261381149292,0.515625,0.484375,-74403.375,-37236.2421875,-669672.625,3.685922622680664,0.625,0.375,-7.440338777087163e-06,-74403.375,0.625,0.375,0.0006305857677944005,-7440.33740234375,0.5260416865348816,1.0,1.0,0.24497997760772705,6550.181640625,6550.4267578125,0.00091
1,residual_blocks.0.1.pwconv1,12.639997482299805,7.92349910736084,-4.716497421264648,3.1930190743878484e-05,0.0006763793062418699,-0.0006771400803700089,0.0006771645275875926,0.51953125,0.48046875,0.0005055101355537772,0.0002426559804007411,-0.0520683154463768,0.06912299990653992,0.4895833432674408,0.5104166865348816,-15124.568359375,-4.885245323181152,-49100.24609375,0.524402379989624,0.51953125,0.48046875,-1.5124567198654404e-06,-15124.56640625,0.51953125,0.48046875,2.1540759917115793e-05,-1512.456787109375,0.50390625,1.0,1.0,0.24497997760772705,6550.181640625,6550.4267578125,0.00091
1,residual_blocks.0.1.pwconv2,13.525758743286133,7.193871974945068,-6.331886291503906,8.328082913067192e-05,0.0006771640619263053,-0.0006771644111722708,0.0006771645275875926,0.5572916865348816,0.4427083432674408,0.00031146639958024025,3.586183811421506e-05,-0.15693333745002747,0.07530748844146729,0.4375,0.5625,-65914.3046875,-34725.30859375,-658286.3125,3.646287679672241,0.5572916865348816,0.4427083432674408,-6.5914300648728386e-06,-65914.3046875,0.5572916865348816,0.4427083432674408,0.0003079215530306101,-6591.4306640625,0.5260416865348816,1.0,1.0,0.24497997760772705,6550.181640625,6550.4267578125,0.00091
1,residual_blocks.1.0.pwconv1,13.426887512207031,7.699831962585449,-5.72705602645874,2.62369831034448e-05,0.0006771637708880007,-0.0006771443877369165,0.0006771645857952535,0.513671875,0.486328125,0.0006894199177622795,0.00042987149208784103,-0.07134461402893066,0.07352568209171295,0.478515625,0.521484375,-23282.69921875,-36933.9921875,-55191.640625,0.6115648150444031,0.513671875,0.486328125,-2.32826982937695e-06,-23282.69921875,0.513671875,0.486328125,5.294713446346577e-06,-2328.27001953125,0.5260416865348816,1.0,1.0,0.24497997760772705,6550.181640625,6550.4267578125,0.00091
1,residual_blocks.1.0.pwconv2,13.483688354492188,7.468907833099365,-6.0147809982299805,4.2791460145963356e-05,0.000677163596265018,-0.0006771643529646099,0.0006771645275875926,0.5234375,0.4765625,0.0032337382435798645,9.110997780226171e-05,-0.1407412886619568,0.10494883358478546,0.4453125,0.5546875,-52119.0234375,-35235.50390625,-691006.5,3.015434980392456,0.5234375,0.4765625,-5.211902134760749e-06,-52119.01171875,0.5234375,0.4765625,0.0001021513162413612,-5211.90185546875,0.5208333730697632,1.0,1.0,0.24497997760772705,6550.181640625,6550.4267578125,0.00091
1,residual_blocks.1.1.pwconv1,13.42481517791748,7.707137107849121,-5.717677593231201,2.3314085410675034e-05,0.0006771637708880007,-0.0006771255866624415,0.0006771645857952535,0.51171875,0.48828125,-0.0003691107267513871,-0.00023264368064701557,-0.06525036692619324,0.10361766815185547,0.5110677480697632,0.4889323115348816,-23133.396484375,-36209.52734375,-55393.46484375,0.5913224816322327,0.51171875,0.48828125,-2.3133395643526455e-06,-23133.396484375,0.51171875,0.48828125,7.332698442041874e-05,-2313.339599609375,0.5084635615348816,1.0,1.0,0.24497997760772705,6550.181640625,6550.4267578125,0.00091
1,residual_blocks.1.1.pwconv2,13.193536758422852,7.48781156539917,-5.705724716186523,2.0591734937625006e-05,0.0006771524203941226,-0.0006771643529646099,0.0006771645857952535,0.5078125,0.4921875,0.002448122948408127,1.5486759821214946e-06,-0.05724466219544411,0.13020475208759308,0.4947916865348816,0.5052083730697632,-42456.19140625,-32091.26953125,-689000.9375,3.1688244342803955,0.5078125,0.4921875,-4.24561903855647e-06,-42456.1875,0.5078125,0.4921875,0.0002058856189250946,-4245.619140625,0.4973958432674408,1.0,1.0,0.24497997760772705,6550.181640625,6550.4267578125,0.00091
1,residual_blocks.2.0.pwconv1,13.201521873474121,7.627142906188965,-5.574378967285156,-5.527948360395385e-06,-0.0006754354108124971,-0.0006771643529646099,0.0006771645857952535,0.4957682490348816,0.5042318105697632,3.6194956010149326e-06,-5.6491553550586104e-06,-0.001480451668612659,0.0020273192785680294,0.505859375,0.494140625,-24700.54296875,0.42958691716194153,-61143.5859375,0.6660045385360718,0.4957682490348816,0.5042318105697632,-2.470054141667788e-06,-24700.54296875,0.4957682490348816,0.5042318105697632,-2.4507812668161932e-08,-2470.05419921875,0.5107421875,1.0,1.0,0.24497997760772705,6550.181640625,6550.4267578125,0.00091
1,residual_blocks.2.0.pwconv2,13.050010681152344,6.952228546142578,-6.097781658172607,2.7008352844859473e-05,0.0006771644111722708,-0.0006771645275875926,0.0006771645857952535,0.51953125,0.48046875,-3.9118189306464046e-05,-7.889878474998113e-07,-0.0023768777027726173,0.002235529012978077,0.5325521230697632,0.4674479365348816,-73853.59375,-44001.51171875,-689751.25,3.758474588394165,0.51953125,0.48046875,-7.38535982236499e-06,-73853.59375,0.51953125,0.48046875,4.3784957597381435e-06,-7385.359375,0.5182291865348816,1.0,1.0,0.24497997760772705,6550.181640625,6550.4267578125,0.00091
1,residual_blocks.2.1.pwconv1,13.278564453125,7.628490447998047,-5.650074005126953,1.947124928847188e-06,0.0006771643529646099,-0.0006771641783416271,0.0006771645857952535,0.5013021230697632,0.4986979365348816,1.3545144383897423e-06,3.044988261535764e-07,-0.0014578893315047026,0.0012656153412535787,0.4990234375,0.5009765625,-25016.443359375,-36762.0390625,-67237.1875,0.7343014478683472,0.5013021230697632,0.4986979365348816,-2.5016443032654934e-06,-25016.443359375,0.5013021230697632,0.4986979365348816,-2.1555868556788482e-07,-2501.64453125,0.5055338740348816,1.0,1.0,0.24497997760772705,6550.181640625,6550.4267578125,0.00091
1,residual_blocks.2.1.pwconv2,12.427973747253418,6.728786468505859,-5.699187755584717,-2.6220897780149244e-05,-0.0006752701010555029,-0.0006771644111722708,0.0006771645857952535,0.48046875,0.51953125,2.583511195553001e-05,4.582091719385062e-07,-0.00300572719424963,0.005306571256369352,0.4817708432674408,0.5182291865348816,-99592.3984375,0.46564793586730957,-690828.25,3.3425028324127197,0.48046875,0.51953125,-9.959239832824096e-06,-99592.3984375,0.48046875,0.51953125,-2.1234263840597123e-06,-9959.240234375,0.4830729365348816,1.0,1.0,0.24497997760772705,6550.181640625,6550.4267578125,0.00091
