batch_idx,layer,bits_before_mean,bits_after_mean,delta_bits_mean,delta_s_mean,frac_delta_s_pos,frac_delta_s_neg,like_grad_mean,like_grad_abs_mean,frac_like_grad_neg,frac_like_grad_pos,prior_grad_mean,prior_grad_abs_mean,prior_contrib_grad_mean,prior_contrib_grad_abs_mean,frac_prior_grad_neg,frac_prior_grad_pos,total_grad_mean,total_grad_abs_mean,agree_like_with_delta,agree_prior_with_delta,agree_total_with_delta
4,encoder.layers.0.blocks.0.attention.self.continuous_position_bias_mlp.0,7.497466564178467,7.326457500457764,-0.1710091233253479,0.000219499139348045,0.9375,0.05078125,-2.2023973542673048e-06,3.862726953229867e-05,0.515625,0.474609375,0.2816559672355652,0.3265334367752075,2.8165593121687316e-11,3.26533383665506e-11,0.4140625,0.576171875,0.2816537022590637,0.32653605937957764,0.5325443744659424,0.46942800283432007,0.46942800283432007
4,encoder.layers.0.blocks.0.attention.self.continuous_position_bias_mlp.2,7.891510963439941,7.778415203094482,-0.11309560388326645,0.00020565504382830113,1.0,0.0,7.384146738331765e-05,0.0013948744162917137,0.3333333432674408,0.6666666865348816,0.008671075105667114,0.06885596364736557,8.671074925789557e-13,6.885596259831317e-12,0.3333333432674408,0.6666666865348816,0.008744915015995502,0.06860129535198212,0.3333333432674408,0.3333333432674408,0.3333333432674408
4,encoder.layers.0.blocks.0.attention.self.query,6.97477912902832,6.378582954406738,-0.5961960554122925,0.0004031550488434732,1.0,0.0,-0.00027095997938886285,0.001122484914958477,0.59375,0.40625,0.5416010618209839,0.5708276033401489,5.4160103485356714e-11,5.708275518934158e-11,0.2135416716337204,0.7864583730697632,0.5413300395011902,0.5707059502601624,0.59375,0.2135416716337204,0.2135416716337204
4,encoder.layers.0.blocks.0.attention.self.key,6.74875545501709,6.206905364990234,-0.5418503284454346,0.0003962298796977848,1.0,0.0,-0.00011314986477373168,0.0014017465291544795,0.5104166865348816,0.4895833432674408,0.6083916425704956,0.6281628608703613,6.083916703758518e-11,6.281628689430718e-11,0.1145833358168602,0.8854166865348816,0.6082785129547119,0.6282387971878052,0.5104166865348816,0.1145833358168602,0.1145833358168602
4,encoder.layers.0.blocks.0.attention.self.value,7.436576843261719,6.898200035095215,-0.5383768081665039,0.0003759961109608412,1.0,0.0,0.010375550016760826,0.04886137694120407,0.4114583432674408,0.5885416865348816,-365.0953063964844,365.6339111328125,-3.6509529621753245e-08,3.656339231383754e-08,0.3333333432674408,0.6666666865348816,-365.08489990234375,365.6451416015625,0.4114583432674408,0.3333333432674408,0.3229166865348816
4,encoder.layers.0.blocks.0.attention.output.dense,6.128159999847412,5.575355052947998,-0.5528042912483215,0.00039379228837788105,1.0,0.0,0.00212880689650774,0.014720426872372627,0.5,0.5,1.0721272230148315,1.0798470973968506,1.0721271093139251e-10,1.0798471838935342e-10,0.0677083358168602,0.9322916865348816,1.0742559432983398,1.0820974111557007,0.5,0.0677083358168602,0.0677083358168602
4,encoder.layers.0.blocks.0.intermediate.dense,7.042741298675537,6.5018415451049805,-0.5409001708030701,0.00039474244113080204,1.0,0.0,5.7230859965784475e-05,0.018836140632629395,0.4713541865348816,0.5286458730697632,0.41015052795410156,0.4323355555534363,4.1015052465454005e-11,4.3233555624411224e-11,0.21875,0.78125,0.4102078080177307,0.43333300948143005,0.4713541865348816,0.21875,0.2109375
4,encoder.layers.0.blocks.0.output.dense,6.614748954772949,6.088997840881348,-0.5257517099380493,0.0003920086892321706,1.0,0.0,0.005623500794172287,0.015185460448265076,0.4895833432674408,0.5104166865348816,0.7178915739059448,0.7375191450119019,7.178915795158503e-11,7.375192123681984e-11,0.1041666716337204,0.8958333730697632,0.7235150337219238,0.743105411529541,0.4895833432674408,0.1041666716337204,0.09375
4,encoder.layers.0.blocks.1.attention.self.continuous_position_bias_mlp.0,7.6294684410095215,7.377747535705566,-0.25172048807144165,0.00023105560103431344,0.984375,0.0078125,9.837265679379925e-06,0.0003622829099185765,0.486328125,0.50390625,-2350.167724609375,2350.683837890625,-2.3501675627812801e-07,2.3506841273501777e-07,0.44921875,0.546875,-2350.167724609375,2350.683837890625,0.4871794879436493,0.458823561668396,0.458823561668396
4,encoder.layers.0.blocks.1.attention.self.continuous_position_bias_mlp.2,8.018677711486816,7.986602783203125,-0.03207540512084961,0.00011090593034168705,0.6666666865348816,0.3333333432674408,0.009588530287146568,0.012899801135063171,0.3333333432674408,0.6666666865348816,-0.004666067659854889,0.03549959510564804,-4.666067879299796e-13,3.5499593716015188e-12,0.6666666865348816,0.3333333432674408,0.004922464489936829,0.0308435820043087,0.6666666865348816,0.3333333432674408,0.3333333432674408
4,encoder.layers.0.blocks.1.attention.self.query,7.388820648193359,6.849793434143066,-0.5390278697013855,0.0003941743343602866,1.0,0.0,0.00013361097080633044,0.002201008377596736,0.5208333730697632,0.4791666865348816,0.20819953083992004,0.251891553401947,2.0819953400197377e-11,2.5189156316329786e-11,0.4427083432674408,0.5572916865348816,0.20833313465118408,0.2520023286342621,0.5208333730697632,0.4427083432674408,0.4427083432674408
4,encoder.layers.0.blocks.1.attention.self.key,7.179400444030762,6.6382904052734375,-0.5411094427108765,0.0003964412899222225,1.0,0.0,0.00012264710676390678,0.0031851711682975292,0.4739583432674408,0.5260416865348816,0.3170824646949768,0.3387230634689331,3.170824713905063e-11,3.387230773643779e-11,0.2708333432674408,0.7291666865348816,0.31720513105392456,0.33920130133628845,0.4739583432674408,0.2708333432674408,0.2760416865348816
4,encoder.layers.0.blocks.1.attention.self.value,7.068366050720215,6.5050506591796875,-0.563315749168396,0.000395741721149534,1.0,0.0,0.0003383243456482887,0.05717731639742851,0.4895833432674408,0.5104166865348816,0.43821680545806885,0.4463718831539154,4.382167892447164e-11,4.463719324721005e-11,0.1197916716337204,0.8802083730697632,0.43855512142181396,0.455005407333374,0.4895833432674408,0.1197916716337204,0.125
4,encoder.layers.0.blocks.1.attention.output.dense,6.537624359130859,5.97163200378418,-0.5659925937652588,0.0004009194381069392,1.0,0.0,0.0007190121104940772,0.03207460418343544,0.5208333730697632,0.4791666865348816,0.7718117237091064,0.7755182981491089,7.718117811528202e-11,7.755183994984094e-11,0.0520833358168602,0.9479166865348816,0.772530734539032,0.7779377698898315,0.5208333730697632,0.0520833358168602,0.0625
4,encoder.layers.0.blocks.1.intermediate.dense,4.558925151824951,3.9750618934631348,-0.583863377571106,0.0004023200599476695,0.9986979365348816,0.0013020833721384406,0.009708474390208721,0.05378636717796326,0.48828125,0.51171875,2.2250876426696777,2.2342333793640137,2.2250876141605147e-10,2.2342332151037425e-10,0.0260416679084301,0.9739583730697632,2.2347960472106934,2.248182535171509,0.4895833432674408,0.02473958395421505,0.02864583395421505
4,encoder.layers.0.blocks.1.output.dense,5.9209442138671875,5.334226608276367,-0.5867170691490173,0.0004046852409373969,1.0,0.0,-0.00218576448969543,0.11275826394557953,0.515625,0.484375,1.1994004249572754,1.1994004249572754,1.1994005788551476e-10,1.1994005788551476e-10,0.0,1.0,1.1972148418426514,1.2177088260650635,0.515625,0.0,0.010416666977107525
4,encoder.layers.0.blocks.2.attention.self.continuous_position_bias_mlp.0,7.223509788513184,6.934131622314453,-0.28937801718711853,0.00026877966593019664,0.986328125,0.0,3.721180291904602e-06,0.00016369247168768197,0.478515625,0.505859375,-1277.326904296875,1278.17724609375,-1.277326759918651e-07,1.278177421681903e-07,0.35546875,0.630859375,-1277.326904296875,1278.17724609375,0.4861111342906952,0.36039605736732483,0.36039605736732483
4,encoder.layers.0.blocks.2.attention.self.continuous_position_bias_mlp.2,8.05003833770752,7.891410827636719,-0.15862736105918884,0.0002599235740490258,1.0,0.0,-0.0037650156300514936,0.0037650156300514936,1.0,0.0,-0.02812553569674492,0.08575527369976044,-2.8125535754541797e-12,8.575526573573189e-12,0.6666666865348816,0.3333333432674408,-0.03189055621623993,0.08546854555606842,1.0,0.6666666865348816,0.6666666865348816
4,encoder.layers.0.blocks.2.attention.self.query,7.141468048095703,6.621476650238037,-0.5199918746948242,0.0003921366005670279,1.0,0.0,-0.0001813848502933979,0.010934519581496716,0.4895833432674408,0.5104166865348816,0.3312153220176697,0.35553139448165894,3.3121529824375884e-11,3.55531402929099e-11,0.2447916716337204,0.7552083730697632,0.3310339152812958,0.3550344407558441,0.4895833432674408,0.2447916716337204,0.2291666716337204
4,encoder.layers.0.blocks.2.attention.self.key,7.154656887054443,6.5887579917907715,-0.5658985376358032,0.0004009736585430801,1.0,0.0,0.0027853799983859062,0.008788405917584896,0.4427083432674408,0.5572916865348816,0.3262166380882263,0.3344907760620117,3.262166231587926e-11,3.3449080311109824e-11,0.1510416716337204,0.8489583730697632,0.3290019929409027,0.3374912142753601,0.4427083432674408,0.1510416716337204,0.15625
4,encoder.layers.0.blocks.2.attention.self.value,7.18140172958374,6.638908386230469,-0.5424928069114685,0.0003937273286283016,1.0,0.0,0.005332108587026596,0.03123496286571026,0.484375,0.515625,0.314248263835907,0.32963669300079346,3.1424828017545536e-11,3.2963669988061994e-11,0.1770833432674408,0.8229166865348816,0.3195803761482239,0.33771857619285583,0.484375,0.1770833432674408,0.1822916716337204
4,encoder.layers.0.blocks.2.attention.output.dense,6.357579708099365,5.817375183105469,-0.5402045249938965,0.0003970442048739642,1.0,0.0,0.0041895643807947636,0.030994748696684837,0.4791666865348816,0.5208333730697632,0.802522599697113,0.8042182326316833,8.025226316821232e-11,8.04218289185421e-11,0.0364583358168602,0.9635416865348816,0.8067121505737305,0.8089944124221802,0.4791666865348816,0.0364583358168602,0.03125
4,encoder.layers.0.blocks.2.intermediate.dense,3.0043323040008545,2.444354772567749,-0.5599774718284607,0.00039632600964978337,0.99609375,0.00390625,0.00088409089948982,0.019290823489427567,0.5052083730697632,0.4947916865348816,3.270042896270752,3.2919373512268066,3.2700428476140075e-10,3.29193755588264e-10,0.014322916977107525,0.9856771230697632,3.2709269523620605,3.2913215160369873,0.5091146230697632,0.015625,0.014322916977107525
4,encoder.layers.0.blocks.2.output.dense,5.41104793548584,4.8543291091918945,-0.5567189455032349,0.0003989216638728976,1.0,0.0,0.017514435574412346,0.06884382665157318,0.4739583432674408,0.5260416865348816,1.4939868450164795,1.4939868450164795,1.4939866010976743e-10,1.4939866010976743e-10,0.0,1.0,1.5115010738372803,1.5115010738372803,0.4739583432674408,0.0,0.0
4,encoder.layers.0.blocks.3.attention.self.continuous_position_bias_mlp.0,7.518198490142822,7.214053153991699,-0.3041455149650574,0.0002386625565122813,0.984375,0.005859375,5.4481279221363366e-05,0.0003663133829832077,0.44921875,0.53515625,-1526.9647216796875,2227.525390625,-1.5269648656612844e-07,2.227525328635238e-07,0.3984375,0.59375,-1526.9647216796875,2227.525390625,0.4623016119003296,0.40748029947280884,0.4055117964744568
4,encoder.layers.0.blocks.3.attention.self.continuous_position_bias_mlp.2,7.987843990325928,7.950301170349121,-0.037543296813964844,0.00010703620500862598,0.6666666865348816,0.3333333432674408,0.001437321538105607,0.0052615078166127205,0.3333333432674408,0.6666666865348816,-0.003001917153596878,0.0197124145925045,-3.0019167490333287e-13,1.9712415293832164e-12,0.3333333432674408,0.6666666865348816,-0.0015645967796444893,0.01986006461083889,0.6666666865348816,0.6666666865348816,0.6666666865348816
4,encoder.layers.0.blocks.3.attention.self.query,7.221701622009277,6.6661200523376465,-0.5555806159973145,0.0003996060404460877,1.0,0.0,0.0003011060762219131,0.0032212818041443825,0.46875,0.53125,0.2816007137298584,0.2917885184288025,2.8160069762139806e-11,2.9178850308175797e-11,0.2552083432674408,0.7447916865348816,0.2819018065929413,0.2919427454471588,0.46875,0.2552083432674408,0.2604166865348816
4,encoder.layers.0.blocks.3.attention.self.key,7.112782955169678,6.578581809997559,-0.5342012643814087,0.000396626623114571,1.0,0.0,0.00016548791609238833,0.0030035271774977446,0.4427083432674408,0.5572916865348816,0.32544803619384766,0.3338673710823059,3.2544807126999586e-11,3.338673781883017e-11,0.1979166716337204,0.8020833730697632,0.3256135582923889,0.3337758779525757,0.4427083432674408,0.1979166716337204,0.1979166716337204
4,encoder.layers.0.blocks.3.attention.self.value,6.9774980545043945,6.4205451011657715,-0.5569531917572021,0.0003982901980634779,1.0,0.0,-0.002400212688371539,0.04770582914352417,0.5260416865348816,0.4739583432674408,0.4453248381614685,0.44573259353637695,4.453248186875314e-11,4.45732617482264e-11,0.015625,0.984375,0.4429246187210083,0.44412732124328613,0.5260416865348816,0.015625,0.03125
4,encoder.layers.0.blocks.3.attention.output.dense,6.485826015472412,5.9334259033203125,-0.5523996353149414,0.0003986927622463554,1.0,0.0,0.002559373853728175,0.02929973602294922,0.46875,0.53125,0.744666576385498,0.7517257928848267,7.44666550644979e-11,7.5172576496918e-11,0.0416666679084301,0.9583333730697632,0.7472259402275085,0.75431227684021,0.46875,0.0416666679084301,0.046875
4,encoder.layers.0.blocks.3.intermediate.dense,2.912200450897217,2.3975155353546143,-0.5146849155426025,0.00032446777913719416,0.8619791865348816,0.0,-0.0024937272537499666,0.01546094473451376,0.5208333730697632,0.4791666865348816,3.41510009765625,3.423520565032959,3.415100147119432e-10,3.4235203560939453e-10,0.02083333395421505,0.9791666865348816,3.4126062393188477,3.4241366386413574,0.4505208432674408,0.02083333395421505,0.02473958395421505
4,encoder.layers.0.blocks.3.output.dense,5.873269081115723,5.243081569671631,-0.630187451839447,0.00040185957914218307,1.0,0.0,0.01013683807104826,0.05240769311785698,0.4947916865348816,0.5052083730697632,-991.6889038085938,994.1539306640625,-9.916890064687323e-08,9.94153879219084e-08,0.0052083334885537624,0.9947916865348816,-991.6787109375,994.1629638671875,0.4947916865348816,0.0052083334885537624,0.0052083334885537624
4,encoder.layers.0.blocks.4.attention.self.continuous_position_bias_mlp.0,7.492145538330078,7.172623634338379,-0.31952232122421265,0.00023753901768941432,0.978515625,0.01953125,-7.843761522963177e-06,0.00032391815329901874,0.51953125,0.470703125,-2719.694580078125,2720.398193359375,-2.719694407460338e-07,2.720398128985835e-07,0.38671875,0.611328125,-2719.694580078125,2720.398193359375,0.540433943271637,0.40704500675201416,0.40704500675201416
4,encoder.layers.0.blocks.4.attention.self.continuous_position_bias_mlp.2,7.982222557067871,7.958266735076904,-0.023956140503287315,6.562083581229672e-05,0.6666666865348816,0.3333333432674408,0.0015707004349678755,0.007536848541349173,0.3333333432674408,0.6666666865348816,0.005861410405486822,0.026832755655050278,5.861410532284617e-13,2.6832752599709186e-12,0.6666666865348816,0.3333333432674408,0.007432109676301479,0.01929590478539467,0.6666666865348816,0.3333333432674408,0.3333333432674408
4,encoder.layers.0.blocks.4.attention.self.query,7.296748161315918,6.735899925231934,-0.5608482360839844,0.00039965781616047025,1.0,0.0,-0.00020407405099831522,0.00395421776920557,0.4895833432674408,0.5104166865348816,0.24637852609157562,0.26879990100860596,2.4637852522046977e-11,2.6879989553640904e-11,0.4166666865348816,0.5833333730697632,0.24617445468902588,0.2691631615161896,0.4895833432674408,0.4166666865348816,0.421875
4,encoder.layers.0.blocks.4.attention.self.key,7.289750576019287,6.71564245223999,-0.5741082429885864,0.0004023280635010451,1.0,0.0,-0.0004240270354785025,0.0037875380367040634,0.5677083730697632,0.4322916865348816,0.2553490400314331,0.27007830142974854,2.55349057870502e-11,2.700783173492649e-11,0.359375,0.640625,0.254925012588501,0.27071669697761536,0.5677083730697632,0.359375,0.3645833432674408
4,encoder.layers.0.blocks.4.attention.self.value,7.073159217834473,6.531319618225098,-0.5418395400047302,0.0003974518913310021,1.0,0.0,0.0009227078408002853,0.050198983401060104,0.4635416865348816,0.5364583730697632,0.35091495513916016,0.35292428731918335,3.5091495681482954e-11,3.529242870170535e-11,0.0572916679084301,0.9427083730697632,0.3518376350402832,0.36005744338035583,0.4635416865348816,0.0572916679084301,0.0729166716337204
4,encoder.layers.0.blocks.4.attention.output.dense,6.359618186950684,5.805602073669434,-0.5540158152580261,0.000399170647142455,1.0,0.0,0.007220621686428785,0.031559184193611145,0.4635416865348816,0.5364583730697632,0.8435294032096863,0.8488624095916748,8.435295517639219e-11,8.488625080627088e-11,0.02083333395421505,0.9791666865348816,0.8507501482963562,0.856073260307312,0.4635416865348816,0.02083333395421505,0.02083333395421505
4,encoder.layers.0.blocks.4.intermediate.dense,3.365466833114624,2.8339247703552246,-0.5315419435501099,0.0003740376268979162,0.9739583730697632,0.0,0.0003434806130826473,0.009887058287858963,0.4986979365348816,0.5013021230697632,2.9684951305389404,2.975656509399414,2.968495171895569e-10,2.9756569430716695e-10,0.04296875,0.95703125,2.9688384532928467,2.9772555828094482,0.484375,0.04296875,0.0494791679084301
4,encoder.layers.0.blocks.4.output.dense,5.9862823486328125,5.397707939147949,-0.5885746479034424,0.00040485183126293123,1.0,0.0,0.0016132874879986048,0.030777737498283386,0.4427083432674408,0.5572916865348816,1.1645824909210205,1.1655523777008057,1.1645823194683658e-10,1.165552376836132e-10,0.0052083334885537624,0.9947916865348816,1.1661957502365112,1.167179822921753,0.4427083432674408,0.0052083334885537624,0.0052083334885537624
4,encoder.layers.0.blocks.5.attention.self.continuous_position_bias_mlp.0,7.572061061859131,7.2036237716674805,-0.368437260389328,0.00022616887872572988,0.953125,0.0234375,-2.3325252186623402e-05,0.00046250439481809735,0.501953125,0.466796875,-4496.82421875,4497.697265625,-4.496823748922907e-07,4.4976974322707974e-07,0.408203125,0.57421875,-4496.82373046875,4497.69775390625,0.5262096524238586,0.4373757243156433,0.438492089509964
4,encoder.layers.0.blocks.5.attention.self.continuous_position_bias_mlp.2,8.032140731811523,8.02001667022705,-0.012124380096793175,4.973650720785372e-05,0.6666666865348816,0.3333333432674408,0.007948929443955421,0.013670241460204124,0.3333333432674408,0.6666666865348816,-0.004452682565897703,0.024139288812875748,-4.452682526075863e-13,2.4139288658242553e-12,0.6666666865348816,0.3333333432674408,0.003496247110888362,0.025758957490324974,0.6666666865348816,0.3333333432674408,0.3333333432674408
4,encoder.layers.0.blocks.5.attention.self.query,7.212760925292969,6.67534065246582,-0.5374207496643066,0.00039687397656962276,1.0,0.0,0.00028675515204668045,0.0036548548378050327,0.5104166865348816,0.4895833432674408,0.2764450013637543,0.29220050573349,2.764450127146212e-11,2.9220049990730246e-11,0.3229166865348816,0.6770833730697632,0.2767317593097687,0.2920168340206146,0.5104166865348816,0.3229166865348816,0.3489583432674408
4,encoder.layers.0.blocks.5.attention.self.key,7.286017417907715,6.695590496063232,-0.5904265642166138,0.00040489929961040616,1.0,0.0,-0.0003347516758367419,0.004715058486908674,0.4895833432674408,0.5104166865348816,0.2626373767852783,0.27091747522354126,2.6263737712417523e-11,2.7091745513629917e-11,0.25,0.75,0.26230260729789734,0.27136868238449097,0.4895833432674408,0.25,0.2708333432674408
4,encoder.layers.0.blocks.5.attention.self.value,7.074187755584717,6.538776397705078,-0.5354110598564148,0.0003942541661672294,1.0,0.0,-0.000418586831074208,0.04932575672864914,0.4895833432674408,0.5104166865348816,0.3639196753501892,0.36590394377708435,3.6391965829718487e-11,3.659039390924157e-11,0.0364583358168602,0.9635416865348816,0.36350107192993164,0.3706165552139282,0.4895833432674408,0.0364583358168602,0.078125
4,encoder.layers.0.blocks.5.attention.output.dense,6.59921932220459,6.0731096267700195,-0.5261096954345703,0.00039477640530094504,1.0,0.0,0.0033727088011801243,0.030060602352023125,0.5052083730697632,0.4947916865348816,0.6354684233665466,0.6427569389343262,6.354684833898006e-11,6.427569587685866e-11,0.046875,0.953125,0.6388411521911621,0.6467418074607849,0.5052083730697632,0.046875,0.0416666679084301
4,encoder.layers.0.blocks.5.intermediate.dense,4.525548458099365,3.9695918560028076,-0.5559567213058472,0.00039759938954375684,1.0,0.0,-8.868782606441528e-05,0.0056320056319236755,0.4739583432674408,0.5260416865348816,2.1962223052978516,2.2107131481170654,2.1962220930760168e-10,2.2107131403270586e-10,0.1223958358168602,0.8776041865348816,2.196133613586426,2.211125373840332,0.4739583432674408,0.1223958358168602,0.1236979216337204
4,encoder.layers.0.blocks.5.output.dense,6.260983467102051,5.6584906578063965,-0.6024923920631409,0.000406433769967407,1.0,0.0,0.0028565768152475357,0.013001218438148499,0.4583333432674408,0.5416666865348816,1.0190048217773438,1.0231659412384033,1.0190048804759044e-10,1.0231659269832605e-10,0.02083333395421505,0.9791666865348816,1.0218614339828491,1.026039958000183,0.4583333432674408,0.02083333395421505,0.02083333395421505
4,encoder.layers.0.blocks.6.attention.self.continuous_position_bias_mlp.0,7.615017414093018,7.353161334991455,-0.2618560194969177,0.0002173796674469486,0.97265625,0.021484375,4.403903949423693e-05,0.0006026942864991724,0.447265625,0.5390625,-3507.6162109375,3508.15087890625,-3.5076163840130903e-07,3.508150712150382e-07,0.447265625,0.546875,-3507.6162109375,3508.150634765625,0.4633663594722748,0.4715127944946289,0.4715127944946289
4,encoder.layers.0.blocks.6.attention.self.continuous_position_bias_mlp.2,8.088621139526367,8.056063652038574,-0.032558124512434006,0.00011446948337834328,0.3333333432674408,0.6666666865348816,0.020364275202155113,0.020364275202155113,0.0,1.0,-0.013747096061706543,0.018973490223288536,-1.374709590953871e-12,1.897349031360074e-12,0.6666666865348816,0.3333333432674408,0.006617178674787283,0.013046937994658947,0.6666666865348816,0.6666666865348816,0.3333333432674408
4,encoder.layers.0.blocks.6.attention.self.query,7.1903839111328125,6.686898708343506,-0.503485918045044,0.0003905492485500872,1.0,0.0,0.002281447872519493,0.010845574550330639,0.453125,0.546875,0.2851652503013611,0.3023473620414734,2.8516522476706996e-11,3.023473832408641e-11,0.28125,0.71875,0.28744667768478394,0.3056458830833435,0.453125,0.28125,0.296875
4,encoder.layers.0.blocks.6.attention.self.key,7.179311275482178,6.664607048034668,-0.5147053003311157,0.0003929813392460346,1.0,0.0,0.0001209237816510722,0.009738439694046974,0.5416666865348816,0.4583333432674408,0.2905157506465912,0.3045445382595062,2.9051573646743378e-11,3.0454451460659726e-11,0.2552083432674408,0.7447916865348816,0.29063665866851807,0.3049846291542053,0.5416666865348816,0.2552083432674408,0.265625
4,encoder.layers.0.blocks.6.attention.self.value,7.124217510223389,6.606963157653809,-0.5172544121742249,0.00039007002487778664,1.0,0.0,0.0022228609304875135,0.08548316359519958,0.5052083730697632,0.4947916865348816,0.3330637514591217,0.3369978368282318,3.330637848852902e-11,3.3699786017304945e-11,0.0885416716337204,0.9114583730697632,0.33528661727905273,0.3541198670864105,0.5052083730697632,0.0885416716337204,0.1354166716337204
4,encoder.layers.0.blocks.6.attention.output.dense,6.738492965698242,6.150573253631592,-0.5879197120666504,0.0004035570891574025,1.0,0.0,0.010084640234708786,0.050410196185112,0.4791666865348816,0.5208333730697632,0.6069943904876709,0.6084345579147339,6.069944546993611e-11,6.08434552740178e-11,0.010416666977107525,0.9895833730697632,0.6170790195465088,0.6193994283676147,0.4791666865348816,0.010416666977107525,0.0260416679084301
4,encoder.layers.0.blocks.6.intermediate.dense,6.879226207733154,6.328173637390137,-0.5510526895523071,0.00039697892498224974,1.0,0.0,0.0004337144491728395,0.017559237778186798,0.4947916865348816,0.5052083730697632,0.5414901375770569,0.5634831190109253,5.414901166345132e-11,5.634830796408252e-11,0.22265625,0.77734375,0.5419238805770874,0.5650380253791809,0.4947916865348816,0.22265625,0.2018229216337204
4,encoder.layers.0.blocks.6.output.dense,6.694866180419922,6.1123480796813965,-0.582518458366394,0.00040309023461304605,1.0,0.0,0.006297219078987837,0.046380337327718735,0.4583333432674408,0.5416666865348816,0.6457690000534058,0.6532970666885376,6.457689938343947e-11,6.532970692196827e-11,0.0364583358168602,0.9635416865348816,0.6520662307739258,0.6590920686721802,0.4583333432674408,0.0364583358168602,0.03125
4,encoder.layers.0.blocks.7.attention.self.continuous_position_bias_mlp.0,7.504448890686035,7.306137561798096,-0.19831189513206482,0.00021842963178642094,0.9609375,0.029296875,1.3886774468119256e-05,0.0010489963460713625,0.482421875,0.509765625,-224.681640625,225.34896850585938,-2.2468160665312098e-08,2.2534896615411526e-08,0.419921875,0.57421875,-224.68162536621094,225.3489990234375,0.5098425149917603,0.44793716073036194,0.44793716073036194
4,encoder.layers.0.blocks.7.attention.self.continuous_position_bias_mlp.2,7.837328910827637,7.814627647399902,-0.022701263427734375,3.996243322035298e-05,0.6666666865348816,0.3333333432674408,0.0031766556203365326,0.03378613293170929,0.6666666865348816,0.3333333432674408,0.031045380979776382,0.04610942304134369,3.1045381109623404e-12,4.610942704041943e-12,0.3333333432674408,0.6666666865348816,0.034222036600112915,0.034222036600112915,1.0,0.0,0.3333333432674408
4,encoder.layers.0.blocks.7.attention.self.query,7.224200248718262,6.715758800506592,-0.5084414482116699,0.0003904631594195962,1.0,0.0,0.00018427715986035764,0.014300964772701263,0.5052083730697632,0.4947916865348816,0.2728801965713501,0.2922131419181824,2.7288019066595837e-11,2.922131286942076e-11,0.3072916865348816,0.6927083730697632,0.2730644941329956,0.29521337151527405,0.5052083730697632,0.3072916865348816,0.3072916865348816
4,encoder.layers.0.blocks.7.attention.self.key,7.296147346496582,6.744986534118652,-0.5511602163314819,0.00039746868424117565,1.0,0.0,-0.0014392018783837557,0.015549781732261181,0.546875,0.453125,0.2495538890361786,0.2658066749572754,2.495539018487758e-11,2.6580668222031534e-11,0.2864583432674408,0.7135416865348816,0.248114675283432,0.2676313519477844,0.546875,0.2864583432674408,0.3020833432674408
4,encoder.layers.0.blocks.7.attention.self.value,7.038215637207031,6.560342788696289,-0.4778725802898407,0.00037222536047920585,0.9947916865348816,0.0052083334885537624,-0.002062613610178232,0.17716366052627563,0.4583333432674408,0.5416666865348816,0.3223457932472229,0.42935794591903687,3.22345830583437e-11,4.293579380920676e-11,0.078125,0.921875,0.3202831745147705,0.4736434817314148,0.4635416865348816,0.0833333358168602,0.1770833432674408
4,encoder.layers.0.blocks.7.attention.output.dense,6.6735992431640625,6.12415075302124,-0.5494483709335327,0.00039614943671040237,1.0,0.0,-0.007244241889566183,0.08709311485290527,0.5104166865348816,0.4895833432674408,0.6545396447181702,0.6644628047943115,6.545396863399944e-11,6.64462790345155e-11,0.0625,0.9375,0.6472954750061035,0.6801854968070984,0.5104166865348816,0.0625,0.0989583358168602
4,encoder.layers.0.blocks.7.intermediate.dense,3.8892226219177246,3.323847532272339,-0.5653752088546753,0.00037753148353658617,0.9583333730697632,0.0,-7.265991007443517e-05,0.008146635256707668,0.4622395932674408,0.5377604365348816,2.770674467086792,2.780236005783081,2.770674523144834e-10,2.780236041388662e-10,0.1145833358168602,0.8854166865348816,2.770601987838745,2.7814109325408936,0.4453125,0.1145833358168602,0.11328125
4,encoder.layers.0.blocks.7.output.dense,6.143355369567871,5.535240173339844,-0.6081142425537109,0.00040774125955067575,1.0,0.0,0.002791290171444416,0.028448443859815598,0.5104166865348816,0.4895833432674408,1.1168420314788818,1.1168420314788818,1.1168420355200936e-10,1.1168420355200936e-10,0.0,1.0,1.1196331977844238,1.119750738143921,0.5104166865348816,0.0,0.010416666977107525
4,encoder.layers.0.downsample.reduction,7.0127458572387695,6.363709926605225,-0.6490356922149658,0.00037488224916160107,0.9791666865348816,0.02083333395421505,0.11214502900838852,0.5798991918563843,0.5338541865348816,0.4661458432674408,-1501.4930419921875,1502.537841796875,-1.5014931875612092e-07,1.5025378274913237e-07,0.0677083358168602,0.9322916865348816,-1501.3812255859375,1502.79150390625,0.5442708730697632,0.0677083358168602,0.1588541716337204
4,encoder.layers.1.blocks.0.attention.self.continuous_position_bias_mlp.0,7.57442569732666,7.380354404449463,-0.1940714418888092,0.00016965319809969515,0.84375,0.083984375,3.0840878025628626e-05,0.0067411987110972404,0.4609375,0.462890625,-1450.1553955078125,1450.838623046875,-1.450155622251259e-07,1.4508385959288717e-07,0.380859375,0.546875,-1450.155517578125,1450.839599609375,0.5306553840637207,0.37894734740257263,0.40631577372550964
4,encoder.layers.1.blocks.0.attention.self.continuous_position_bias_mlp.2,7.899533748626709,7.806329250335693,-0.09320442378520966,0.00034212222089990973,1.0,0.0,-0.1537144035100937,0.172468900680542,0.8333333730697632,0.1666666716337204,0.010842321440577507,0.013957448303699493,1.0842322048856823e-12,1.395744956243783e-12,0.5,0.5,-0.14287209510803223,0.16129136085510254,0.8333333730697632,0.5,0.8333333730697632
4,encoder.layers.1.blocks.0.attention.self.query,7.220297813415527,6.691641807556152,-0.5286561250686646,0.00038995262002572417,1.0,0.0,0.005175135098397732,0.03680726885795593,0.4791666865348816,0.5208333730697632,0.2934860587120056,0.31810614466667175,2.934860340864098e-11,3.181061664081497e-11,0.234375,0.765625,0.29866117238998413,0.3291652202606201,0.4791666865348816,0.234375,0.2526041865348816
4,encoder.layers.1.blocks.0.attention.self.key,7.125563621520996,6.559932231903076,-0.5656307339668274,0.00038156213122420013,0.9947916865348816,0.0052083334885537624,-0.009841131046414375,0.1477942317724228,0.5182291865348816,0.4817708432674408,-202.39329528808594,203.17117309570312,-2.0239326659066137e-08,2.031712043049083e-08,0.140625,0.859375,-202.4031219482422,203.2124481201172,0.5234375,0.140625,0.1927083432674408
4,encoder.layers.1.blocks.0.attention.self.value,6.8577470779418945,6.319339752197266,-0.538406491279602,0.0003882040618918836,1.0,0.0,0.0010684686712920666,0.14715978503227234,0.515625,0.484375,0.3503771424293518,0.6950613856315613,3.503771578428072e-11,6.950615083489708e-11,0.0859375,0.9140625,0.35144561529159546,0.7077731490135193,0.515625,0.0859375,0.1041666716337204
4,encoder.layers.1.blocks.0.attention.output.dense,6.967221736907959,6.432216167449951,-0.5350056886672974,0.00039632440893910825,0.9947916865348816,0.0052083334885537624,0.03881550580263138,0.10796788334846497,0.5,0.5,0.454049676656723,0.45738375186920166,4.5404967979889577e-11,4.573838183197232e-11,0.0364583358168602,0.9635416865348816,0.4928651750087738,0.4997551441192627,0.5,0.0416666679084301,0.0598958358168602
4,encoder.layers.1.blocks.0.intermediate.dense,4.061734199523926,3.484750747680664,-0.5769832134246826,0.00040177215123549104,1.0,0.0,-0.0006581725319847465,0.008642159402370453,0.5065104365348816,0.4934895932674408,2.5713891983032227,2.576810359954834,2.571389212668862e-10,2.5768104316981066e-10,0.0462239608168602,0.9537760615348816,2.5707311630249023,2.577207088470459,0.5065104365348816,0.0462239608168602,0.046875
4,encoder.layers.1.blocks.0.output.dense,5.729740142822266,5.149206638336182,-0.5805343389511108,0.0004038046463392675,1.0,0.0,0.002085304819047451,0.029244735836982727,0.4973958432674408,0.5026041865348816,1.3226349353790283,1.3226349353790283,1.3226350570327838e-10,1.3226350570327838e-10,0.0,1.0,1.3247202634811401,1.3247202634811401,0.4973958432674408,0.0,0.0
4,encoder.layers.1.blocks.1.attention.self.continuous_position_bias_mlp.0,7.862082481384277,7.792904376983643,-0.0691780224442482,0.00015470759535674006,0.875,0.119140625,0.0004995418712496758,0.004942664876580238,0.486328125,0.505859375,0.056382931768894196,0.09890672564506531,5.638293651410997e-12,9.890671615053748e-12,0.44140625,0.55078125,0.05688247084617615,0.09977102279663086,0.5708661675453186,0.4527558982372284,0.4754420518875122
4,encoder.layers.1.blocks.1.attention.self.continuous_position_bias_mlp.2,7.98773717880249,7.914597511291504,-0.07313911616802216,-5.391438025981188e-05,0.5,0.5,0.07861138880252838,0.07861138880252838,0.0,1.0,-0.023970816284418106,0.08702298998832703,-2.3970816651064375e-12,8.702299297835836e-12,0.5,0.5,0.054640572518110275,0.13942912220954895,0.5,0.3333333432674408,0.6666666865348816
4,encoder.layers.1.blocks.1.attention.self.query,7.031190395355225,6.464841365814209,-0.5663485527038574,0.0004009265685454011,1.0,0.0,0.0006244481774047017,0.016125109046697617,0.5286458730697632,0.4713541865348816,0.4047969579696655,0.4096876084804535,4.047969598408585e-11,4.0968756165327136e-11,0.1041666716337204,0.8958333730697632,0.4054214358329773,0.4110798239707947,0.5286458730697632,0.1041666716337204,0.1041666716337204
4,encoder.layers.1.blocks.1.attention.self.key,6.903952598571777,6.365668296813965,-0.5382845997810364,0.000397172465454787,1.0,0.0,0.0005580076249316335,0.018943149596452713,0.4765625,0.5234375,0.4686320722103119,0.4732634425163269,4.6863204289371296e-11,4.732634770188149e-11,0.0729166716337204,0.9270833730697632,0.4691900610923767,0.4739646315574646,0.4765625,0.0729166716337204,0.0807291716337204
4,encoder.layers.1.blocks.1.attention.self.value,6.77357816696167,6.201310634613037,-0.5722675323486328,0.0003972388803958893,1.0,0.0,0.007935727015137672,0.12202924489974976,0.4739583432674408,0.5260416865348816,0.5833566784858704,0.6175878047943115,5.833566962820669e-11,6.175878558556391e-11,0.015625,0.984375,0.5912923812866211,0.6414618492126465,0.4739583432674408,0.015625,0.078125
4,encoder.layers.1.blocks.1.attention.output.dense,6.818329811096191,6.201751232147217,-0.6165779829025269,0.00040366288158111274,1.0,0.0,-0.019194046035408974,0.10217546671628952,0.53125,0.46875,-252.01170349121094,253.18386840820312,-2.5201167375143996e-08,2.531838561026234e-08,0.03125,0.96875,-252.0308837890625,253.18853759765625,0.53125,0.03125,0.0572916679084301
4,encoder.layers.1.blocks.1.intermediate.dense,3.162893772125244,2.6197144985198975,-0.543178915977478,0.00036174169508740306,0.9641927480697632,0.0,4.993790571461432e-05,0.008770572021603584,0.5006510615348816,0.4993489682674408,3.2574901580810547,3.2621169090270996,3.2574903885418394e-10,3.2621169654412085e-10,0.0403645858168602,0.9596354365348816,3.257539749145508,3.2630367279052734,0.4830729365348816,0.0403645858168602,0.0390625
4,encoder.layers.1.blocks.1.output.dense,5.674520015716553,5.086249351501465,-0.5882710218429565,0.0004049057315569371,1.0,0.0,-0.0027140562888234854,0.03373928368091583,0.4895833432674408,0.5104166865348816,1.3850840330123901,1.3850840330123901,1.3850841307228023e-10,1.3850841307228023e-10,0.0,1.0,1.3823699951171875,1.3823699951171875,0.4895833432674408,0.0,0.0
4,encoder.layers.1.blocks.2.attention.self.continuous_position_bias_mlp.0,7.580443859100342,7.381008625030518,-0.19943512976169586,0.0002276355226058513,0.904296875,0.03125,0.0007968819700181484,0.00349833513610065,0.423828125,0.498046875,-1131.177734375,1131.780029296875,-1.1311777114997312e-07,1.1317800385768351e-07,0.380859375,0.552734375,-1131.177001953125,1131.780517578125,0.4788135588169098,0.41631796956062317,0.42171192169189453
4,encoder.layers.1.blocks.2.attention.self.continuous_position_bias_mlp.2,7.9582743644714355,7.902434349060059,-0.05584001541137695,0.00011446507414802909,0.8333333730697632,0.1666666716337204,0.0033173500560224056,0.010165944695472717,0.3333333432674408,0.6666666865348816,0.0010236924281343818,0.046008579432964325,1.0236921716127306e-13,4.6008578891143515e-12,0.5,0.5,0.004341043531894684,0.04354209452867508,0.5,0.3333333432674408,0.5
4,encoder.layers.1.blocks.2.attention.self.query,7.043356895446777,6.47470760345459,-0.568649172782898,0.0004018979088868946,1.0,0.0,-0.00022638232621829957,0.008059009909629822,0.4817708432674408,0.5182291865348816,0.39773306250572205,0.4013998508453369,3.977330964577419e-11,4.0139988555232264e-11,0.0911458358168602,0.9088541865348816,0.3975067138671875,0.4011169373989105,0.4817708432674408,0.0911458358168602,0.0885416716337204
4,encoder.layers.1.blocks.2.attention.self.key,6.997209072113037,6.412463188171387,-0.5847459435462952,0.00040290330071002245,1.0,0.0,-0.00030709884595125914,0.008763782680034637,0.4869791865348816,0.5130208730697632,0.4531240165233612,0.4636985957622528,4.5312403135211454e-11,4.63698628105913e-11,0.0807291716337204,0.9192708730697632,0.4528169333934784,0.46378791332244873,0.4869791865348816,0.0807291716337204,0.0833333358168602
4,encoder.layers.1.blocks.2.attention.self.value,7.01318359375,6.415048122406006,-0.5981355309486389,0.00040570314740762115,1.0,0.0,0.0063785105012357235,0.08041944354772568,0.5078125,0.4921875,0.44211992621421814,0.44270452857017517,4.4211995176013374e-11,4.427045535715379e-11,0.01302083395421505,0.9869791865348816,0.4484984874725342,0.454278826713562,0.5078125,0.01302083395421505,0.0338541679084301
4,encoder.layers.1.blocks.2.attention.output.dense,6.632110595703125,6.061917781829834,-0.570193350315094,0.0004016747698187828,1.0,0.0,0.005056455731391907,0.06558410823345184,0.4817708432674408,0.5182291865348816,0.6674253940582275,0.6697067022323608,6.674254204863672e-11,6.697066512462158e-11,0.02083333395421505,0.9791666865348816,0.672481894493103,0.676806628704071,0.4817708432674408,0.02083333395421505,0.0364583358168602
4,encoder.layers.1.blocks.2.intermediate.dense,2.3671212196350098,1.907224416732788,-0.45989686250686646,0.00027629066607914865,0.673828125,0.0,0.0006114130956120789,0.010126459412276745,0.5013021230697632,0.4986979365348816,4.135021209716797,4.141150951385498,4.135021214324297e-10,4.141151310754765e-10,0.0475260429084301,0.9524739980697632,4.135632514953613,4.143461227416992,0.33984375,0.0475260429084301,0.0533854179084301
4,encoder.layers.1.blocks.2.output.dense,5.479249477386475,4.892521381378174,-0.5867283344268799,0.0004046858521178365,1.0,0.0,-0.0016160111408680677,0.04226235672831535,0.5,0.5,1.5098680257797241,1.5098680257797241,1.509868063909181e-10,1.509868063909181e-10,0.0,1.0,1.5082519054412842,1.5082519054412842,0.5,0.0,0.0
4,encoder.layers.1.blocks.3.attention.self.continuous_position_bias_mlp.0,7.659804821014404,7.509670734405518,-0.15013396739959717,0.00016780407167971134,0.89453125,0.044921875,3.1611307349521667e-07,0.0009498929139226675,0.46484375,0.46875,-136.17724609375,656.705322265625,-1.3617723837455742e-08,6.567053389971989e-08,0.3515625,0.58984375,-136.17721557617188,656.705322265625,0.5209205150604248,0.3672199249267578,0.3692946135997772
4,encoder.layers.1.blocks.3.attention.self.continuous_position_bias_mlp.2,8.08407974243164,8.027244567871094,-0.05683509632945061,4.410701149026863e-05,0.8333333730697632,0.1666666716337204,0.00798669271171093,0.013018238358199596,0.5,0.5,-0.015516954474151134,0.03585579991340637,-1.5516954041117081e-12,3.5855801834572265e-12,0.6666666865348816,0.3333333432674408,-0.007530259899795055,0.045131802558898926,0.6666666865348816,0.5,0.6666666865348816
4,encoder.layers.1.blocks.3.attention.self.query,7.123330116271973,6.559943199157715,-0.5633865594863892,0.0004010688280686736,1.0,0.0,0.0004664727603085339,0.00671073142439127,0.515625,0.484375,0.34537968039512634,0.35048192739486694,3.4537966236980466e-11,3.5048186575181717e-11,0.15625,0.84375,0.34584614634513855,0.3514508605003357,0.515625,0.15625,0.1380208432674408
4,encoder.layers.1.blocks.3.attention.self.key,6.903651237487793,6.359218597412109,-0.5444324612617493,0.00039754516910761595,1.0,0.0,0.00020201950974296778,0.006519884802401066,0.4869791865348816,0.5130208730697632,0.4727897047996521,0.4822494387626648,4.727897240375256e-11,4.822494487077833e-11,0.0859375,0.9140625,0.4729917049407959,0.48251932859420776,0.4869791865348816,0.0859375,0.0885416716337204
4,encoder.layers.1.blocks.3.attention.self.value,6.973626136779785,6.381078720092773,-0.5925469398498535,0.0003963500203099102,1.0,0.0,0.0015694679459556937,0.13753636181354523,0.4921875,0.5078125,-170.10812377929688,171.05699157714844,-1.7010814090667736e-08,1.71056981912443e-08,0.01302083395421505,0.9869791865348816,-170.1065673828125,171.08135986328125,0.4921875,0.01302083395421505,0.0703125
4,encoder.layers.1.blocks.3.attention.output.dense,6.7155914306640625,6.103355407714844,-0.6122353076934814,0.00040157799958251417,1.0,0.0,-0.00835487525910139,0.1163390576839447,0.4869791865348816,0.5130208730697632,-230.8451385498047,232.14854431152344,-2.308451030330616e-08,2.321485759182451e-08,0.0234375,0.9765625,-230.853515625,232.17404174804688,0.4869791865348816,0.0234375,0.0416666679084301
4,encoder.layers.1.blocks.3.intermediate.dense,1.941030740737915,1.5168241262435913,-0.4242064952850342,0.0002403534308541566,0.6373698115348816,0.0,0.0008665415225550532,0.01090066134929657,0.4791666865348816,0.5208333730697632,5.018185615539551,5.022885322570801,5.018185311733703e-10,5.022885440908453e-10,0.04296875,0.95703125,5.019052028656006,5.025547981262207,0.3111979365348816,0.04296875,0.0462239608168602
4,encoder.layers.1.blocks.3.output.dense,5.291162014007568,4.721446514129639,-0.569715678691864,0.0004022637731395662,1.0,0.0,0.016438569873571396,0.05728140473365784,0.453125,0.546875,1.5924205780029297,1.5924205780029297,1.5924206397954777e-10,1.5924206397954777e-10,0.0,1.0,1.6088594198226929,1.6088594198226929,0.453125,0.0,0.0
4,encoder.layers.1.blocks.4.attention.self.continuous_position_bias_mlp.0,7.733202934265137,7.613061904907227,-0.12014089524745941,0.0001562249381095171,0.87890625,0.10546875,-8.305358642246574e-05,0.0023317504674196243,0.513671875,0.47265625,0.1308102309703827,0.1700158417224884,1.3081024111127881e-11,1.7001585903009264e-11,0.421875,0.564453125,0.13072717189788818,0.17017468810081482,0.5346534848213196,0.4039604067802429,0.4039604067802429
4,encoder.layers.1.blocks.4.attention.self.continuous_position_bias_mlp.2,8.152740478515625,8.101191520690918,-0.05154840275645256,4.1034463720279746e-06,0.6666666865348816,0.3333333432674408,0.006750283297151327,0.01528320461511612,0.1666666716337204,0.8333333730697632,-0.020862389355897903,0.034425586462020874,-2.086238950690933e-12,3.4425587380759737e-12,0.8333333730697632,0.1666666716337204,-0.014112105593085289,0.031185682862997055,0.5,0.5,0.8333333730697632
4,encoder.layers.1.blocks.4.attention.self.query,7.169114589691162,6.602853298187256,-0.5662606954574585,0.0004012815188616514,1.0,0.0,0.0005699999164789915,0.004667877219617367,0.4869791865348816,0.5130208730697632,0.31945836544036865,0.3281249701976776,3.194583486632041e-11,3.281249577602452e-11,0.2083333432674408,0.7916666865348816,0.3200283646583557,0.32886672019958496,0.4869791865348816,0.2083333432674408,0.2109375
4,encoder.layers.1.blocks.4.attention.self.key,7.071022033691406,6.480456352233887,-0.5905662178993225,0.00040401710430160165,1.0,0.0,0.00035219290293753147,0.005074647255241871,0.4869791865348816,0.5130208730697632,0.4088471829891205,0.41718578338623047,4.0884719221256915e-11,4.171858344892421e-11,0.09375,0.90625,0.40919941663742065,0.41750115156173706,0.4869791865348816,0.09375,0.0885416716337204
4,encoder.layers.1.blocks.4.attention.self.value,7.094178676605225,6.516130447387695,-0.5780482292175293,0.0004006071831099689,1.0,0.0,0.004932560492306948,0.06286321580410004,0.46875,0.53125,0.38310348987579346,0.3838169574737549,3.831035141899086e-11,3.8381697126110836e-11,0.02083333395421505,0.9791666865348816,0.3880361020565033,0.3962690234184265,0.46875,0.02083333395421505,0.0729166716337204
4,encoder.layers.1.blocks.4.attention.output.dense,6.775136470794678,6.212920188903809,-0.56221604347229,0.0004006323288194835,1.0,0.0,0.013014517724514008,0.06981679797172546,0.4427083432674408,0.5572916865348816,0.5662521719932556,0.5676720142364502,5.6625214933658796e-11,5.67672020501675e-11,0.03125,0.96875,0.5792666673660278,0.5822227597236633,0.4427083432674408,0.03125,0.0338541679084301
4,encoder.layers.1.blocks.4.intermediate.dense,2.723116636276245,2.2799487113952637,-0.44316816329956055,0.00026915231137536466,0.666015625,0.0,0.0007552989991381764,0.006689857691526413,0.4811198115348816,0.5188802480697632,3.9636497497558594,3.9719481468200684,3.963649408689207e-10,3.971948048242524e-10,0.0807291716337204,0.9192708730697632,3.964404821395874,3.9735705852508545,0.3138020932674408,0.0807291716337204,0.0787760466337204
4,encoder.layers.1.blocks.4.output.dense,5.847012996673584,5.254105567932129,-0.5929075479507446,0.00040556606836616993,1.0,0.0,0.005292885936796665,0.032114602625370026,0.5052083730697632,0.4947916865348816,1.2580492496490479,1.2580492496490479,1.2580492203539961e-10,1.2580492203539961e-10,0.0,1.0,1.2633421421051025,1.2633421421051025,0.5052083730697632,0.0,0.0
4,encoder.layers.1.blocks.5.attention.self.continuous_position_bias_mlp.0,6.2606987953186035,5.865270614624023,-0.3954281508922577,0.0002765647368505597,0.736328125,0.02734375,-4.244032606948167e-05,0.00014013137842994183,0.45703125,0.34765625,-4688.4580078125,4785.076171875,-4.688458261625783e-07,4.785076157531876e-07,0.150390625,0.697265625,-4688.4580078125,4785.076171875,0.5072815418243408,0.20276497304439545,0.20459769666194916
4,encoder.layers.1.blocks.5.attention.self.continuous_position_bias_mlp.2,7.646461486816406,7.352673530578613,-0.2937888503074646,0.0003287022409494966,1.0,0.0,0.001859814627096057,0.0024550973903387785,0.3333333432674408,0.6666666865348816,0.07925932854413986,0.16322559118270874,7.925933347141534e-12,1.632255962336071e-11,0.3333333432674408,0.6666666865348816,0.08111914247274399,0.1615193784236908,0.3333333432674408,0.3333333432674408,0.3333333432674408
4,encoder.layers.1.blocks.5.attention.self.query,7.220015525817871,6.659146785736084,-0.5608681440353394,0.000399954617023468,1.0,0.0,0.0003856206894852221,0.007809845265001059,0.4947916865348816,0.5052083730697632,0.29077911376953125,0.3075993061065674,2.9077911953279134e-11,3.075993279533229e-11,0.3203125,0.6796875,0.29116472601890564,0.30790284276008606,0.4947916865348816,0.3203125,0.3151041865348816
4,encoder.layers.1.blocks.5.attention.self.key,6.859869003295898,6.3028459548950195,-0.5570230484008789,0.0003988619428128004,1.0,0.0,-2.035533543676138e-05,0.006957049947232008,0.484375,0.515625,0.5091812610626221,0.5186426639556885,5.0918123883914035e-11,5.18642628843935e-11,0.0651041716337204,0.9348958730697632,0.5091608762741089,0.5182203054428101,0.484375,0.0651041716337204,0.0651041716337204
4,encoder.layers.1.blocks.5.attention.self.value,7.071126461029053,6.501476287841797,-0.5696500539779663,0.0004018704348709434,1.0,0.0,0.011966305784881115,0.08134105056524277,0.4583333432674408,0.5416666865348816,0.372028112411499,0.37391871213912964,3.720281721575347e-11,3.7391870849612374e-11,0.0572916679084301,0.9427083730697632,0.3839944303035736,0.39681464433670044,0.4583333432674408,0.0572916679084301,0.0989583358168602
4,encoder.layers.1.blocks.5.attention.output.dense,6.475988388061523,5.865281581878662,-0.6107066869735718,0.0004079503414686769,1.0,0.0,0.0001773343828972429,0.04201239347457886,0.5078125,0.4921875,0.863183856010437,0.8639957308769226,8.631838993578e-11,8.639957499445572e-11,0.0026041667442768812,0.9973958730697632,0.8633612394332886,0.8665391802787781,0.5078125,0.0026041667442768812,0.010416666977107525
4,encoder.layers.1.blocks.5.intermediate.dense,2.8087615966796875,2.399700403213501,-0.4090614318847656,0.0002473807835485786,0.689453125,0.0,-0.0006875271210446954,0.012096750549972057,0.4973958432674408,0.5026041865348816,4.365710258483887,4.374005317687988,4.36571001571906e-10,4.374005602159059e-10,0.0787760466337204,0.9212239980697632,4.365022659301758,4.375505447387695,0.3430989682674408,0.0787760466337204,0.0774739608168602
4,encoder.layers.1.blocks.5.output.dense,5.881512641906738,5.2870588302612305,-0.594454288482666,0.0004057862679474056,1.0,0.0,0.0004850371624343097,0.04933762550354004,0.5182291865348816,0.4817708432674408,1.2518609762191772,1.2518609762191772,1.2518611147704917e-10,1.2518611147704917e-10,0.0,1.0,1.2523460388183594,1.2523460388183594,0.5182291865348816,0.0,0.0
4,encoder.layers.1.blocks.6.attention.self.continuous_position_bias_mlp.0,7.490859508514404,7.118995666503906,-0.3718636929988861,0.00023533249623142183,0.8359375,0.009765625,6.798087269999087e-05,0.0020245169289410114,0.419921875,0.3984375,-3017.09423828125,3017.875244140625,-3.017094059032388e-07,3.0178750876075355e-07,0.28515625,0.55859375,-3017.09423828125,3017.87548828125,0.5083532333374023,0.3402777910232544,0.3464203178882599
4,encoder.layers.1.blocks.6.attention.self.continuous_position_bias_mlp.2,7.864982604980469,7.698822021484375,-0.1661601960659027,0.0003409420314710587,1.0,0.0,-0.01611456833779812,0.01611456833779812,1.0,0.0,0.014695584774017334,0.07066644728183746,1.469558307508334e-12,7.066645012210326e-12,0.3333333432674408,0.6666666865348816,-0.001418979256413877,0.08049671351909637,1.0,0.3333333432674408,0.6666666865348816
4,encoder.layers.1.blocks.6.attention.self.query,7.173587799072266,6.5929107666015625,-0.5806765556335449,0.00040302914567291737,1.0,0.0,-0.0012838910333812237,0.009456407278776169,0.5442708730697632,0.4557291865348816,0.3282036781311035,0.3378804922103882,3.282036448171155e-11,3.3788048747762645e-11,0.1979166716337204,0.8020833730697632,0.3269197940826416,0.33738943934440613,0.5442708730697632,0.1979166716337204,0.203125
4,encoder.layers.1.blocks.6.attention.self.key,6.958827018737793,6.386660575866699,-0.5721660852432251,0.00040194191387854517,1.0,0.0,-0.00039188709342852235,0.008354263380169868,0.5286458730697632,0.4713541865348816,0.45507264137268066,0.4597512483596802,4.550726462326793e-11,4.597512648363278e-11,0.0390625,0.9609375,0.45468080043792725,0.4597131609916687,0.5286458730697632,0.0390625,0.046875
4,encoder.layers.1.blocks.6.attention.self.value,7.10062313079834,6.5351080894470215,-0.5655149817466736,0.0003936132416129112,0.9973958730697632,0.0026041667442768812,-0.008185462094843388,0.08257949352264404,0.546875,0.453125,-120.0492172241211,120.79226684570312,-1.200492327768643e-08,1.2079229172456962e-08,0.0807291716337204,0.9192708730697632,-120.0573959350586,120.7981185913086,0.5494791865348816,0.078125,0.125
4,encoder.layers.1.blocks.6.attention.output.dense,6.84799861907959,6.268405914306641,-0.5795922875404358,0.0004023049841634929,1.0,0.0,0.0039313435554504395,0.06906163692474365,0.5026041865348816,0.4973958432674408,0.5203120708465576,0.5221156477928162,5.2031212671721505e-11,5.221156840207186e-11,0.0182291679084301,0.9817708730697632,0.5242434740066528,0.5313425064086914,0.5026041865348816,0.0182291679084301,0.0598958358168602
4,encoder.layers.1.blocks.6.intermediate.dense,3.0305209159851074,2.5899083614349365,-0.440612256526947,0.0002658258890733123,0.720703125,0.0,-0.00054924440337345,0.009571443311870098,0.4876302182674408,0.5123698115348816,4.141604423522949,4.151137351989746,4.1416037266372996e-10,4.151137211749756e-10,0.0729166716337204,0.9270833730697632,4.141055107116699,4.153133392333984,0.3528645932674408,0.0729166716337204,0.07421875
4,encoder.layers.1.blocks.6.output.dense,5.801219940185547,5.22532844543457,-0.5758920907974243,0.00040314378566108644,1.0,0.0,0.001674459665082395,0.035713572055101395,0.4791666865348816,0.5208333730697632,1.245583415031433,1.245583415031433,1.2455834974556268e-10,1.2455834974556268e-10,0.0,1.0,1.247257947921753,1.247257947921753,0.4791666865348816,0.0,0.0
4,encoder.layers.1.blocks.7.attention.self.continuous_position_bias_mlp.0,7.814079761505127,7.663829803466797,-0.1502498835325241,0.00017742448835633695,0.908203125,0.056640625,0.00010220734839094803,0.0035671042278409004,0.4765625,0.48828125,-507.2124938964844,616.241943359375,-5.0721251199092876e-08,6.162419197153213e-08,0.455078125,0.513671875,-507.21246337890625,616.2420654296875,0.5303643941879272,0.4556451439857483,0.4536290168762207
4,encoder.layers.1.blocks.7.attention.self.continuous_position_bias_mlp.2,7.7812018394470215,7.485438823699951,-0.29576319456100464,0.0003987776581197977,1.0,0.0,-0.025752132758498192,0.08201783895492554,0.6666666865348816,0.3333333432674408,0.04698720574378967,0.13633719086647034,4.698720579288107e-12,1.3633718286276686e-11,0.3333333432674408,0.6666666865348816,0.02123507857322693,0.19791460037231445,0.6666666865348816,0.3333333432674408,0.6666666865348816
4,encoder.layers.1.blocks.7.attention.self.query,7.058478832244873,6.479318618774414,-0.5791598558425903,0.0004033318255096674,1.0,0.0,0.0018190466798841953,0.018626786768436432,0.5182291865348816,0.4817708432674408,0.3927024304866791,0.39611369371414185,3.927024677663482e-11,3.9611369739844804e-11,0.0911458358168602,0.9088541865348816,0.39452147483825684,0.39853596687316895,0.5182291865348816,0.0911458358168602,0.1041666716337204
4,encoder.layers.1.blocks.7.attention.self.key,7.03635311126709,6.4343180656433105,-0.6020342707633972,0.00040612215525470674,1.0,0.0,0.00041983649134635925,0.014309066347777843,0.5208333730697632,0.4791666865348816,0.4378502368927002,0.4430101811885834,4.378502421742425e-11,4.430101771535355e-11,0.0416666679084301,0.9583333730697632,0.43827003240585327,0.44369810819625854,0.5208333730697632,0.0416666679084301,0.0494791679084301
4,encoder.layers.1.blocks.7.attention.self.value,7.130179405212402,6.542453765869141,-0.5877255797386169,0.0003925651253666729,1.0,0.0,0.005071965046226978,0.145146906375885,0.4895833432674408,0.5104166865348816,-163.7100067138672,164.4818572998047,-1.6371000555182036e-08,1.6448186812567656e-08,0.0833333358168602,0.9166666865348816,-163.70492553710938,164.52029418945312,0.4895833432674408,0.0833333358168602,0.1354166716337204
4,encoder.layers.1.blocks.7.attention.output.dense,6.767821311950684,6.235623836517334,-0.5321977138519287,0.0003933353291358799,1.0,0.0,0.019821107387542725,0.09674292802810669,0.46875,0.53125,0.5268144607543945,0.5666984915733337,5.2681442541668844e-11,5.666984936869568e-11,0.0364583358168602,0.9635416865348816,0.5466355085372925,0.5994446277618408,0.46875,0.0364583358168602,0.0651041716337204
4,encoder.layers.1.blocks.7.intermediate.dense,2.901233196258545,2.4625120162963867,-0.4387209415435791,0.0002633075346238911,0.703125,0.0,-0.0002892017364501953,0.013096025213599205,0.5182291865348816,0.4817708432674408,4.221264839172363,4.226594924926758,4.221264449100204e-10,4.226594629841429e-10,0.0553385429084301,0.9446614980697632,4.220975399017334,4.227226257324219,0.365234375,0.0553385429084301,0.0533854179084301
4,encoder.layers.1.blocks.7.output.dense,5.897514343261719,5.290685176849365,-0.6068285703659058,0.0004075480974279344,1.0,0.0,-0.005335882306098938,0.04557114094495773,0.5260416865348816,0.4739583432674408,1.2675926685333252,1.2675926685333252,1.267592697473674e-10,1.267592697473674e-10,0.0,1.0,1.2622568607330322,1.2622568607330322,0.5260416865348816,0.0,0.0
4,encoder.layers.1.downsample.reduction,6.76104736328125,6.158710479736328,-0.6023364663124084,0.0004065310931764543,1.0,0.0,-0.0024792205076664686,0.03587660938501358,0.4947916865348816,0.5052083730697632,0.6357454061508179,0.6357454061508179,6.357454146455055e-11,6.357454146455055e-11,0.0,1.0,0.6332661509513855,0.6343643069267273,0.4947916865348816,0.0,0.014322916977107525
4,encoder.layers.2.blocks.0.attention.self.continuous_position_bias_mlp.0,7.959811210632324,7.869832515716553,-0.08997832238674164,0.0001663316652411595,0.91796875,0.076171875,6.42337545286864e-05,0.0018587646773084998,0.494140625,0.5,0.02627371810376644,0.08283251523971558,2.6273722780745246e-12,8.283250821361499e-12,0.541015625,0.453125,0.02633795142173767,0.08294236660003662,0.5304518938064575,0.5383104085922241,0.5383104085922241
4,encoder.layers.2.blocks.0.attention.self.continuous_position_bias_mlp.2,8.002379417419434,7.870905876159668,-0.13147318363189697,0.00021654964075423777,0.8333333730697632,0.1666666716337204,-0.0006547234952449799,0.00954367220401764,0.5,0.5,-0.013693735003471375,0.05194048210978508,-1.3693736899619835e-12,5.194048316448097e-12,0.5833333730697632,0.4166666865348816,-0.01434845756739378,0.05329940840601921,0.3333333432674408,0.5833333730697632,0.6666666865348816
4,encoder.layers.2.blocks.0.attention.self.query,6.75092077255249,6.170239448547363,-0.5806815028190613,0.0004037818871438503,1.0,0.0,2.101712379953824e-05,0.0005830770824104548,0.4856770932674408,0.5143229365348816,0.5974326133728027,0.5981494784355164,5.974325895108379e-11,5.981494466400505e-11,0.01302083395421505,0.9869791865348816,0.5974535942077637,0.5981618762016296,0.4856770932674408,0.01302083395421505,0.01302083395421505
4,encoder.layers.2.blocks.0.attention.self.key,6.803243160247803,6.239485740661621,-0.5637573599815369,0.0004013448196928948,1.0,0.0,7.33528167984332e-06,0.0007142508402466774,0.4869791865348816,0.5130208730697632,0.5432798266410828,0.5454944968223572,5.4327983084467846e-11,5.4549455230645805e-11,0.0611979179084301,0.9388021230697632,0.5432871580123901,0.5455333590507507,0.4869791865348816,0.0611979179084301,0.0625
4,encoder.layers.2.blocks.0.attention.self.value,5.741177558898926,5.1397624015808105,-0.6014149188995361,0.0004064838867634535,1.0,0.0,-0.00018695357721298933,0.00682095717638731,0.4934895932674408,0.5065104365348816,1.375440001487732,1.3762134313583374,1.3754400396415178e-10,1.3762134487560473e-10,0.01692708395421505,0.9830729365348816,1.3752530813217163,1.3762483596801758,0.4934895932674408,0.01692708395421505,0.0182291679084301
4,encoder.layers.2.blocks.0.attention.output.dense,5.8377885818481445,5.250336647033691,-0.5874518752098083,0.00040479176095686853,1.0,0.0,-0.001354331849142909,0.008901111781597137,0.5299479365348816,0.4700520932674408,1.2534208297729492,1.2534208297729492,1.2534207005643339e-10,1.2534207005643339e-10,0.0,1.0,1.2520663738250732,1.2520663738250732,0.5299479365348816,0.0,0.0
4,encoder.layers.2.blocks.0.intermediate.dense,4.294503688812256,3.7180633544921875,-0.5764402747154236,0.00040276668732985854,1.0,0.0,-2.759120616246946e-05,0.0003146229428239167,0.5016276240348816,0.4983724057674408,2.3976821899414062,2.404296636581421,2.397682330457229e-10,2.4042964841264336e-10,0.0927734375,0.9072265625,2.3976545333862305,2.4042916297912598,0.5016276240348816,0.0927734375,0.0944010466337204
4,encoder.layers.2.blocks.0.output.dense,5.375288963317871,4.778505325317383,-0.5967838168144226,0.0004061178187839687,1.0,0.0,0.00016274102381430566,0.002174520865082741,0.4947916865348816,0.5052083730697632,1.61948823928833,1.61948823928833,1.6194882934694732e-10,1.6194882934694732e-10,0.0,1.0,1.6196508407592773,1.6196508407592773,0.4947916865348816,0.0,0.0
4,encoder.layers.2.blocks.1.attention.self.continuous_position_bias_mlp.0,7.679475784301758,7.428944110870361,-0.25053203105926514,0.00023053842596709728,0.9296875,0.001953125,-2.18477889575297e-05,0.00028507880051620305,0.5234375,0.3984375,-567.7260131835938,568.1895751953125,-5.6772599066334806e-08,5.6818958427129473e-08,0.400390625,0.533203125,-567.72607421875,568.1895751953125,0.569915235042572,0.43096232414245605,0.43096232414245605
4,encoder.layers.2.blocks.1.attention.self.continuous_position_bias_mlp.2,8.011988639831543,7.81245231628418,-0.19953548908233643,0.00019432992849033326,0.9166666865348816,0.0833333358168602,-0.001329978695139289,0.0027447647880762815,0.75,0.25,-0.02127804234623909,0.0771503821015358,-2.127804226217944e-12,7.715038677358343e-12,0.6666666865348816,0.3333333432674408,-0.022608023136854172,0.07878531515598297,0.8333333730697632,0.5833333730697632,0.6666666865348816
4,encoder.layers.2.blocks.1.attention.self.query,6.844632625579834,6.253355026245117,-0.5912778973579407,0.0004053384473081678,1.0,0.0,-2.3157981559052132e-05,0.00035801687045022845,0.51953125,0.48046875,0.5372275710105896,0.537578821182251,5.372275888038125e-11,5.375788356132283e-11,0.010416666977107525,0.9895833730697632,0.5372044444084167,0.5375577211380005,0.51953125,0.010416666977107525,0.010416666977107525
4,encoder.layers.2.blocks.1.attention.self.key,6.883803367614746,6.287909507751465,-0.5958938002586365,0.0004059328348375857,1.0,0.0,-7.181395631050691e-06,0.00040347763570025563,0.4895833432674408,0.5104166865348816,0.5220252871513367,0.5233856439590454,5.220253049276202e-11,5.233856403830117e-11,0.0234375,0.9765625,0.5220181345939636,0.5233834981918335,0.4895833432674408,0.0234375,0.0234375
4,encoder.layers.2.blocks.1.attention.self.value,6.271202087402344,5.679248809814453,-0.5919527411460876,0.00040540320333093405,1.0,0.0,-0.00016524185775779188,0.005047477316111326,0.51171875,0.48828125,0.9599366188049316,0.960023045539856,9.599365746737476e-11,9.600230332917903e-11,0.00390625,0.99609375,0.9597713351249695,0.9598800539970398,0.51171875,0.00390625,0.00390625
4,encoder.layers.2.blocks.1.attention.output.dense,6.0128493309021,5.4362592697143555,-0.5765908360481262,0.0004032472788821906,1.0,0.0,0.0001965745323104784,0.006251850631088018,0.4791666865348816,0.5208333730697632,1.109912395477295,1.109912395477295,1.1099123703450786e-10,1.1099123703450786e-10,0.0,1.0,1.1101089715957642,1.1105058193206787,0.4791666865348816,0.0,0.0013020833721384406
4,encoder.layers.2.blocks.1.intermediate.dense,4.344866752624512,3.7696356773376465,-0.5752307772636414,0.00040252957842312753,1.0,0.0,3.364295480423607e-06,0.0002854467020370066,0.5029296875,0.4970703125,2.346282482147217,2.3541955947875977,2.3462823350861584e-10,2.354195449694174e-10,0.1155598983168602,0.8844401240348816,2.346285581588745,2.3541793823242188,0.5029296875,0.1155598983168602,0.1155598983168602
4,encoder.layers.2.blocks.1.output.dense,5.620796203613281,5.032525539398193,-0.5882709622383118,0.0004049060516990721,1.0,0.0,0.00012090591189917177,0.0018116035498678684,0.5,0.5,1.419023036956787,1.419023036956787,1.419023093474081e-10,1.419023093474081e-10,0.0,1.0,1.4191440343856812,1.4191440343856812,0.5,0.0,0.0
4,encoder.layers.2.blocks.2.attention.self.continuous_position_bias_mlp.0,7.755989074707031,7.593386173248291,-0.16260284185409546,0.00023113886709325016,0.958984375,0.0,-3.571770139387809e-05,0.0003934290143661201,0.537109375,0.421875,0.09457546472549438,0.16404545307159424,9.457546724933596e-12,1.640454438955885e-11,0.443359375,0.515625,0.09453975409269333,0.16401153802871704,0.5600814819335938,0.46232181787490845,0.46232181787490845
4,encoder.layers.2.blocks.2.attention.self.continuous_position_bias_mlp.2,8.075122833251953,7.991347312927246,-0.08377540111541748,0.00014941590779926628,0.9166666865348816,0.0833333358168602,0.001406366005539894,0.0015223356895148754,0.25,0.75,-0.020127400755882263,0.047309063374996185,-2.012740234896837e-12,4.730905771299643e-12,0.75,0.25,-0.01872103661298752,0.046184759587049484,0.1666666716337204,0.6666666865348816,0.6666666865348816
4,encoder.layers.2.blocks.2.attention.self.query,6.912439346313477,6.327498912811279,-0.5849408507347107,0.0004044240340590477,1.0,0.0,3.5724995541386306e-05,0.000563448469620198,0.4817708432674408,0.5182291865348816,0.4881180226802826,0.48893213272094727,4.881180876159519e-11,4.889321586487583e-11,0.02473958395421505,0.9752604365348816,0.4881537854671478,0.4889865815639496,0.4817708432674408,0.02473958395421505,0.02734375
4,encoder.layers.2.blocks.2.attention.self.key,6.922388076782227,6.343839168548584,-0.5785483717918396,0.00040344707667827606,1.0,0.0,1.981892273761332e-05,0.0006887732888571918,0.5104166865348816,0.4895833432674408,0.4805329442024231,0.48318156599998474,4.8053293982830425e-11,4.8318155032589516e-11,0.06640625,0.93359375,0.4805527329444885,0.4832260012626648,0.5104166865348816,0.06640625,0.0651041716337204
4,encoder.layers.2.blocks.2.attention.self.value,6.490573883056641,5.905171871185303,-0.5854021906852722,0.00040449516382068396,1.0,0.0,-8.59568826854229e-05,0.008537196554243565,0.4947916865348816,0.5052083730697632,0.7864631414413452,0.7865728139877319,7.864631168530423e-11,7.86572681987785e-11,0.006510416977107525,0.9934896230697632,0.7863771319389343,0.786557674407959,0.4947916865348816,0.006510416977107525,0.006510416977107525
4,encoder.layers.2.blocks.2.attention.output.dense,6.148309230804443,5.556312561035156,-0.5919967889785767,0.00040543609065935016,1.0,0.0,0.00028907967498525977,0.005556121002882719,0.4791666865348816,0.5208333730697632,1.0623207092285156,1.0623207092285156,1.0623207868931672e-10,1.0623207868931672e-10,0.0,1.0,1.0626099109649658,1.062627911567688,0.4791666865348816,0.0,0.0013020833721384406
4,encoder.layers.2.blocks.2.intermediate.dense,4.688121795654297,4.126378059387207,-0.5617436766624451,0.00040049859671853483,1.0,0.0,1.2020984286209568e-05,0.0005005063721910119,0.5074869990348816,0.4925130307674408,2.063763380050659,2.0723519325256348,2.0637634656761605e-10,2.0723517346610265e-10,0.1461588591337204,0.8538411855697632,2.0637755393981934,2.072373390197754,0.5074869990348816,0.1461588591337204,0.1468099057674408
4,encoder.layers.2.blocks.2.output.dense,5.748022079467773,5.160528182983398,-0.5874942541122437,0.000404795806389302,1.0,0.0,-6.019038119120523e-05,0.002096388256177306,0.5169271230697632,0.4830729365348816,1.3265955448150635,1.3265955448150635,1.326595500117378e-10,1.326595500117378e-10,0.0,1.0,1.3265353441238403,1.3265353441238403,0.5169271230697632,0.0,0.0
4,encoder.layers.2.blocks.3.attention.self.continuous_position_bias_mlp.0,7.853634834289551,7.723911285400391,-0.12972325086593628,0.0001862633798737079,0.99609375,0.0,5.8797450037673116e-05,0.00030027900356799364,0.5234375,0.470703125,-359.41021728515625,359.5807800292969,-3.594102437887159e-08,3.595808095724351e-08,0.4609375,0.53515625,-359.4101257324219,359.58074951171875,0.5265226364135742,0.46274513006210327,0.46274513006210327
4,encoder.layers.2.blocks.3.attention.self.continuous_position_bias_mlp.2,8.12447738647461,8.021855354309082,-0.10262227058410645,0.00021262603695504367,0.9166666865348816,0.0833333358168602,0.0012984517961740494,0.0022605867125093937,0.5,0.5,-0.03608169034123421,0.05003749951720238,-3.6081688851996585e-12,5.003750452176048e-12,0.75,0.25,-0.03478323668241501,0.04964625462889671,0.5833333730697632,0.6666666865348816,0.6666666865348816
4,encoder.layers.2.blocks.3.attention.self.query,6.885134696960449,6.3146514892578125,-0.570482611656189,0.0004023908113595098,1.0,0.0,-5.2374336519278586e-05,0.0005387741839513183,0.5078125,0.4921875,0.4872973561286926,0.4878072142601013,4.872973552449977e-11,4.8780722516905684e-11,0.02734375,0.97265625,0.48724496364593506,0.4877558946609497,0.5078125,0.02734375,0.02864583395421505
4,encoder.layers.2.blocks.3.attention.self.key,6.991957664489746,6.392653465270996,-0.5993046760559082,0.0004064988752361387,1.0,0.0,1.5783825801918283e-05,0.0006669233553111553,0.4739583432674408,0.5260416865348816,0.4526174068450928,0.4533509910106659,4.5261738801372076e-11,4.533509678772418e-11,0.0390625,0.9609375,0.4526331424713135,0.453363299369812,0.4739583432674408,0.0390625,0.0390625
4,encoder.layers.2.blocks.3.attention.self.value,6.470088005065918,5.870521545410156,-0.5995660424232483,0.00040645821718499064,1.0,0.0,-0.0009446142939850688,0.01101800799369812,0.5260416865348816,0.4739583432674408,0.8468291163444519,0.847038745880127,8.468291345931078e-11,8.470388279668839e-11,0.0052083334885537624,0.9947916865348816,0.8458845019340515,0.8464694023132324,0.5260416865348816,0.0052083334885537624,0.010416666977107525
4,encoder.layers.2.blocks.3.attention.output.dense,6.370258331298828,5.792945861816406,-0.5773126482963562,0.00040335016092285514,1.0,0.0,0.0016866786172613502,0.009062535129487514,0.4817708432674408,0.5182291865348816,0.8626245856285095,0.8626245856285095,8.626246245091451e-11,8.626246245091451e-11,0.0,1.0,0.8643113374710083,0.8643113374710083,0.4817708432674408,0.0,0.0
4,encoder.layers.2.blocks.3.intermediate.dense,4.497793674468994,3.91849422454834,-0.5792994499206543,0.000403200596338138,1.0,0.0,-5.352238076739013e-06,0.0011585502652451396,0.4964192807674408,0.5035807490348816,2.2457351684570312,2.252551794052124,2.2457351256388591e-10,2.2525517562321795e-10,0.1276041716337204,0.8723958730697632,2.245729923248291,2.252657175064087,0.4964192807674408,0.1276041716337204,0.1272786557674408
4,encoder.layers.2.blocks.3.output.dense,5.792936325073242,5.223232269287109,-0.5697039365768433,0.0004022631037514657,1.0,0.0,0.0005730928387492895,0.003817587625235319,0.4635416865348816,0.5364583730697632,1.2447373867034912,1.2447373867034912,1.2447373687329844e-10,1.2447373687329844e-10,0.0,1.0,1.2453105449676514,1.2453105449676514,0.4635416865348816,0.0,0.0
4,encoder.layers.2.blocks.4.attention.self.continuous_position_bias_mlp.0,7.6445817947387695,7.480434417724609,-0.16414786875247955,0.0002137579576810822,0.974609375,0.005859375,1.1227990398765542e-05,0.000241555564571172,0.486328125,0.494140625,-406.9085693359375,407.4986877441406,-4.069085690616703e-08,4.0749867480371904e-08,0.412109375,0.56640625,-406.9085388183594,407.4987487792969,0.49800798296928406,0.42514970898628235,0.42743536829948425
4,encoder.layers.2.blocks.4.attention.self.continuous_position_bias_mlp.2,8.030405044555664,7.988624572753906,-0.04178067296743393,7.215877849375829e-05,0.75,0.25,0.0005246472428552806,0.0015103803016245365,0.4166666865348816,0.5833333730697632,-0.009684702381491661,0.030197029933333397,-9.684700957857117e-13,3.019702543571867e-12,0.5833333730697632,0.4166666865348816,-0.00916005577892065,0.03086680918931961,0.5,0.6666666865348816,0.6666666865348816
4,encoder.layers.2.blocks.4.attention.self.query,7.002103805541992,6.415241241455078,-0.5868629217147827,0.0004046475514769554,1.0,0.0,3.874410685966723e-05,0.0003513850679155439,0.4830729365348816,0.5169271230697632,0.42803794145584106,0.42988619208335876,4.280379869991968e-11,4.29886196084972e-11,0.05078125,0.94921875,0.42807668447494507,0.42991364002227783,0.4830729365348816,0.05078125,0.046875
4,encoder.layers.2.blocks.4.attention.self.key,6.978777885437012,6.405381679534912,-0.5733954906463623,0.00040269698365591466,1.0,0.0,5.974998930469155e-05,0.000512703089043498,0.5052083730697632,0.4947916865348816,0.43629226088523865,0.4390137195587158,4.3629232171493726e-11,4.390137559040497e-11,0.07421875,0.92578125,0.436352014541626,0.43909725546836853,0.5052083730697632,0.07421875,0.0755208358168602
4,encoder.layers.2.blocks.4.attention.self.value,6.814877986907959,6.230807304382324,-0.5840717554092407,0.0004043098306283355,1.0,0.0,-0.0003001168370246887,0.008362248539924622,0.5013021230697632,0.4986979365348816,0.549881100654602,0.5500996112823486,5.498811128656911e-11,5.500996186347251e-11,0.01171875,0.98828125,0.549580991268158,0.5500540137290955,0.5013021230697632,0.01171875,0.015625
4,encoder.layers.2.blocks.4.attention.output.dense,6.3859968185424805,5.7910284996032715,-0.5949680209159851,0.0004058552149217576,1.0,0.0,9.979191236197948e-05,0.004869800992310047,0.4921875,0.5078125,0.8862545490264893,0.8867925405502319,8.86254611365267e-11,8.867925144206978e-11,0.01302083395421505,0.9869791865348816,0.886354386806488,0.8871859908103943,0.4921875,0.01302083395421505,0.014322916977107525
4,encoder.layers.2.blocks.4.intermediate.dense,4.970837593078613,4.402625560760498,-0.5682120323181152,0.0004014667065348476,1.0,0.0,-2.9330956749618053e-05,0.0010232985951006413,0.51171875,0.48828125,1.8915045261383057,1.9008128643035889,1.8915047306222732e-10,1.9008127016828524e-10,0.1575520932674408,0.8424479365348816,1.8914752006530762,1.9008870124816895,0.51171875,0.1575520932674408,0.158203125
4,encoder.layers.2.blocks.4.output.dense,5.840840816497803,5.2525763511657715,-0.5882648229598999,0.0004049059352837503,1.0,0.0,0.00045734207378700376,0.003179619088768959,0.4765625,0.5234375,1.2653034925460815,1.2653034925460815,1.265303556374775e-10,1.265303556374775e-10,0.0,1.0,1.2657607793807983,1.2657607793807983,0.4765625,0.0,0.0
4,encoder.layers.2.blocks.5.attention.self.continuous_position_bias_mlp.0,7.7741498947143555,7.499110221862793,-0.2750401496887207,0.00020499556558206677,0.794921875,0.009765625,9.459663488087244e-07,0.00015774951316416264,0.38671875,0.396484375,-2798.03759765625,2798.482177734375,-2.7980377126368694e-07,2.798482228172361e-07,0.359375,0.439453125,-2798.03759765625,2798.48193359375,0.4987531304359436,0.45721274614334106,0.46116504073143005
4,encoder.layers.2.blocks.5.attention.self.continuous_position_bias_mlp.2,7.866306304931641,7.799611568450928,-0.06669418513774872,0.0001150658936239779,0.9166666865348816,0.0833333358168602,0.00023940822575241327,0.0010214962530881166,0.4166666865348816,0.5833333730697632,0.01656806841492653,0.047521721571683884,1.6568066363298328e-12,4.7521717463916424e-12,0.25,0.75,0.016807474195957184,0.04758964478969574,0.5,0.3333333432674408,0.3333333432674408
4,encoder.layers.2.blocks.5.attention.self.query,6.925221920013428,6.347362518310547,-0.5778587460517883,0.0004034367739222944,1.0,0.0,-1.9026267182198353e-05,0.00025899961474351585,0.51171875,0.48828125,0.4698551595211029,0.4702296257019043,4.698551964166242e-11,4.7022961913167904e-11,0.0182291679084301,0.9817708730697632,0.46983617544174194,0.4702175259590149,0.51171875,0.0182291679084301,0.02083333395421505
4,encoder.layers.2.blocks.5.attention.self.key,6.882326126098633,6.308837413787842,-0.5734888315200806,0.0004027622926514596,1.0,0.0,2.666940417839214e-06,0.00025412708055227995,0.50390625,0.49609375,0.4951300024986267,0.49604713916778564,4.951299786837282e-11,4.960471963744162e-11,0.01302083395421505,0.9869791865348816,0.4951326549053192,0.4960540235042572,0.50390625,0.01302083395421505,0.014322916977107525
4,encoder.layers.2.blocks.5.attention.self.value,6.814870357513428,6.2326483726501465,-0.5822222828865051,0.0004040550848003477,1.0,0.0,-0.0002992414520122111,0.003200536360964179,0.5130208730697632,0.4869791865348816,0.5491856336593628,0.5493289232254028,5.491855581407634e-11,5.4932891568881814e-11,0.006510416977107525,0.9934896230697632,0.5488863587379456,0.5490095615386963,0.5130208730697632,0.006510416977107525,0.0052083334885537624
4,encoder.layers.2.blocks.5.attention.output.dense,5.688353538513184,5.116243362426758,-0.5721094012260437,0.00040255190106108785,1.0,0.0,-2.3704644263489172e-05,0.0032805358059704304,0.52734375,0.47265625,1.3202791213989258,1.3206944465637207,1.3202791637745293e-10,1.3206945259636171e-10,0.0013020833721384406,0.9986979365348816,1.3202553987503052,1.320673942565918,0.52734375,0.0013020833721384406,0.0013020833721384406
4,encoder.layers.2.blocks.5.intermediate.dense,5.368648529052734,4.8112473487854,-0.5574013590812683,0.0003995693987235427,1.0,0.0,5.6034361477941275e-05,0.0010485858656466007,0.4925130307674408,0.5074869990348816,1.6063103675842285,1.621225118637085,1.6063103625008068e-10,1.6212250986136212e-10,0.2252604216337204,0.7747396230697632,1.6063663959503174,1.6213034391403198,0.4925130307674408,0.2252604216337204,0.2252604216337204
4,encoder.layers.2.blocks.5.output.dense,5.772516250610352,5.1819305419921875,-0.5905860662460327,0.0004052366130053997,1.0,0.0,0.00025183995603583753,0.002902253996580839,0.4466145932674408,0.5533854365348816,1.332891583442688,1.332891583442688,1.3328915748900272e-10,1.3328915748900272e-10,0.0,1.0,1.3331434726715088,1.3331434726715088,0.4466145932674408,0.0,0.0
4,encoder.layers.2.blocks.6.attention.self.continuous_position_bias_mlp.0,6.856238842010498,6.439583778381348,-0.41665521264076233,0.00023684161715209484,0.66015625,0.025390625,3.342317995702615e-07,2.9029402867308818e-05,0.349609375,0.32421875,-4298.36328125,4300.60693359375,-4.298363478483225e-07,4.300607088225661e-07,0.19140625,0.529296875,-4298.36328125,4300.60693359375,0.49275365471839905,0.292682945728302,0.3058510422706604
4,encoder.layers.2.blocks.6.attention.self.continuous_position_bias_mlp.2,7.784360408782959,7.507935523986816,-0.2764242887496948,0.0003112152626272291,1.0,0.0,-2.08740821108222e-05,0.00023107382003217936,0.5,0.5,0.051290370523929596,0.12116248905658722,5.129036952100652e-12,1.2116248108984262e-11,0.5,0.5,0.051269493997097015,0.12108447402715683,0.5,0.5,0.5
4,encoder.layers.2.blocks.6.attention.self.query,6.910277366638184,6.3322601318359375,-0.5780169367790222,0.00040332620847038925,1.0,0.0,1.7498292436357588e-05,0.0002565350441727787,0.5026041865348816,0.4973958432674408,0.4813593029975891,0.481647253036499,4.813593273977901e-11,4.816472914948022e-11,0.02083333395421505,0.9791666865348816,0.4813767671585083,0.4816739559173584,0.5026041865348816,0.02083333395421505,0.02083333395421505
4,encoder.layers.2.blocks.6.attention.self.key,6.79853630065918,6.216299057006836,-0.582237184047699,0.0004040342755615711,1.0,0.0,9.81197808869183e-06,0.0002983711601700634,0.4869791865348816,0.5130208730697632,0.5696812868118286,0.5708739757537842,5.6968124662049036e-11,5.708740077881025e-11,0.03125,0.96875,0.5696911215782166,0.5708884596824646,0.4869791865348816,0.03125,0.03125
4,encoder.layers.2.blocks.6.attention.self.value,6.883518218994141,6.298835277557373,-0.5846835374832153,0.0004044107045046985,1.0,0.0,-0.00013042024511378258,0.0036775553598999977,0.515625,0.484375,0.5035938024520874,0.5036799311637878,5.035937639119581e-11,5.036798755853056e-11,0.0078125,0.9921875,0.5034633278846741,0.5035393834114075,0.515625,0.0078125,0.0078125
4,encoder.layers.2.blocks.6.attention.output.dense,5.556787490844727,4.967130661010742,-0.5896567702293396,0.00040507136145606637,1.0,0.0,0.0005412484752014279,0.003256689291447401,0.4934895932674408,0.5065104365348816,1.4784568548202515,1.47916841506958,1.4784568014292176e-10,1.4791685931658805e-10,0.0078125,0.9921875,1.4789981842041016,1.4798283576965332,0.4934895932674408,0.0078125,0.0078125
4,encoder.layers.2.blocks.6.intermediate.dense,4.698124885559082,4.133373260498047,-0.5647515654563904,0.0004008946125395596,1.0,0.0,4.466028622118756e-05,0.0010133152827620506,0.501953125,0.498046875,2.113727331161499,2.124081611633301,2.1137273875648788e-10,2.1240817438261672e-10,0.1666666716337204,0.8333333730697632,2.11377215385437,2.124103307723999,0.501953125,0.1666666716337204,0.1656901091337204
4,encoder.layers.2.blocks.6.output.dense,5.891959190368652,5.306790351867676,-0.5851683020591736,0.00040446556522510946,1.0,0.0,1.0474177543073893e-05,0.0036392919719219208,0.4908854365348816,0.5091146230697632,1.1986738443374634,1.1986738443374634,1.1986737991076524e-10,1.1986737991076524e-10,0.0,1.0,1.1986842155456543,1.1986842155456543,0.4908854365348816,0.0,0.0
4,encoder.layers.2.blocks.7.attention.self.continuous_position_bias_mlp.0,7.511257171630859,6.816380500793457,-0.6948767900466919,0.00022476166486740112,0.6328125,0.037109375,2.513705112505704e-06,6.914338882779703e-05,0.279296875,0.31640625,-9500.888671875,9502.654296875,-9.500888040747668e-07,9.502654165771673e-07,0.169921875,0.52734375,-9500.888671875,9502.654296875,0.4622950851917267,0.2857142984867096,0.295580118894577
4,encoder.layers.2.blocks.7.attention.self.continuous_position_bias_mlp.2,8.051517486572266,7.763781547546387,-0.2877359390258789,0.000298072409350425,1.0,0.0,-0.0004276545369066298,0.000679832766763866,0.75,0.25,-0.028792044147849083,0.10427944362163544,-2.879204470326857e-12,1.042794323113938e-11,0.6666666865348816,0.3333333432674408,-0.029219698160886765,0.10444992780685425,0.75,0.6666666865348816,0.6666666865348816
4,encoder.layers.2.blocks.7.attention.self.query,7.066754341125488,6.5098676681518555,-0.5568872690200806,0.00039943645242601633,1.0,0.0,5.764665547758341e-05,0.0005783186643384397,0.4661458432674408,0.5338541865348816,0.381568968296051,0.3947216868400574,3.8156901249752906e-11,3.947216858923852e-11,0.1497395932674408,0.8502604365348816,0.38162660598754883,0.394787073135376,0.4661458432674408,0.1497395932674408,0.1471354216337204
4,encoder.layers.2.blocks.7.attention.self.key,6.810359954833984,6.2746171951293945,-0.5357428193092346,0.0003963247872889042,1.0,0.0,7.22836994100362e-05,0.0005550856585614383,0.4895833432674408,0.5104166865348816,0.5286895036697388,0.5411497354507446,5.286895227163413e-11,5.41149729194057e-11,0.0950520858168602,0.9049479365348816,0.5287617444992065,0.5412022471427917,0.4895833432674408,0.0950520858168602,0.09765625
4,encoder.layers.2.blocks.7.attention.self.value,7.080546855926514,6.507357597351074,-0.5731889009475708,0.0004027418908663094,1.0,0.0,0.00010336944251321256,0.0047372011467814445,0.5065104365348816,0.4934895932674408,0.36471784114837646,0.3677983283996582,3.647178392629513e-11,3.677983612115909e-11,0.1158854216337204,0.8841146230697632,0.364821195602417,0.36841726303100586,0.5065104365348816,0.1158854216337204,0.1236979216337204
4,encoder.layers.2.blocks.7.attention.output.dense,6.423669815063477,5.833806991577148,-0.589862585067749,0.00040510622784495354,1.0,0.0,0.0010718528646975756,0.005397369619458914,0.4791666865348816,0.5208333730697632,0.8357710838317871,0.8366686701774597,8.357711051010241e-11,8.366687204164336e-11,0.015625,0.984375,0.8368428945541382,0.8379911184310913,0.4791666865348816,0.015625,0.015625
4,encoder.layers.2.blocks.7.intermediate.dense,4.86180305480957,4.290992259979248,-0.5708104372024536,0.00040208850987255573,1.0,0.0,4.1222545405616984e-05,0.001397788873873651,0.4954427182674408,0.5045573115348816,1.9989255666732788,2.005345344543457,1.9989254695929048e-10,2.0053451954549217e-10,0.1376953125,0.8623046875,1.998966932296753,2.0054030418395996,0.4954427182674408,0.1376953125,0.138671875
4,encoder.layers.2.blocks.7.output.dense,6.040746688842773,5.459447860717773,-0.5812989473342896,0.0004039146879222244,1.0,0.0,-5.8214842283632606e-05,0.004941889550536871,0.5364583730697632,0.4635416865348816,1.1096100807189941,1.1096100807189941,1.1096100427376854e-10,1.1096100427376854e-10,0.0,1.0,1.1095517873764038,1.1095517873764038,0.5364583730697632,0.0,0.0
4,encoder.layers.2.downsample.reduction,6.699867248535156,6.121720790863037,-0.5781463980674744,0.00040340767009183764,1.0,0.0,-0.0002812562743201852,0.002972722752019763,0.501953125,0.498046875,0.6402742862701416,0.6410126090049744,6.402742919187077e-11,6.410125208411444e-11,0.0390625,0.9609375,0.6399930119514465,0.6410492658615112,0.501953125,0.0390625,0.0377604179084301
4,encoder.layers.3.blocks.0.attention.self.continuous_position_bias_mlp.0,7.6239166259765625,7.413164138793945,-0.2107524573802948,0.0002256655425298959,0.814453125,0.005859375,2.6911553504760377e-05,0.00021018795087002218,0.365234375,0.44921875,-177.39422607421875,177.81175231933594,-1.7739420599127698e-08,1.778117741935148e-08,0.337890625,0.482421875,-177.39418029785156,177.81178283691406,0.4460431635379791,0.41904762387275696,0.4204275608062744
4,encoder.layers.3.blocks.0.attention.self.continuous_position_bias_mlp.2,7.9021711349487305,7.752036094665527,-0.15013453364372253,0.00025321697467006743,1.0,0.0,9.326395229436457e-05,0.0008745039813220501,0.375,0.625,0.012190568260848522,0.09241257607936859,1.2190569734227275e-12,9.241257065140118e-12,0.5,0.5,0.012283834628760815,0.09293433278799057,0.375,0.5,0.5
4,encoder.layers.3.blocks.0.attention.self.query,6.404513359069824,5.81703519821167,-0.5874782800674438,0.0004047948750667274,1.0,0.0,2.3764434899931075e-06,0.0001797635923139751,0.4876302182674408,0.5123698115348816,0.857146143913269,0.857146143913269,8.571461596051932e-11,8.571461596051932e-11,0.0,1.0,0.8571485280990601,0.8571485280990601,0.4876302182674408,0.0,0.0
4,encoder.layers.3.blocks.0.attention.self.key,6.377122402191162,5.793123245239258,-0.583998441696167,0.00040429941145703197,1.0,0.0,4.449206699064234e-06,0.00017824959650170058,0.4876302182674408,0.5123698115348816,0.8681390285491943,0.8681390285491943,8.681391022724583e-11,8.681391022724583e-11,0.0,1.0,0.8681434988975525,0.8681434988975525,0.4876302182674408,0.0,0.0
4,encoder.layers.3.blocks.0.attention.self.value,6.470276832580566,5.8897833824157715,-0.5804932117462158,0.0004038015322294086,1.0,0.0,-1.1005515261786059e-05,0.0005028955056332052,0.5162760615348816,0.4837239682674408,0.7950863838195801,0.7950901985168457,7.95086427252123e-11,7.950902436437701e-11,0.0006510416860692203,0.9993489980697632,0.7950754165649414,0.7950764894485474,0.5162760615348816,0.0006510416860692203,0.0006510416860692203
4,encoder.layers.3.blocks.0.attention.output.dense,5.562446117401123,4.967803955078125,-0.5946425199508667,0.000405801460146904,1.0,0.0,-5.964410775050055e-06,0.0006247612182050943,0.509765625,0.490234375,1.5071046352386475,1.507678508758545,1.507104718800889e-10,1.5076785653267422e-10,0.02473958395421505,0.9752604365348816,1.5070985555648804,1.5076631307601929,0.509765625,0.02473958395421505,0.0240885429084301
4,encoder.layers.3.blocks.0.intermediate.dense,4.935853958129883,4.35308837890625,-0.5827657580375671,0.00040413130773231387,1.0,0.0,3.439137799432501e-06,0.00018381024710834026,0.4920247495174408,0.5079752802848816,1.892181396484375,1.8922322988510132,1.8921814115557822e-10,1.892232343037037e-10,0.00341796875,0.99658203125,1.8921847343444824,1.8922359943389893,0.4920247495174408,0.00341796875,0.0032552084885537624
4,encoder.layers.3.blocks.0.output.dense,4.8997955322265625,4.304553985595703,-0.5952417254447937,0.00040589910349808633,1.0,0.0,1.892373438749928e-05,0.00041566562140360475,0.470703125,0.529296875,1.959171175956726,1.959171175956726,1.9591714361943957e-10,1.9591714361943957e-10,0.0,1.0,1.9591901302337646,1.9591901302337646,0.470703125,0.0,0.0
4,encoder.layers.3.blocks.1.attention.self.continuous_position_bias_mlp.0,7.570775032043457,7.359138488769531,-0.21163709461688995,0.0002482015697751194,0.96484375,0.001953125,-2.6091234758496284e-05,0.00019914613221772015,0.5390625,0.42578125,0.2063869833946228,0.269509881734848,2.063870081780994e-11,2.695099005078916e-11,0.38671875,0.580078125,0.20636090636253357,0.2694789171218872,0.5587044954299927,0.4020202159881592,0.4020202159881592
4,encoder.layers.3.blocks.1.attention.self.continuous_position_bias_mlp.2,8.03180980682373,7.900717735290527,-0.13109301030635834,0.00021729488798882812,0.9583333730697632,0.0416666679084301,-0.00018282639211975038,0.000573537137825042,0.6666666865348816,0.3333333432674408,-0.02486920729279518,0.07018078863620758,-2.4869208255229314e-12,7.018078392734273e-12,0.5833333730697632,0.4166666865348816,-0.025052031502127647,0.07023768126964569,0.7083333730697632,0.625,0.625
4,encoder.layers.3.blocks.1.attention.self.query,6.52374792098999,5.940143585205078,-0.5836043357849121,0.00040424225153401494,1.0,0.0,-2.6338437919548596e-07,0.00017055022181011736,0.5026041865348816,0.4973958432674408,0.7614620923995972,0.7614620923995972,7.614621433393864e-11,7.614621433393864e-11,0.0,1.0,0.7614618539810181,0.7614618539810181,0.5026041865348816,0.0,0.0
4,encoder.layers.3.blocks.1.attention.self.key,6.532787322998047,5.931779384613037,-0.601008951663971,0.0004067219269927591,1.0,0.0,5.272206067274965e-07,0.00015630907728336751,0.48828125,0.51171875,0.78685063123703,0.78685063123703,7.868505846886364e-11,7.868505846886364e-11,0.0,1.0,0.7868511080741882,0.7868511080741882,0.48828125,0.0,0.0
4,encoder.layers.3.blocks.1.attention.self.value,6.648089408874512,6.0649003982543945,-0.5831893682479858,0.0004041871288791299,1.0,0.0,-2.9133507268852554e-05,0.0005229901289567351,0.51953125,0.48046875,0.6716594696044922,0.6716594696044922,6.716595335465314e-11,6.716595335465314e-11,0.0,1.0,0.6716303825378418,0.6716303825378418,0.51953125,0.0,0.0
4,encoder.layers.3.blocks.1.attention.output.dense,5.833855628967285,5.263301372528076,-0.570554256439209,0.0004023792571388185,1.0,0.0,2.4390374164795503e-05,0.0006470631342381239,0.515625,0.484375,1.2394280433654785,1.239881992340088,1.2394280046734707e-10,1.2398820858905424e-10,0.017578125,0.982421875,1.2394523620605469,1.2399146556854248,0.515625,0.017578125,0.017578125
4,encoder.layers.3.blocks.1.intermediate.dense,5.082169532775879,4.49334192276001,-0.5888277888298035,0.00040499126771464944,1.0,0.0,3.2697687402105657e-06,0.00020458501239772886,0.5016276240348816,0.4983724057674408,1.8270872831344604,1.8271441459655762,1.8270872315095943e-10,1.8271442692174844e-10,0.0011393229942768812,0.9988607168197632,1.8270905017852783,1.8271479606628418,0.5016276240348816,0.0011393229942768812,0.0011393229942768812
4,encoder.layers.3.blocks.1.output.dense,4.062404632568359,3.473752737045288,-0.5886518359184265,0.0004049611743539572,1.0,0.0,1.747699934639968e-05,0.00029569430625997484,0.4752604365348816,0.5247396230697632,2.5701308250427246,2.5701308250427246,2.5701307748704494e-10,2.5701307748704494e-10,0.0,1.0,2.570148229598999,2.570148229598999,0.4752604365348816,0.0,0.0
4,encoder.layers.3.blocks.2.attention.self.continuous_position_bias_mlp.0,7.544495105743408,7.350918769836426,-0.19357606768608093,0.00023350809351541102,0.93359375,0.0,-1.8869046471081674e-05,0.00034419354051351547,0.48046875,0.45703125,0.26487070322036743,0.32978153228759766,2.6487066012714777e-11,3.29781549290864e-11,0.400390625,0.5390625,0.26485177874565125,0.32972952723503113,0.5125000476837158,0.4261954426765442,0.4261954426765442
4,encoder.layers.3.blocks.2.attention.self.continuous_position_bias_mlp.2,7.990871429443359,7.915692329406738,-0.07517892122268677,0.00014847512647975236,0.9583333730697632,0.0416666679084301,-6.374184158630669e-05,0.0013803004985675216,0.5833333730697632,0.4166666865348816,-0.013803585432469845,0.04252921789884567,-1.3803585011129549e-12,4.2529213657716e-12,0.4583333432674408,0.5416666865348816,-0.013867327943444252,0.04262733459472656,0.625,0.4166666865348816,0.4166666865348816
4,encoder.layers.3.blocks.2.attention.self.query,6.625735282897949,6.050253868103027,-0.5754813551902771,0.0004030885174870491,1.0,0.0,-1.0592781109153293e-05,0.0002131398650817573,0.5065104365348816,0.4934895932674408,0.6748355627059937,0.6748355627059937,6.748356040642278e-11,6.748356040642278e-11,0.0,1.0,0.6748250722885132,0.6748250722885132,0.5065104365348816,0.0,0.0
4,encoder.layers.3.blocks.2.attention.self.key,6.671149253845215,6.077828407287598,-0.5933205485343933,0.0004053818993270397,0.9993489980697632,0.0006510416860692203,1.5768187040521298e-06,0.0002279150066897273,0.48828125,0.51171875,0.673783004283905,0.673783004283905,6.737829738590051e-11,6.737829738590051e-11,0.0,1.0,0.6737844944000244,0.6737844944000244,0.4876302182674408,0.0006510416860692203,0.0006510416860692203
4,encoder.layers.3.blocks.2.attention.self.value,6.737160682678223,6.145851135253906,-0.5913094282150269,0.0004053441225551069,1.0,0.0,2.6194704332738183e-05,0.0005937524256296456,0.4856770932674408,0.5143229365348816,0.6202064752578735,0.6202064752578735,6.202065250260347e-11,6.202065250260347e-11,0.0,1.0,0.6202326416969299,0.6202326416969299,0.4856770932674408,0.0,0.0
4,encoder.layers.3.blocks.2.attention.output.dense,5.067602157592773,4.480798721313477,-0.5868038535118103,0.000404682825319469,1.0,0.0,9.848181798588485e-05,0.0005752047291025519,0.4850260615348816,0.5149739980697632,1.8254612684249878,1.8257672786712646,1.8254613098900307e-10,1.825767315111193e-10,0.008463541977107525,0.9915364980697632,1.8255596160888672,1.8258607387542725,0.4850260615348816,0.008463541977107525,0.006510416977107525
4,encoder.layers.3.blocks.2.intermediate.dense,5.833343505859375,5.244508743286133,-0.5888345837593079,0.00040499167516827583,1.0,0.0,1.0700526900109253e-06,0.0003769407921936363,0.4954427182674408,0.5045573115348816,1.2911567687988281,1.2912214994430542,1.2911569036155868e-10,1.2912215741067712e-10,0.0027669272385537624,0.9972330927848816,1.291157841682434,1.291225552558899,0.4954427182674408,0.0027669272385537624,0.0029296875
4,encoder.layers.3.blocks.2.output.dense,5.08525276184082,4.492722034454346,-0.5925308465957642,0.00040551344864070415,1.0,0.0,-4.4739985582964437e-07,0.000638679601252079,0.4830729365348816,0.5169271230697632,1.8306888341903687,1.8306888341903687,1.8306889337793564e-10,1.8306889337793564e-10,0.0,1.0,1.8306884765625,1.8306884765625,0.4830729365348816,0.0,0.0
4,encoder.layers.3.blocks.3.attention.self.continuous_position_bias_mlp.0,7.615571975708008,7.410121917724609,-0.20544999837875366,0.0002117444819305092,0.740234375,0.001953125,-1.486869587097317e-05,0.00014448314323090017,0.3984375,0.3359375,-155.11231994628906,155.56674194335938,-1.5511233186771278e-08,1.5556677723793655e-08,0.310546875,0.43359375,-155.11233520507812,155.56675720214844,0.539893627166748,0.4199475049972534,0.4199475049972534
4,encoder.layers.3.blocks.3.attention.self.continuous_position_bias_mlp.2,7.899897575378418,7.818374156951904,-0.08152292668819427,0.0001777258439688012,0.9583333730697632,0.0416666679084301,-0.00021798355737701058,0.0006063515902496874,0.6666666865348816,0.3333333432674408,0.009657137095928192,0.05160294100642204,9.657136201823846e-13,5.16029406705254e-12,0.375,0.625,0.009439153596758842,0.05162733793258667,0.625,0.4166666865348816,0.4166666865348816
4,encoder.layers.3.blocks.3.attention.self.query,6.719141960144043,6.142504692077637,-0.5766376256942749,0.0004032539436593652,1.0,0.0,8.86063753569033e-06,0.00015668287232983857,0.4921875,0.5078125,0.6091839075088501,0.6091839075088501,6.091838145039219e-11,6.091838145039219e-11,0.0,1.0,0.6091927289962769,0.6091927289962769,0.4921875,0.0,0.0
4,encoder.layers.3.blocks.3.attention.self.key,6.707401275634766,6.128055572509766,-0.579345166683197,0.00040363933658227324,1.0,0.0,-3.886527338181622e-06,0.00015907980559859425,0.51953125,0.48046875,0.6222172975540161,0.6222172975540161,6.222172777015089e-11,6.222172777015089e-11,0.0,1.0,0.6222133636474609,0.6222133636474609,0.51953125,0.0,0.0
4,encoder.layers.3.blocks.3.attention.self.value,6.708730697631836,6.128225326538086,-0.58050537109375,0.0004038044426124543,1.0,0.0,5.259869794826955e-06,0.0003808679466601461,0.498046875,0.501953125,0.6240271329879761,0.6240271329879761,6.240272187874041e-11,6.240272187874041e-11,0.0,1.0,0.6240324378013611,0.6240324378013611,0.498046875,0.0,0.0
4,encoder.layers.3.blocks.3.attention.output.dense,5.364986419677734,4.798678874969482,-0.5663078427314758,0.0004017307364847511,1.0,0.0,8.421864549745806e-06,0.0005051491898484528,0.4993489682674408,0.5006510615348816,1.5726487636566162,1.5734977722167969,1.5726489555056844e-10,1.5734977210080103e-10,0.01888020895421505,0.9811198115348816,1.5726573467254639,1.5735305547714233,0.4993489682674408,0.01888020895421505,0.01888020895421505
4,encoder.layers.3.blocks.3.intermediate.dense,6.279775142669678,5.692638397216797,-0.5871366262435913,0.0004047942056786269,1.0,0.0,1.5619101759511977e-05,0.0007138151559047401,0.4918619990348816,0.5081380605697632,0.9647680521011353,0.9651970863342285,9.647679877211601e-11,9.651972276980558e-11,0.033203125,0.966796875,0.9647836685180664,0.9652314186096191,0.4918619990348816,0.033203125,0.03466796875
4,encoder.layers.3.blocks.3.output.dense,5.837182521820068,5.239253044128418,-0.5979288816452026,0.000406283070333302,1.0,0.0,-2.790973667288199e-05,0.0014344690134748816,0.4765625,0.5234375,1.2676528692245483,1.2676528692245483,1.26765292707276e-10,1.26765292707276e-10,0.0,1.0,1.267625093460083,1.267625093460083,0.4765625,0.0,0.0
4,encoder.layers.3.blocks.4.attention.self.continuous_position_bias_mlp.0,7.666461944580078,7.4662346839904785,-0.20022761821746826,0.0002345745888305828,0.90234375,0.001953125,2.9014113351877313e-06,0.00019932849681936204,0.44921875,0.455078125,0.20982827246189117,0.27972573041915894,2.0982828322080316e-11,2.797257737940928e-11,0.41015625,0.49609375,0.20983117818832397,0.2797025442123413,0.49460041522979736,0.45474138855934143,0.45474138855934143
4,encoder.layers.3.blocks.4.attention.self.continuous_position_bias_mlp.2,8.019875526428223,7.910480499267578,-0.10939483344554901,0.00020504617714323103,1.0,0.0,-6.922008469700813e-05,0.0006434273673221469,0.5833333730697632,0.4166666865348816,-0.017534691840410233,0.05813491344451904,-1.7534692231188642e-12,5.813491181505537e-12,0.5833333730697632,0.4166666865348816,-0.017603913322091103,0.05776377022266388,0.5833333730697632,0.5833333730697632,0.5833333730697632
4,encoder.layers.3.blocks.4.attention.self.query,6.800937652587891,6.217734336853027,-0.5832031965255737,0.000404189748223871,1.0,0.0,1.1825768524431624e-05,0.00030591103131882846,0.4869791865348816,0.5130208730697632,0.5625219345092773,0.5625219345092773,5.6252197344619503e-11,5.6252197344619503e-11,0.0,1.0,0.5625337958335876,0.5625337958335876,0.4869791865348816,0.0,0.0
4,encoder.layers.3.blocks.4.attention.self.key,6.824674606323242,6.231025695800781,-0.5936488509178162,0.0004056766629219055,1.0,0.0,-2.2656033252133057e-05,0.00028216789360158145,0.5149739980697632,0.4850260615348816,0.5580289959907532,0.5580289959907532,5.580290049489456e-11,5.580290049489456e-11,0.0,1.0,0.5580063462257385,0.5580063462257385,0.5149739980697632,0.0,0.0
4,encoder.layers.3.blocks.4.attention.self.value,6.849404811859131,6.270654201507568,-0.5787508487701416,0.00040356110548600554,1.0,0.0,2.704517828533426e-05,0.000808189797680825,0.4895833432674408,0.5104166865348816,0.5223539471626282,0.5223780870437622,5.223539309429093e-11,5.223780782936949e-11,0.0032552084885537624,0.9967448115348816,0.5223810076713562,0.5224102735519409,0.4895833432674408,0.0032552084885537624,0.0032552084885537624
4,encoder.layers.3.blocks.4.attention.output.dense,5.800826072692871,5.232839584350586,-0.5679857134819031,0.0004019627522211522,1.0,0.0,-3.373691288288683e-05,0.0008491554181091487,0.501953125,0.498046875,1.2648565769195557,1.2658662796020508,1.2648565528294853e-10,1.26586643944826e-10,0.0279947929084301,0.9720052480697632,1.2648228406906128,1.2658650875091553,0.501953125,0.0279947929084301,0.0260416679084301
4,encoder.layers.3.blocks.4.intermediate.dense,4.90424919128418,4.318454742431641,-0.5857943296432495,0.0004045558162033558,1.0,0.0,-9.015384421218187e-06,0.00018938921857625246,0.5011393427848816,0.4988606870174408,1.9415435791015625,1.9415435791015625,1.9415435925651536e-10,1.9415435925651536e-10,0.0,1.0,1.9415347576141357,1.9415347576141357,0.5011393427848816,0.0,0.0
4,encoder.layers.3.blocks.4.output.dense,3.1414875984191895,2.5423665046691895,-0.5991208553314209,0.0004064489621669054,1.0,0.0,-6.709163699269993e-06,0.00020130292978137732,0.4908854365348816,0.5091146230697632,3.2658443450927734,3.2658443450927734,3.2658442616906314e-10,3.2658442616906314e-10,0.0,1.0,3.2658374309539795,3.2658374309539795,0.4908854365348816,0.0,0.0
4,encoder.layers.3.blocks.5.attention.self.continuous_position_bias_mlp.0,7.5435380935668945,7.2372026443481445,-0.3063353896141052,0.00026505376445129514,0.916015625,0.005859375,-1.177628382720286e-05,0.00013498059706762433,0.462890625,0.451171875,-436.3337097167969,436.9653015136719,-4.363337069435147e-08,4.3696530838133185e-08,0.37890625,0.54296875,-436.333740234375,436.96527099609375,0.5085470080375671,0.41525423526763916,0.41649049520492554
4,encoder.layers.3.blocks.5.attention.self.continuous_position_bias_mlp.2,7.84025764465332,7.7239532470703125,-0.11630481481552124,0.00021909462520852685,1.0,0.0,4.9475238483864814e-05,0.0004999480443075299,0.5833333730697632,0.4166666865348816,0.023111579939723015,0.07413127273321152,2.3111579924156578e-12,7.41312740359934e-12,0.375,0.625,0.02316105365753174,0.07420077919960022,0.5833333730697632,0.375,0.375
4,encoder.layers.3.blocks.5.attention.self.query,6.710704803466797,6.126399040222168,-0.5843062996864319,0.0004043453373014927,1.0,0.0,6.9302404881455e-07,0.00022023303608875722,0.5052083730697632,0.4947916865348816,0.6301719546318054,0.630201518535614,6.301720256729482e-11,6.302015853609788e-11,0.0006510416860692203,0.9993489980697632,0.6301726698875427,0.6302027106285095,0.5052083730697632,0.0006510416860692203,0.0013020833721384406
4,encoder.layers.3.blocks.5.attention.self.key,6.723814964294434,6.127907752990723,-0.5959075689315796,0.00040599796921014786,1.0,0.0,9.140637189375411e-07,0.00019688307656906545,0.490234375,0.509765625,0.6367498636245728,0.6367766261100769,6.367498889270351e-11,6.367766036685651e-11,0.0013020833721384406,0.9986979365348816,0.6367508172988892,0.6367781162261963,0.490234375,0.0013020833721384406,0.0013020833721384406
4,encoder.layers.3.blocks.5.attention.self.value,6.780076503753662,6.1880202293396,-0.5920559763908386,0.0004054605960845947,1.0,0.0,1.8259561329614371e-06,0.0006441107834689319,0.4921875,0.5078125,0.5918422937393188,0.5919238924980164,5.918423390260941e-11,5.91923940418404e-11,0.006510416977107525,0.9934896230697632,0.5918440818786621,0.5919233560562134,0.4921875,0.006510416977107525,0.006510416977107525
4,encoder.layers.3.blocks.5.attention.output.dense,5.950864791870117,5.367330074310303,-0.5835344195365906,0.00040423564496450126,1.0,0.0,4.3187021219637245e-05,0.0006322597619146109,0.50390625,0.49609375,1.1861686706542969,1.1863715648651123,1.1861686632919088e-10,1.186371556549659e-10,0.009765625,0.990234375,1.1862118244171143,1.1863826513290405,0.50390625,0.009765625,0.00911458395421505
4,encoder.layers.3.blocks.5.intermediate.dense,5.624021530151367,5.03230094909668,-0.5917211771011353,0.0004054047749377787,1.0,0.0,-1.1770700893976027e-06,0.00034413495450280607,0.49365234375,0.50634765625,1.436901330947876,1.4369208812713623,1.4369014311732542e-10,1.4369208600761851e-10,0.0011393229942768812,0.9988607168197632,1.4369001388549805,1.4369195699691772,0.49365234375,0.0011393229942768812,0.00146484375
4,encoder.layers.3.blocks.5.output.dense,4.3237223625183105,3.742785930633545,-0.5809361338615417,0.0004038617480546236,1.0,0.0,-6.819653208367527e-05,0.0006736587965860963,0.50390625,0.49609375,2.328190803527832,2.328190803527832,2.328190695788379e-10,2.328190695788379e-10,0.0,1.0,2.328122615814209,2.328122615814209,0.50390625,0.0,0.0
4,encoder.layers.3.blocks.6.attention.self.continuous_position_bias_mlp.0,7.721058368682861,7.523855686187744,-0.19720269739627838,0.0002251427504234016,0.876953125,0.0,8.49269054015167e-06,0.0001621465926291421,0.421875,0.44921875,-102.8419189453125,103.22101593017578,-1.0284192164533579e-08,1.032209961948638e-08,0.375,0.501953125,-102.8419189453125,103.22102355957031,0.4843049645423889,0.4276169538497925,0.4276169538497925
4,encoder.layers.3.blocks.6.attention.self.continuous_position_bias_mlp.2,7.946313381195068,7.837431907653809,-0.10888199508190155,0.00020333778229542077,0.9583333730697632,0.0416666679084301,-0.00042817473877221346,0.0010037471074610949,0.6666666865348816,0.3333333432674408,3.9198748709168285e-05,0.06331953406333923,3.919860956820825e-15,6.331953190941153e-12,0.4583333432674408,0.5416666865348816,-0.0003889749641530216,0.06338460743427277,0.7083333730697632,0.5,0.5
4,encoder.layers.3.blocks.6.attention.self.query,6.868047714233398,6.289095878601074,-0.5789517164230347,0.00040358485421165824,1.0,0.0,-4.936558070767205e-06,0.00028247167938388884,0.4921875,0.5078125,0.5090157985687256,0.5090157985687256,5.090158503029407e-11,5.090158503029407e-11,0.0,1.0,0.509010910987854,0.509010910987854,0.4921875,0.0,0.0
4,encoder.layers.3.blocks.6.attention.self.key,6.855711936950684,6.278306484222412,-0.5774053335189819,0.00040336453821510077,1.0,0.0,9.681680239737034e-06,0.0002706931554712355,0.4928385615348816,0.5071614980697632,0.5152109265327454,0.5152109265327454,5.152109294748186e-11,5.152109294748186e-11,0.0,1.0,0.5152206420898438,0.5152206420898438,0.4928385615348816,0.0,0.0
4,encoder.layers.3.blocks.6.attention.self.value,6.9541778564453125,6.361428737640381,-0.5927493572235107,0.0004055616445839405,1.0,0.0,2.3589976990479045e-05,0.0007642125710844994,0.484375,0.515625,0.4677853584289551,0.46786388754844666,4.677853590595582e-11,4.6786390733855043e-11,0.0078125,0.9921875,0.46780896186828613,0.4678821563720703,0.484375,0.0078125,0.008463541977107525
4,encoder.layers.3.blocks.6.attention.output.dense,6.268994331359863,5.683312892913818,-0.5856819152832031,0.0004045257228426635,1.0,0.0,1.6857949958648533e-05,0.0009154115687124431,0.4928385615348816,0.5071614980697632,0.9620686769485474,0.9628467559814453,9.620686192146621e-11,9.628467467770463e-11,0.0345052108168602,0.9654948115348816,0.962085485458374,0.9628616571426392,0.4928385615348816,0.0345052108168602,0.0345052108168602
4,encoder.layers.3.blocks.6.intermediate.dense,6.59321403503418,6.015266418457031,-0.5779474377632141,0.00040360097773373127,1.0,0.0,2.2118485503597185e-05,0.001212491188198328,0.5013021230697632,0.4986979365348816,0.7191383242607117,0.7211883068084717,7.191382905835653e-11,7.211883173985356e-11,0.1512044370174408,0.8487955927848816,0.7191604375839233,0.7212711572647095,0.5013021230697632,0.1512044370174408,0.1555989682674408
4,encoder.layers.3.blocks.6.output.dense,5.824413299560547,5.246132850646973,-0.5782809257507324,0.0004034886078443378,1.0,0.0,6.83077669236809e-05,0.002489721169695258,0.505859375,0.494140625,1.2487256526947021,1.2487324476242065,1.2487257061710721e-10,1.248732506287098e-10,0.0006510416860692203,0.9993489980697632,1.2487939596176147,1.2488459348678589,0.505859375,0.0006510416860692203,0.0026041667442768812
4,encoder.layers.3.blocks.7.attention.self.continuous_position_bias_mlp.0,7.723076820373535,7.496545791625977,-0.2265303134918213,0.00022854117560200393,0.875,0.01171875,1.798971788957715e-05,0.00021229386038612574,0.408203125,0.45703125,-1215.92919921875,1216.32958984375,-1.2159293305558094e-07,1.2163296503331367e-07,0.369140625,0.517578125,-1215.92919921875,1216.3297119140625,0.4650112986564636,0.4273127615451813,0.4285714626312256
4,encoder.layers.3.blocks.7.attention.self.continuous_position_bias_mlp.2,7.990663051605225,7.795047283172607,-0.19561591744422913,0.0002621333405841142,1.0,0.0,-7.97659158706665e-05,0.0007742424495518208,0.625,0.375,-0.02636287733912468,0.10392279922962189,-2.6362878893793074e-12,1.0392279918558511e-11,0.5833333730697632,0.4166666865348816,-0.026442645117640495,0.10393702983856201,0.625,0.5833333730697632,0.5833333730697632
4,encoder.layers.3.blocks.7.attention.self.query,6.7210283279418945,6.146324157714844,-0.5747038125991821,0.0004029787378385663,1.0,0.0,9.723142284201458e-06,0.0002461896219756454,0.4928385615348816,0.5071614980697632,0.6055048704147339,0.6055048704147339,6.055049517339484e-11,6.055049517339484e-11,0.0,1.0,0.605514645576477,0.605514645576477,0.4928385615348816,0.0,0.0
4,encoder.layers.3.blocks.7.attention.self.key,6.685580730438232,6.110875606536865,-0.5747053623199463,0.0004029786214232445,1.0,0.0,3.446416940278141e-06,0.00023853026505094022,0.4915364682674408,0.5084635615348816,0.6323064565658569,0.6323064565658569,6.3230642943779e-11,6.3230642943779e-11,0.0,1.0,0.6323099136352539,0.6323099136352539,0.4915364682674408,0.0,0.0
4,encoder.layers.3.blocks.7.attention.self.value,6.813850402832031,6.219022750854492,-0.5948275327682495,0.0004058411286678165,1.0,0.0,1.8043465388473123e-06,0.0008494380163028836,0.498046875,0.501953125,0.5680038928985596,0.568516731262207,5.6800390779709886e-11,5.685167267510671e-11,0.01888020895421505,0.9811198115348816,0.5680057406425476,0.568511426448822,0.498046875,0.01888020895421505,0.0182291679084301
4,encoder.layers.3.blocks.7.attention.output.dense,5.960162162780762,5.373448371887207,-0.5867141485214233,0.0004045763926114887,1.0,0.0,-6.968931847950444e-05,0.000807875010650605,0.5143229365348816,0.4856770932674408,1.1668208837509155,1.1670880317687988,1.1668209454196443e-10,1.1670880928349447e-10,0.006510416977107525,0.9934896230697632,1.1667512655258179,1.1670467853546143,0.5143229365348816,0.006510416977107525,0.0071614584885537624
4,encoder.layers.3.blocks.7.intermediate.dense,5.807913780212402,5.221193313598633,-0.58672034740448,0.00040425267070531845,0.99951171875,0.0,-3.022077635250753e-06,0.0002978243282996118,0.50634765625,0.49365234375,1.2927268743515015,1.2927268743515015,1.2927268977502848e-10,1.2927268977502848e-10,0.0,1.0,1.2927238941192627,1.2927238941192627,0.5060221552848816,0.0,0.0
4,encoder.layers.3.blocks.7.output.dense,4.610542297363281,4.01447868347168,-0.5960636138916016,0.00040593682206235826,1.0,0.0,-1.5597961464663967e-05,0.0005001912359148264,0.484375,0.515625,2.1878316402435303,2.1878316402435303,2.1878318601231683e-10,2.1878318601231683e-10,0.0,1.0,2.1878161430358887,2.1878161430358887,0.484375,0.0,0.0
4,decoder.layers.0.blocks.0.attention.self.continuous_position_bias_mlp.0,7.537257194519043,7.302542686462402,-0.23471498489379883,0.0002544954768382013,0.94140625,0.009765625,1.6907979443203658e-05,0.0005300033371895552,0.458984375,0.482421875,0.23665881156921387,0.30460473895072937,2.3665881754286744e-11,3.046047442056832e-11,0.4296875,0.5234375,0.23667572438716888,0.3046233355998993,0.4854772090911865,0.45696717500686646,0.4549179971218109
4,decoder.layers.0.blocks.0.attention.self.continuous_position_bias_mlp.2,7.8373637199401855,7.658553600311279,-0.17881029844284058,0.00024321912496816367,0.9583333730697632,0.0416666679084301,-0.00035200396087020636,0.0009819098049774766,0.5833333730697632,0.4166666865348816,0.01605881005525589,0.11044585704803467,1.6058811181871024e-12,1.1044587119868332e-11,0.375,0.625,0.015706805512309074,0.11066900193691254,0.625,0.4166666865348816,0.4166666865348816
4,decoder.layers.0.blocks.0.attention.self.query,6.693379878997803,6.108637809753418,-0.5847429037094116,0.00040440852171741426,1.0,0.0,-1.0077610568259843e-05,0.0002592741511762142,0.5013021230697632,0.4986979365348816,0.6423048973083496,0.642305314540863,6.423049592196861e-11,6.423053061643813e-11,0.0006510416860692203,0.9993489980697632,0.6422948241233826,0.6422955393791199,0.5013021230697632,0.0006510416860692203,0.0006510416860692203
4,decoder.layers.0.blocks.0.attention.self.key,6.627501487731934,6.050473690032959,-0.5770280361175537,0.00040330886258743703,1.0,0.0,-5.659846920025302e-06,0.00027463672449812293,0.5006510615348816,0.4993489682674408,0.6795400381088257,0.6795400381088257,6.795400353531988e-11,6.795400353531988e-11,0.0,1.0,0.679534375667572,0.679534375667572,0.5006510615348816,0.0,0.0
4,decoder.layers.0.blocks.0.attention.self.value,6.79207706451416,6.198250770568848,-0.5938260555267334,0.00040567986434325576,1.0,0.0,-1.9991464796476066e-05,0.000921273953281343,0.50390625,0.49609375,0.5891080498695374,0.5896440744400024,5.891080678832594e-11,5.896440974373363e-11,0.013671875,0.986328125,0.5890880823135376,0.5896248817443848,0.50390625,0.013671875,0.013671875
4,decoder.layers.0.blocks.0.attention.output.dense,5.990472316741943,5.397930145263672,-0.5925420522689819,0.0004055258759763092,1.0,0.0,-1.0730931535363197e-05,0.0008470969623886049,0.478515625,0.521484375,1.178619146347046,1.178745985031128,1.1786191467244578e-10,1.1787459897050212e-10,0.004557291977107525,0.9954427480697632,1.1786084175109863,1.1787505149841309,0.478515625,0.004557291977107525,0.006510416977107525
4,decoder.layers.0.blocks.0.intermediate.dense,5.43942928314209,4.853526592254639,-0.5859028697013855,0.0004028608091175556,0.9964193105697632,0.0,-4.854712642554659e-06,0.00028388050850480795,0.5144857168197632,0.4855143427848816,1.5533535480499268,1.5533535480499268,1.5533534181155773e-10,1.5533534181155773e-10,0.0,1.0,1.5533485412597656,1.5533485412597656,0.5128580927848816,0.0,0.0
4,decoder.layers.0.blocks.0.output.dense,3.9849793910980225,3.407132625579834,-0.5778466463088989,0.0004034212324768305,1.0,0.0,-2.0772480638697743e-05,0.00038188238977454603,0.4921875,0.5078125,2.5926172733306885,2.5926172733306885,2.5926172320112073e-10,2.5926172320112073e-10,0.0,1.0,2.5925965309143066,2.5925965309143066,0.4921875,0.0,0.0
4,decoder.layers.0.blocks.1.attention.self.continuous_position_bias_mlp.0,7.780447006225586,7.566938400268555,-0.21350854635238647,0.0002219165035057813,0.80859375,0.01171875,3.737080260179937e-05,0.00029369944240897894,0.376953125,0.419921875,-268.4733581542969,268.8450012207031,-2.684734035085512e-08,2.6884499959578534e-08,0.390625,0.423828125,-268.47332763671875,268.84503173828125,0.4730392396450043,0.4916067123413086,0.49523812532424927
4,decoder.layers.0.blocks.1.attention.self.continuous_position_bias_mlp.2,8.07020092010498,7.9473795890808105,-0.12282083928585052,0.00021526175260078162,1.0,0.0,-7.1226195359486155e-06,0.0008541407878510654,0.5,0.5,-0.030911697074770927,0.06250018626451492,-3.0911696813351597e-12,6.2500187317238165e-12,0.6666666865348816,0.3333333432674408,-0.030918817967176437,0.06257304549217224,0.5,0.6666666865348816,0.6666666865348816
4,decoder.layers.0.blocks.1.attention.self.query,6.908860683441162,6.327593803405762,-0.5812665820121765,0.00040391512447968125,1.0,0.0,5.239269285084447e-06,0.0003996077866759151,0.501953125,0.498046875,0.48312267661094666,0.48312267661094666,4.83122639116651e-11,4.83122639116651e-11,0.0,1.0,0.4831278920173645,0.4831278920173645,0.501953125,0.0,0.0006510416860692203
4,decoder.layers.0.blocks.1.attention.self.key,6.894537925720215,6.314436912536621,-0.5801014304161072,0.0004037492908537388,1.0,0.0,2.1775977074867114e-05,0.0003686330164782703,0.48828125,0.51171875,0.48948177695274353,0.48948177695274353,4.8948178843488677e-11,4.8948178843488677e-11,0.0,1.0,0.48950356245040894,0.48950356245040894,0.48828125,0.0,0.0
4,decoder.layers.0.blocks.1.attention.self.value,6.9159650802612305,6.349416732788086,-0.566548228263855,0.00040181641816161573,1.0,0.0,2.189824590459466e-05,0.0013282662257552147,0.5065104365348816,0.4934895932674408,0.4620119035243988,0.4626081585884094,4.6201192177575123e-11,4.626082156233835e-11,0.02473958395421505,0.9752604365348816,0.462033748626709,0.46263235807418823,0.5065104365348816,0.02473958395421505,0.02473958395421505
4,decoder.layers.0.blocks.1.attention.output.dense,6.291502952575684,5.709925651550293,-0.5815778374671936,0.00040386617183685303,1.0,0.0,-1.0209371794189792e-05,0.0010200967080891132,0.4850260615348816,0.5149739980697632,0.9228805303573608,0.9242469668388367,9.228805220029557e-11,9.242469983794521e-11,0.02669270895421505,0.9733073115348816,0.9228702783584595,0.9242798686027527,0.4850260615348816,0.02669270895421505,0.0260416679084301
4,decoder.layers.0.blocks.1.intermediate.dense,6.7562689781188965,6.200959205627441,-0.5553100109100342,0.0004000777262263,1.0,0.0,1.3135733752278611e-05,0.0015502162277698517,0.4962565302848816,0.5037435293197632,0.608688235282898,0.6178848743438721,6.086883080902439e-11,6.178849099036654e-11,0.3479817807674408,0.6520182490348816,0.6087014079093933,0.6179940104484558,0.4962565302848816,0.3479817807674408,0.34033203125
4,decoder.layers.0.blocks.1.output.dense,6.28149938583374,5.709353446960449,-0.5721465945243835,0.00040262690163217485,1.0,0.0,0.0002110803034156561,0.0026965858414769173,0.484375,0.515625,0.9173498153686523,0.9173794984817505,9.173499460057855e-11,9.173795056938161e-11,0.0032552084885537624,0.9967448115348816,0.9175609350204468,0.9176419973373413,0.484375,0.0032552084885537624,0.004557291977107525
4,decoder.layers.0.blocks.2.attention.self.continuous_position_bias_mlp.0,7.641468048095703,7.461806297302246,-0.17966195940971375,0.00022400582383852452,0.984375,0.00390625,1.1178411114087794e-05,0.0002526343159843236,0.5,0.486328125,0.1770729422569275,0.23370756208896637,1.7707295699165293e-11,2.3370754984042286e-11,0.4375,0.55078125,0.17708413302898407,0.23367799818515778,0.5108910799026489,0.44664034247398376,0.44664034247398376
4,decoder.layers.0.blocks.2.attention.self.continuous_position_bias_mlp.2,7.819192409515381,7.648471832275391,-0.17072008550167084,0.00022929254919290543,0.9166666865348816,0.0833333358168602,-0.00026809400878846645,0.0013462230563163757,0.5416666865348816,0.4583333432674408,0.026873871684074402,0.10671573877334595,2.687387205130287e-12,1.0671574734999467e-11,0.4166666865348816,0.5833333730697632,0.02660578116774559,0.1067054271697998,0.4583333432674408,0.3333333432674408,0.3333333432674408
4,decoder.layers.0.blocks.2.attention.self.query,6.78937292098999,6.220974922180176,-0.5683977603912354,0.00040208324207924306,1.0,0.0,8.47156024974538e-06,0.0003133198479190469,0.4973958432674408,0.5026041865348816,0.5486781597137451,0.5487154722213745,5.486781515240402e-11,5.487154480787737e-11,0.0026041667442768812,0.9973958730697632,0.5486866235733032,0.5487244129180908,0.4973958432674408,0.0026041667442768812,0.0026041667442768812
4,decoder.layers.0.blocks.2.attention.self.key,6.816882133483887,6.2275800704956055,-0.589302659034729,0.0004050583520438522,1.0,0.0,2.7328103897161782e-05,0.00028134218882769346,0.466796875,0.533203125,0.5594755411148071,0.5595135688781738,5.5947559085556264e-11,5.5951361599415605e-11,0.0013020833721384406,0.9986979365348816,0.559502899646759,0.559540867805481,0.466796875,0.0013020833721384406,0.0013020833721384406
4,decoder.layers.0.blocks.2.attention.self.value,6.847378730773926,6.2683563232421875,-0.5790221691131592,0.0004035895108245313,1.0,0.0,-9.645654790801927e-05,0.0012900801375508308,0.51171875,0.48828125,0.5280748605728149,0.5287991762161255,5.280749101888027e-11,5.2879919193449254e-11,0.033203125,0.966796875,0.5279784202575684,0.5287445783615112,0.51171875,0.033203125,0.03125
4,decoder.layers.0.blocks.2.attention.output.dense,6.208370208740234,5.615315914154053,-0.5930542945861816,0.00040559409535489976,1.0,0.0,7.49819737393409e-05,0.0010525191901251674,0.5078125,0.4921875,1.009840965270996,1.0099371671676636,1.0098410996306484e-10,1.0099371339222785e-10,0.0052083334885537624,0.9947916865348816,1.009916067123413,1.010043978691101,0.5078125,0.0052083334885537624,0.006510416977107525
4,decoder.layers.0.blocks.2.intermediate.dense,6.259217262268066,5.677420616149902,-0.5817961096763611,0.00040401119622401893,1.0,0.0,2.00677641259972e-05,0.0005568611668422818,0.5035807490348816,0.4964192807674408,0.952593982219696,0.9527344703674316,9.52593975922511e-11,9.527344885240652e-11,0.01513671875,0.98486328125,0.9526140093803406,0.9527692198753357,0.5035807490348816,0.01513671875,0.01595052145421505
4,decoder.layers.0.blocks.2.output.dense,5.299843788146973,4.715516567230225,-0.5843271613121033,0.00040434394031763077,1.0,0.0,-7.047272811178118e-05,0.0013353307731449604,0.5091146230697632,0.4908854365348816,1.6422114372253418,1.642229437828064,1.6422116444481105e-10,1.6422296855722607e-10,0.0006510416860692203,0.9993489980697632,1.6421411037445068,1.6421622037887573,0.5091146230697632,0.0006510416860692203,0.0006510416860692203
4,decoder.layers.0.blocks.3.attention.self.continuous_position_bias_mlp.0,7.615453720092773,7.326131343841553,-0.28932228684425354,0.00025973166339099407,0.884765625,0.0078125,6.550676971528446e-06,0.00024053285596892238,0.416015625,0.45703125,-435.0661315917969,435.5551452636719,-4.350660987029187e-08,4.355552363222159e-08,0.376953125,0.515625,-435.0661315917969,435.55517578125,0.47203579545021057,0.4310722053050995,0.4310722053050995
4,decoder.layers.0.blocks.3.attention.self.continuous_position_bias_mlp.2,7.877187728881836,7.781024932861328,-0.09616267681121826,0.00019564395188353956,1.0,0.0,-0.00014736047887708992,0.000882045307662338,0.6666666865348816,0.3333333432674408,0.01569892093539238,0.06119667738676071,1.5698921112736186e-12,6.119668140291967e-12,0.375,0.625,0.015551558695733547,0.06141514703631401,0.6666666865348816,0.375,0.375
4,decoder.layers.0.blocks.3.attention.self.query,6.791295528411865,6.190768241882324,-0.6005264520645142,0.0004066546098329127,1.0,0.0,1.6807156498543918e-05,0.00041920552030205727,0.4798177182674408,0.5201823115348816,0.5964676141738892,0.596512496471405,5.964675975356215e-11,5.965124921791798e-11,0.0013020833721384406,0.9986979365348816,0.5964844226837158,0.5965295433998108,0.4798177182674408,0.0013020833721384406,0.0013020833721384406
4,decoder.layers.0.blocks.3.attention.self.key,6.708413600921631,6.124570369720459,-0.5838432312011719,0.00040425133192911744,1.0,0.0,1.0107156413141638e-05,0.00043207540875300765,0.4713541865348816,0.5286458730697632,0.632445752620697,0.6328184604644775,6.324457624273805e-11,6.328184504189593e-11,0.0032552084885537624,0.9967448115348816,0.6324558258056641,0.6328272223472595,0.4713541865348816,0.0032552084885537624,0.0032552084885537624
4,decoder.layers.0.blocks.3.attention.self.value,6.833072662353516,6.245566368103027,-0.5875065326690674,0.00040480922325514257,1.0,0.0,0.00011581935541471466,0.0016204159474000335,0.4895833432674408,0.5104166865348816,0.548236608505249,0.5482900142669678,5.482366643994041e-11,5.4829002449352515e-11,0.004557291977107525,0.9954427480697632,0.5483524799346924,0.5483975410461426,0.4895833432674408,0.004557291977107525,0.00390625
4,decoder.layers.0.blocks.3.attention.output.dense,6.241919994354248,5.6505889892578125,-0.5913312435150146,0.00040533565334044397,1.0,0.0,-2.9860751965316013e-05,0.0011719653848558664,0.498046875,0.501953125,0.9891178607940674,0.989495038986206,9.891179542087514e-11,9.894950137034897e-11,0.013671875,0.986328125,0.9890880584716797,0.9895056486129761,0.498046875,0.013671875,0.01497395895421505
4,decoder.layers.0.blocks.3.intermediate.dense,7.035813331604004,6.481437683105469,-0.5543751120567322,0.00039969896897673607,1.0,0.0,8.641222666483372e-05,0.002492728177458048,0.4910481870174408,0.5089518427848816,0.41823339462280273,0.4296633005142212,4.1823343399638446e-11,4.296633188127785e-11,0.3732096552848816,0.6267904043197632,0.41831979155540466,0.4298980236053467,0.4910481870174408,0.3732096552848816,0.3681640625
4,decoder.layers.0.blocks.3.output.dense,6.654682159423828,6.051766872406006,-0.6029154062271118,0.00040697737131267786,1.0,0.0,4.352259202278219e-05,0.003751524491235614,0.498046875,0.501953125,0.7169511318206787,0.7173523902893066,7.169511512250537e-11,7.173523580705776e-11,0.02669270895421505,0.9733073115348816,0.7169946432113647,0.7176297903060913,0.498046875,0.02669270895421505,0.0325520858168602
4,decoder.layers.0.blocks.4.attention.self.continuous_position_bias_mlp.0,7.647745132446289,7.427619457244873,-0.22012567520141602,0.0002404123661108315,0.900390625,0.001953125,-8.395885743084364e-06,0.00023294793209061027,0.447265625,0.44140625,0.1986612230539322,0.31479090452194214,1.9866122635825434e-11,3.147909016787409e-11,0.421875,0.482421875,0.19865281879901886,0.3147742450237274,0.5032967329025269,0.46868249773979187,0.46868249773979187
4,decoder.layers.0.blocks.4.attention.self.continuous_position_bias_mlp.2,7.896868705749512,7.787406921386719,-0.10946182906627655,0.00018244328384753317,0.9583333730697632,0.0416666679084301,-9.55103023443371e-05,0.0008017802028916776,0.5,0.5,0.0019639241509139538,0.06441628187894821,1.9639238152402427e-13,6.441627613262835e-12,0.375,0.625,0.0018684169044718146,0.06467625498771667,0.5416666865348816,0.3333333432674408,0.3333333432674408
4,decoder.layers.0.blocks.4.attention.self.query,6.809440612792969,6.2235260009765625,-0.5859147310256958,0.0004045756650157273,1.0,0.0,4.743446879729163e-06,0.0003007256309501827,0.5084635615348816,0.4915364682674408,0.5560483932495117,0.5560483932495117,5.5604847115642286e-11,5.5604847115642286e-11,0.0,1.0,0.5560531616210938,0.5560531616210938,0.5084635615348816,0.0,0.0
4,decoder.layers.0.blocks.4.attention.self.key,6.767353057861328,6.193037986755371,-0.574315071105957,0.00040292387711815536,1.0,0.0,-8.1456164480187e-07,0.000289427291136235,0.5,0.5,0.572357177734375,0.572357177734375,5.7235716166559314e-11,5.7235716166559314e-11,0.0,1.0,0.5723563432693481,0.5723563432693481,0.5,0.0,0.0
4,decoder.layers.0.blocks.4.attention.self.value,6.946930885314941,6.367645263671875,-0.5792850852012634,0.00040364055894315243,1.0,0.0,9.687087003840134e-05,0.0016954465536400676,0.470703125,0.529296875,0.4526718556880951,0.45312434434890747,4.526718583308664e-11,4.531243089078707e-11,0.021484375,0.978515625,0.4527687430381775,0.4532468318939209,0.470703125,0.021484375,0.0234375
4,decoder.layers.0.blocks.4.attention.output.dense,6.258771896362305,5.665436744689941,-0.5933355093002319,0.00040564092341810465,1.0,0.0,0.00012243614764884114,0.0010162204271182418,0.4830729365348816,0.5169271230697632,0.9762042760848999,0.9763292074203491,9.762042563199458e-11,9.763291564102161e-11,0.006510416977107525,0.9934896230697632,0.9763266444206238,0.9764596819877625,0.4830729365348816,0.006510416977107525,0.0078125
4,decoder.layers.0.blocks.4.intermediate.dense,7.084077835083008,6.525545120239258,-0.5585329532623291,0.00040043899207375944,1.0,0.0,-2.541544927225914e-05,0.002968915505334735,0.494140625,0.505859375,0.38266468048095703,0.39136576652526855,3.8266473323389505e-11,3.9136579393916904e-11,0.330078125,0.669921875,0.3826392889022827,0.39169391989707947,0.494140625,0.330078125,0.3264974057674408
4,decoder.layers.0.blocks.4.output.dense,6.434746742248535,5.865846157073975,-0.568900465965271,0.00040211048326455057,1.0,0.0,0.00012603109644260257,0.0036760352086275816,0.4895833432674408,0.5104166865348816,0.8119772672653198,0.8124079704284668,8.119772909598311e-11,8.124080574933856e-11,0.025390625,0.974609375,0.812103271484375,0.8128463625907898,0.4895833432674408,0.025390625,0.0358072929084301
4,decoder.layers.0.blocks.5.attention.self.continuous_position_bias_mlp.0,7.625627040863037,7.4235663414001465,-0.2020605206489563,0.00023645622422918677,0.892578125,0.001953125,6.771658809157088e-05,0.00037472834810614586,0.40625,0.4765625,0.061055149883031845,0.5734233856201172,6.1055162661749485e-12,5.734233227139285e-11,0.361328125,0.53515625,0.06112286075949669,0.5734255313873291,0.45796459913253784,0.40522873401641846,0.40522873401641846
4,decoder.layers.0.blocks.5.attention.self.continuous_position_bias_mlp.2,7.966334342956543,7.883533477783203,-0.0827997550368309,0.0001792185357771814,1.0,0.0,-7.758273568470031e-05,0.0011810848955065012,0.5416666865348816,0.4583333432674408,0.0019188163569197059,0.04822835326194763,1.9188153128034402e-13,4.822835707185558e-12,0.5416666865348816,0.4583333432674408,0.0018412340432405472,0.04839567467570305,0.5416666865348816,0.5416666865348816,0.5416666865348816
4,decoder.layers.0.blocks.5.attention.self.query,6.983382701873779,6.387807369232178,-0.595575213432312,0.0004059526545461267,1.0,0.0,1.1060807992180344e-05,0.0005511263152584434,0.5013021230697632,0.4986979365348816,0.4462153911590576,0.4462153911590576,4.4621539102562835e-11,4.4621539102562835e-11,0.0,1.0,0.44622644782066345,0.44622644782066345,0.5013021230697632,0.0,0.0
4,decoder.layers.0.blocks.5.attention.self.key,6.975806713104248,6.378297328948975,-0.5975093245506287,0.00040622783126309514,1.0,0.0,-1.0585237760096788e-05,0.0004887683899141848,0.4934895932674408,0.5065104365348816,0.4556041657924652,0.4556041657924652,4.556041655057186e-11,4.556041655057186e-11,0.0,1.0,0.45559364557266235,0.45559364557266235,0.4934895932674408,0.0,0.0
4,decoder.layers.0.blocks.5.attention.self.value,6.938376426696777,6.348605155944824,-0.5897707343101501,0.0004051367286592722,1.0,0.0,3.5202632716391236e-05,0.00214544334448874,0.5,0.5,0.47290271520614624,0.4730216860771179,4.729026892302812e-11,4.7302172595520275e-11,0.006510416977107525,0.9934896230697632,0.4729379117488861,0.4730689227581024,0.5,0.006510416977107525,0.0071614584885537624
4,decoder.layers.0.blocks.5.attention.output.dense,6.298783302307129,5.717902183532715,-0.5808812379837036,0.0004038477491121739,1.0,0.0,5.441561370389536e-06,0.0011304531944915652,0.5,0.5,0.9146401286125183,0.9149811267852783,9.146402385473706e-11,9.149811464048696e-11,0.012369791977107525,0.9876302480697632,0.9146455526351929,0.9149911403656006,0.5,0.012369791977107525,0.00911458395421505
4,decoder.layers.0.blocks.5.intermediate.dense,6.989537715911865,6.416969299316406,-0.5725688934326172,0.00040279835229739547,1.0,0.0,4.907239053864032e-05,0.003711523488163948,0.5,0.5,0.4341915547847748,0.43558329343795776,4.3419157158552935e-11,4.35583305535836e-11,0.11962890625,0.88037109375,0.4342406690120697,0.4360966086387634,0.5,0.11962890625,0.1277669370174408
4,decoder.layers.0.blocks.5.output.dense,6.222635269165039,5.634585380554199,-0.5880505442619324,0.00040485366480425,1.0,0.0,8.77416314324364e-05,0.004414401948451996,0.5032552480697632,0.4967448115348816,1.0029412508010864,1.0031265020370483,1.0029412716994202e-10,1.0031264707777154e-10,0.006510416977107525,0.9934896230697632,1.0030288696289062,1.0033371448516846,0.5032552480697632,0.006510416977107525,0.01171875
4,decoder.layers.0.blocks.6.attention.self.continuous_position_bias_mlp.0,7.609866142272949,7.341736316680908,-0.26812976598739624,0.0002464015851728618,0.9140625,0.00390625,2.638092337292619e-05,0.0002568480558693409,0.44140625,0.46484375,-1011.909423828125,1012.41015625,-1.0119094184801725e-07,1.0124101379460626e-07,0.365234375,0.5546875,-1011.909423828125,1012.4102783203125,0.4913793206214905,0.4012739062309265,0.4012739062309265
4,decoder.layers.0.blocks.6.attention.self.continuous_position_bias_mlp.2,8.00425910949707,7.913756370544434,-0.09050270169973373,0.00017657806165516376,1.0,0.0,0.00010810765525093302,0.0012614167062565684,0.5416666865348816,0.4583333432674408,-0.014938784763216972,0.04913304001092911,-1.4938783717000081e-12,4.913303704862093e-12,0.5416666865348816,0.4583333432674408,-0.014830676838755608,0.04854433983564377,0.5416666865348816,0.5416666865348816,0.5416666865348816
4,decoder.layers.0.blocks.6.attention.self.query,6.814180374145508,6.235999584197998,-0.5781805515289307,0.00040347452159039676,1.0,0.0,2.404228325758595e-06,0.00041390914702787995,0.5078125,0.4921875,0.5465417504310608,0.5465417504310608,5.4654180486890525e-11,5.4654180486890525e-11,0.0,1.0,0.5465441942214966,0.5465441942214966,0.5078125,0.0,0.0
4,decoder.layers.0.blocks.6.attention.self.key,6.8460893630981445,6.255147933959961,-0.5909409523010254,0.00040529141551814973,1.0,0.0,3.601794014684856e-05,0.00039737496990710497,0.484375,0.515625,0.5407043099403381,0.5407043099403381,5.407042868998957e-11,5.407042868998957e-11,0.0,1.0,0.5407403111457825,0.5407403111457825,0.484375,0.0,0.0
4,decoder.layers.0.blocks.6.attention.self.value,6.935007095336914,6.3411383628845215,-0.5938683152198792,0.0004057169135194272,1.0,0.0,6.346235022647306e-05,0.0018461837898939848,0.490234375,0.509765625,0.4802818298339844,0.4804021716117859,4.802818559523914e-11,4.804021069837461e-11,0.009765625,0.990234375,0.48034533858299255,0.4804931879043579,0.490234375,0.009765625,0.00911458395421505
4,decoder.layers.0.blocks.6.attention.output.dense,6.116664409637451,5.520977973937988,-0.595686674118042,0.0004059472121298313,1.0,0.0,-1.3635230970976409e-05,0.0007191593176685274,0.4967448115348816,0.5032552480697632,1.088240385055542,1.0886458158493042,1.0882404699597004e-10,1.0886457707526276e-10,0.010416666977107525,0.9895833730697632,1.0882267951965332,1.0886399745941162,0.4967448115348816,0.010416666977107525,0.010416666977107525
4,decoder.layers.0.blocks.6.intermediate.dense,7.056846618652344,6.476062774658203,-0.5807843804359436,0.0004039420746266842,1.0,0.0,1.3470870726450812e-05,0.0029861321672797203,0.4972330927848816,0.5027669668197632,0.38636064529418945,0.38713592290878296,3.863606656828722e-11,3.871358789098167e-11,0.0743815153837204,0.9256185293197632,0.3863741159439087,0.3873583674430847,0.4972330927848816,0.0743815153837204,0.0813802108168602
4,decoder.layers.0.blocks.6.output.dense,5.664945125579834,5.093323707580566,-0.5716216564178467,0.00040238897781819105,1.0,0.0,6.858559208922088e-05,0.002840884029865265,0.5162760615348816,0.4837239682674408,1.3631322383880615,1.363480567932129,1.3631321071905234e-10,1.3634807172202557e-10,0.013671875,0.986328125,1.3632006645202637,1.3637856245040894,0.5162760615348816,0.013671875,0.014322916977107525
4,decoder.layers.0.blocks.7.attention.self.continuous_position_bias_mlp.0,7.562761306762695,7.382926940917969,-0.17983455955982208,0.00023697433061897755,0.904296875,0.009765625,-2.6696106942836195e-05,0.0002207968500442803,0.484375,0.42578125,-175.673583984375,180.2433319091797,-1.756735734659287e-08,1.8024335801669622e-08,0.404296875,0.51171875,-175.67361450195312,180.2433319091797,0.5364806652069092,0.4520255923271179,0.4520255923271179
4,decoder.layers.0.blocks.7.attention.self.continuous_position_bias_mlp.2,7.972018241882324,7.903202056884766,-0.06881535053253174,0.00016110703290905803,0.9583333730697632,0.0416666679084301,-4.102827369933948e-05,0.0006481093587353826,0.375,0.625,0.0008543019066564739,0.039696939289569855,8.543014386186432e-14,3.969694364891474e-12,0.5416666865348816,0.4583333432674408,0.0008132734219543636,0.03975241258740425,0.4166666865348816,0.5833333730697632,0.5833333730697632
4,decoder.layers.0.blocks.7.attention.self.query,6.6585893630981445,6.074601650238037,-0.5839877128601074,0.0004042998771183193,1.0,0.0,-1.2805097867385484e-05,0.0003260105149820447,0.4934895932674408,0.5065104365348816,0.6649953126907349,0.6649953126907349,6.649952810633408e-11,6.649952810633408e-11,0.0,1.0,0.6649824380874634,0.6649824380874634,0.4934895932674408,0.0,0.0
4,decoder.layers.0.blocks.7.attention.self.key,6.682472229003906,6.108153820037842,-0.5743186473846436,0.00040292361518368125,1.0,0.0,1.9127799077978125e-06,0.0003459853760432452,0.5149739980697632,0.4850260615348816,0.6324210166931152,0.6324210166931152,6.324210599650826e-11,6.324210599650826e-11,0.0,1.0,0.6324230432510376,0.6324230432510376,0.5149739980697632,0.0,0.0
4,decoder.layers.0.blocks.7.attention.self.value,6.929983139038086,6.349720001220703,-0.5802634954452515,0.0004037798789795488,1.0,0.0,5.3390220273286104e-05,0.0021680104546248913,0.4850260615348816,0.5149739980697632,0.46611282229423523,0.4661293923854828,4.6611291215636896e-11,4.6612942672386026e-11,0.0013020833721384406,0.9986979365348816,0.466166228055954,0.4661971926689148,0.4850260615348816,0.0013020833721384406,0.0013020833721384406
4,decoder.layers.0.blocks.7.attention.output.dense,6.043250560760498,5.461185455322266,-0.5820654630661011,0.00040403607999905944,1.0,0.0,-1.779205740604084e-05,0.000770806334912777,0.5026041865348816,0.4973958432674408,1.1067205667495728,1.1069552898406982,1.1067205485382203e-10,1.1069552219300505e-10,0.01171875,0.98828125,1.1067028045654297,1.106995940208435,0.5026041865348816,0.01171875,0.01171875
4,decoder.layers.0.blocks.7.intermediate.dense,7.104479789733887,6.526518821716309,-0.5779604315757751,0.00040350816561840475,1.0,0.0,0.00014735598233528435,0.003572138026356697,0.4910481870174408,0.5089518427848816,0.34700965881347656,0.3473312258720398,3.470096779367715e-11,3.473312262802786e-11,0.0354817733168602,0.9645182490348816,0.34715700149536133,0.3476496636867523,0.4910481870174408,0.0354817733168602,0.0413411483168602
4,decoder.layers.0.blocks.7.output.dense,5.552342414855957,4.969905853271484,-0.5824366807937622,0.00040386099135503173,1.0,0.0,-0.00015599318430759013,0.0028341300785541534,0.5325521230697632,0.4674479365348816,1.4662261009216309,1.4669922590255737,1.4662261682563127e-10,1.466992222143304e-10,0.0201822929084301,0.9798177480697632,1.4660701751708984,1.4671630859375,0.5325521230697632,0.0201822929084301,0.0201822929084301
4,decoder.layers.0.upsample.upsample,6.465933799743652,5.889533996582031,-0.5763996839523315,0.00040309058385901153,1.0,0.0,0.00027164266793988645,0.004224374890327454,0.494140625,0.505859375,0.801032543182373,0.8016072511672974,8.010325736051982e-11,8.016072527983198e-11,0.0221354179084301,0.9778646230697632,0.8013042211532593,0.8024191856384277,0.494140625,0.0221354179084301,0.0260416679084301
4,decoder.layers.0.upsample.mixup,6.774682998657227,6.206054210662842,-0.5686289072036743,0.00040202890522778034,1.0,0.0,0.001166388625279069,0.010996094904839993,0.48046875,0.51953125,0.5659058094024658,0.5667721629142761,5.659058638363135e-11,5.667721500457468e-11,0.0221354179084301,0.9778646230697632,0.5670722126960754,0.5679526329040527,0.48046875,0.0221354179084301,0.0234375
4,decoder.layers.1.blocks.0.attention.self.continuous_position_bias_mlp.0,7.831284523010254,7.689169883728027,-0.14211484789848328,0.00020413592574186623,0.943359375,0.017578125,0.0001672523794695735,0.0010648607276380062,0.435546875,0.525390625,0.09912380576133728,0.16589294373989105,9.912379944632121e-12,1.6589295909197332e-11,0.453125,0.5078125,0.09929105639457703,0.16588953137397766,0.4593495726585388,0.4776422679424286,0.4776422679424286
4,decoder.layers.1.blocks.0.attention.self.continuous_position_bias_mlp.2,7.972223281860352,7.886128902435303,-0.08609458059072495,8.111736678984016e-05,0.75,0.25,0.0027334424667060375,0.00536201149225235,0.3333333432674408,0.6666666865348816,-0.008448290638625622,0.06408058106899261,-8.448289810780718e-13,6.4080572445557316e-12,0.5833333730697632,0.4166666865348816,-0.005714846309274435,0.06381607055664062,0.4166666865348816,0.3333333432674408,0.5
4,decoder.layers.1.blocks.0.attention.self.query,7.104133605957031,6.513769149780273,-0.5903651714324951,0.0004050028510391712,1.0,0.0,-4.7212070057867095e-05,0.0009091267129406333,0.5052083730697632,0.4947916865348816,0.37116822600364685,0.37555548548698425,3.711682350360235e-11,3.755554894846469e-11,0.0885416716337204,0.9114583730697632,0.37112101912498474,0.3755274713039398,0.5052083730697632,0.0885416716337204,0.0885416716337204
4,decoder.layers.1.blocks.0.attention.self.key,6.963534355163574,6.387998104095459,-0.5755362510681152,0.0004026650858577341,1.0,0.0,-2.7500659598445054e-06,0.0008639834704808891,0.5208333730697632,0.4791666865348816,0.4567830264568329,0.4626607298851013,4.567830488855229e-11,4.626607430502361e-11,0.0885416716337204,0.9114583730697632,0.4567802846431732,0.4626615643501282,0.5208333730697632,0.0885416716337204,0.0885416716337204
4,decoder.layers.1.blocks.0.attention.self.value,6.949090957641602,6.3639631271362305,-0.5851282477378845,0.0004044748784508556,1.0,0.0,-0.00010936988837784156,0.011124426499009132,0.4791666865348816,0.5208333730697632,0.4615873098373413,0.4616891145706177,4.615873655522407e-11,4.61689159125811e-11,0.006510416977107525,0.9934896230697632,0.46147799491882324,0.46167299151420593,0.4791666865348816,0.006510416977107525,0.01302083395421505
4,decoder.layers.1.blocks.0.attention.output.dense,6.503796577453613,5.908588409423828,-0.5952075719833374,0.00040586243267171085,1.0,0.0,-0.0002939325349871069,0.005965815857052803,0.4830729365348816,0.5169271230697632,0.8052443265914917,0.8055345416069031,8.052444128159308e-11,8.055345279700532e-11,0.00390625,0.99609375,0.8049504160881042,0.8054544925689697,0.4830729365348816,0.00390625,0.0052083334885537624
4,decoder.layers.1.blocks.0.intermediate.dense,5.86738395690918,5.302512168884277,-0.5648723840713501,0.0004011038690805435,1.0,0.0,0.00011853926116600633,0.0013872950803488493,0.4807942807674408,0.5192057490348816,1.2415894269943237,1.2512946128845215,1.2415894701245378e-10,1.2512946234721767e-10,0.2353515625,0.7646484375,1.2417079210281372,1.2512919902801514,0.4807942807674408,0.2353515625,0.232421875
4,decoder.layers.1.blocks.0.output.dense,6.339057922363281,5.746940612792969,-0.592117428779602,0.00040545634692534804,1.0,0.0,0.000485680706333369,0.0036826874129474163,0.453125,0.546875,0.9087111353874207,0.9087111353874207,9.08711161873299e-11,9.08711161873299e-11,0.0,1.0,0.9091967940330505,0.9091967940330505,0.453125,0.0,0.0
4,decoder.layers.1.blocks.1.attention.self.continuous_position_bias_mlp.0,7.712727069854736,7.587680816650391,-0.12504619359970093,0.00017634412506595254,0.9375,0.009765625,0.00013501470675691962,0.000654457719065249,0.4140625,0.529296875,0.1685064136981964,0.2078847587108612,1.6850642409194094e-11,2.0788475108002302e-11,0.421875,0.525390625,0.16864143311977386,0.20795583724975586,0.4492753744125366,0.4391752779483795,0.44329899549484253
4,decoder.layers.1.blocks.1.attention.self.continuous_position_bias_mlp.2,7.976478576660156,7.902932167053223,-0.07354657351970673,0.00015026736946310848,0.9166666865348816,0.0833333358168602,0.0027905660681426525,0.005569065921008587,0.5,0.5,-0.00026395730674266815,0.045837100595235825,-2.639562525529656e-14,4.583710147554321e-12,0.5833333730697632,0.4166666865348816,0.0025266073644161224,0.04840615391731262,0.4166666865348816,0.5,0.4166666865348816
4,decoder.layers.1.blocks.1.attention.self.query,7.06015157699585,6.494095802307129,-0.5660560131072998,0.00040152418659999967,1.0,0.0,9.893330570776016e-05,0.0008408611174672842,0.4895833432674408,0.5104166865348816,0.3758333921432495,0.3803654909133911,3.758333921854984e-11,3.803655307388354e-11,0.1015625,0.8984375,0.3759323060512543,0.38044747710227966,0.4895833432674408,0.1015625,0.1041666716337204
4,decoder.layers.1.blocks.1.attention.self.key,7.013429164886475,6.434447765350342,-0.5789819359779358,0.0004031957359984517,1.0,0.0,1.1994036867690738e-05,0.0008992510265670717,0.4869791865348816,0.5130208730697632,0.42219626903533936,0.4284886121749878,4.221962709993754e-11,4.284886334637861e-11,0.10546875,0.89453125,0.4222082793712616,0.4285152554512024,0.4869791865348816,0.10546875,0.1028645858168602
4,decoder.layers.1.blocks.1.attention.self.value,7.005786895751953,6.44796895980835,-0.5578176975250244,0.0004005996452178806,1.0,0.0,0.00027152668917551637,0.010575714521110058,0.4713541865348816,0.5286458730697632,0.3957246243953705,0.397190660238266,3.957246683117255e-11,3.9719061373233444e-11,0.0690104216337204,0.9309896230697632,0.39599618315696716,0.3978602886199951,0.4713541865348816,0.0690104216337204,0.05859375
4,decoder.layers.1.blocks.1.attention.output.dense,6.816936492919922,6.226674556732178,-0.590261697769165,0.00040519324829801917,1.0,0.0,0.0001713488600216806,0.0050276764668524265,0.5026041865348816,0.4973958432674408,0.5635353922843933,0.5640332698822021,5.635353989008607e-11,5.640332298439965e-11,0.02473958395421505,0.9752604365348816,0.5637067556381226,0.5642601847648621,0.5026041865348816,0.02473958395421505,0.0299479179084301
4,decoder.layers.1.blocks.1.intermediate.dense,5.776149749755859,5.214312553405762,-0.5618382096290588,0.00040082773193717003,1.0,0.0,-5.069453618489206e-05,0.0013017826713621616,0.5133463740348816,0.4866536557674408,1.286675214767456,1.2937586307525635,1.2866752108209312e-10,1.2937587112737958e-10,0.189453125,0.810546875,1.286624550819397,1.293752908706665,0.5133463740348816,0.189453125,0.1888020932674408
4,decoder.layers.1.blocks.1.output.dense,6.306872844696045,5.707793235778809,-0.5990802049636841,0.0004064473323523998,1.0,0.0,8.513084139849525e-06,0.0036124801263213158,0.4908854365348816,0.5091146230697632,0.9614249467849731,0.9614249467849731,9.614249674161357e-11,9.614249674161357e-11,0.0,1.0,0.9614334106445312,0.9614334106445312,0.4908854365348816,0.0,0.0
4,decoder.layers.1.blocks.2.attention.self.continuous_position_bias_mlp.0,7.782046318054199,7.63141393661499,-0.15063248574733734,0.0002075079537462443,0.919921875,0.001953125,-2.3434335162164643e-05,0.00022463159984908998,0.46875,0.447265625,-587.0585327148438,587.3638916015625,-5.870585439993192e-08,5.873639707942857e-08,0.404296875,0.517578125,-587.05859375,587.3639526367188,0.5138592720031738,0.4406779706478119,0.4406779706478119
4,decoder.layers.1.blocks.2.attention.self.continuous_position_bias_mlp.2,7.845746040344238,7.7375335693359375,-0.10821207612752914,0.00019694962247740477,0.9166666865348816,0.0833333358168602,-2.582796150818467e-05,0.002964746206998825,0.6666666865348816,0.3333333432674408,0.019085830077528954,0.0686536580324173,1.9085831005904996e-12,6.8653654809736064e-12,0.3333333432674408,0.6666666865348816,0.019060000777244568,0.06812290847301483,0.75,0.25,0.3333333432674408
4,decoder.layers.1.blocks.2.attention.self.query,7.086418151855469,6.520890235900879,-0.5655283331871033,0.0004010851844213903,1.0,0.0,3.000858441737364e-06,0.0005607245839200914,0.4947916865348816,0.5052083730697632,0.3629315495491028,0.37053269147872925,3.629315598052685e-11,3.705327017433646e-11,0.09375,0.90625,0.36293452978134155,0.3705127239227295,0.4947916865348816,0.09375,0.09375
4,decoder.layers.1.blocks.2.attention.self.key,7.025670528411865,6.447676658630371,-0.5779932737350464,0.0004026768438052386,1.0,0.0,2.9560032999143004e-07,0.0004948695423081517,0.5052083730697632,0.4947916865348816,0.4255920350551605,0.43508443236351013,4.2559206159253904e-11,4.350844684530841e-11,0.1028645858168602,0.8971354365348816,0.425592303276062,0.43509945273399353,0.5052083730697632,0.1028645858168602,0.10546875
4,decoder.layers.1.blocks.2.attention.self.value,7.114919185638428,6.5422773361206055,-0.5726419687271118,0.0004027073155157268,1.0,0.0,-0.00015615765005350113,0.006298537366092205,0.4986979365348816,0.5013021230697632,0.3358745276927948,0.3386964797973633,3.358745226389459e-11,3.3869650140072594e-11,0.1302083432674408,0.8697916865348816,0.3357183337211609,0.33964186906814575,0.4986979365348816,0.1302083432674408,0.1380208432674408
4,decoder.layers.1.blocks.2.attention.output.dense,6.7202606201171875,6.140366554260254,-0.5798943042755127,0.0004037180624436587,1.0,0.0,-0.00011585480388021097,0.004917824640870094,0.5078125,0.4921875,0.6241211891174316,0.6249383687973022,6.24121240799802e-11,6.249383649459261e-11,0.0377604179084301,0.9622396230697632,0.6240053176879883,0.6249419450759888,0.5078125,0.0377604179084301,0.0390625
4,decoder.layers.1.blocks.2.intermediate.dense,5.5762038230896,5.010238170623779,-0.5659657716751099,0.00040133879519999027,1.0,0.0,-7.953439489938319e-05,0.001328446320258081,0.4993489682674408,0.5006510615348816,1.4626883268356323,1.4706224203109741,1.4626883038104666e-10,1.4706225126559502e-10,0.2083333432674408,0.7916666865348816,1.4626086950302124,1.4706389904022217,0.4993489682674408,0.2083333432674408,0.2093099057674408
4,decoder.layers.1.blocks.2.output.dense,6.39520263671875,5.819328308105469,-0.575873851776123,0.0004031439311802387,1.0,0.0,0.0001969322911463678,0.0032707410864531994,0.4739583432674408,0.5260416865348816,0.8405531644821167,0.8405531644821167,8.405531826127799e-11,8.405531826127799e-11,0.0,1.0,0.8407500982284546,0.8407500982284546,0.4739583432674408,0.0,0.0
4,decoder.layers.1.blocks.3.attention.self.continuous_position_bias_mlp.0,7.9397501945495605,7.851363658905029,-0.0883864238858223,0.00017263478366658092,0.98046875,0.017578125,-2.954353294626344e-05,0.0006687681889161468,0.505859375,0.4921875,0.013505798764526844,0.06238196790218353,1.350579804243468e-12,6.2381965912350346e-12,0.47265625,0.525390625,0.013476255349814892,0.06241404265165329,0.5166340470314026,0.463796466588974,0.465753436088562
4,decoder.layers.1.blocks.3.attention.self.continuous_position_bias_mlp.2,8.011348724365234,7.868406295776367,-0.14294251799583435,0.00024162963381968439,0.9166666865348816,0.0833333358168602,0.0009976300643756986,0.005854282062500715,0.4166666865348816,0.5833333730697632,-0.006366831716150045,0.08601781725883484,-6.366837395840874e-13,8.601782480743836e-12,0.8333333730697632,0.1666666716337204,-0.005369206424802542,0.08637091517448425,0.5,0.75,0.5833333730697632
4,decoder.layers.1.blocks.3.attention.self.query,7.13083553314209,6.553918838500977,-0.5769163370132446,0.0004029391275253147,1.0,0.0,-2.0875766495009884e-05,0.000581196160055697,0.51171875,0.48828125,0.34094858169555664,0.34683045744895935,3.409486581951171e-11,3.468304810017031e-11,0.1028645858168602,0.8971354365348816,0.34092777967453003,0.3468626141548157,0.51171875,0.1028645858168602,0.10546875
4,decoder.layers.1.blocks.3.attention.self.key,7.117877006530762,6.534045219421387,-0.583831787109375,0.0004041725769639015,1.0,0.0,-3.270456363679841e-05,0.0006537255248986185,0.5,0.5,0.3536832332611084,0.3576183021068573,3.5368326323226285e-11,3.5761830996516863e-11,0.109375,0.890625,0.3536505103111267,0.3575895428657532,0.5,0.109375,0.1106770858168602
4,decoder.layers.1.blocks.3.attention.self.value,6.974018096923828,6.411125183105469,-0.5628930330276489,0.00040128600085154176,1.0,0.0,-2.3208471247926354e-05,0.006096690893173218,0.50390625,0.49609375,0.4212738275527954,0.4221772849559784,4.2127381444379e-11,4.221772931245482e-11,0.046875,0.953125,0.421250581741333,0.422404944896698,0.50390625,0.046875,0.046875
4,decoder.layers.1.blocks.3.attention.output.dense,6.892003536224365,6.309150218963623,-0.5828536748886108,0.0004041452775709331,1.0,0.0,-0.0006315124337561429,0.004518459551036358,0.4934895932674408,0.5065104365348816,0.5103416442871094,0.5111467242240906,5.1034163006669075e-11,5.111466805374221e-11,0.0325520858168602,0.9674479365348816,0.5097101926803589,0.5105668902397156,0.4934895932674408,0.0325520858168602,0.0364583358168602
4,decoder.layers.1.blocks.3.intermediate.dense,4.913496017456055,4.359491348266602,-0.5540048480033875,0.00039965525502339005,1.0,0.0,1.0051993740489706e-05,0.001233969465829432,0.4934895932674408,0.5065104365348816,1.8805383443832397,1.886921763420105,1.8805383639186601e-10,1.8869217299766206e-10,0.1627604216337204,0.8372396230697632,1.8805484771728516,1.8869127035140991,0.4934895932674408,0.1627604216337204,0.1640625
4,decoder.layers.1.blocks.3.output.dense,6.422176361083984,5.8215532302856445,-0.6006235480308533,0.00040666735731065273,1.0,0.0,-0.0001506680273450911,0.0036142151802778244,0.50390625,0.49609375,0.8667049407958984,0.8667049407958984,8.667049716803987e-11,8.667049716803987e-11,0.0,1.0,0.8665542602539062,0.8665542602539062,0.50390625,0.0,0.0
4,decoder.layers.1.blocks.4.attention.self.continuous_position_bias_mlp.0,7.7907209396362305,7.640967845916748,-0.14975333213806152,0.00021564285270869732,0.970703125,0.00390625,-8.904602145776153e-05,0.000699814991094172,0.4921875,0.494140625,0.22544603049755096,0.2948930263519287,2.2544605071672663e-11,2.948929989088356e-11,0.47265625,0.513671875,0.22535696625709534,0.2948426604270935,0.4930693209171295,0.4752475321292877,0.4752475321292877
4,decoder.layers.1.blocks.4.attention.self.continuous_position_bias_mlp.2,7.878474235534668,7.769608974456787,-0.10886526107788086,0.0001688477350398898,0.9166666865348816,0.0833333358168602,-0.005654049571603537,0.007484413683414459,0.6666666865348816,0.3333333432674408,0.01757248304784298,0.06587870419025421,1.7572483182112797e-12,6.5878704401389765e-12,0.4166666865348816,0.5833333730697632,0.011918433010578156,0.06530213356018066,0.5833333730697632,0.3333333432674408,0.4166666865348816
4,decoder.layers.1.blocks.4.attention.self.query,7.147103786468506,6.575295448303223,-0.5718083381652832,0.00040207552956417203,1.0,0.0,7.065487443469465e-05,0.001017374568618834,0.4661458432674408,0.5338541865348816,0.32585814595222473,0.33348000049591064,3.258581598997168e-11,3.334800144361161e-11,0.13671875,0.86328125,0.32592880725860596,0.33355411887168884,0.4661458432674408,0.13671875,0.1393229216337204
4,decoder.layers.1.blocks.4.attention.self.key,7.071864128112793,6.510262966156006,-0.5616006851196289,0.00040061710751615465,1.0,0.0,3.213280433556065e-05,0.0009726057178340852,0.4973958432674408,0.5026041865348816,0.3701077401638031,0.3775540292263031,3.7010776388068933e-11,3.775540644013198e-11,0.1236979216337204,0.8763021230697632,0.3701398968696594,0.3775598406791687,0.4973958432674408,0.1236979216337204,0.12109375
4,decoder.layers.1.blocks.4.attention.self.value,7.188464641571045,6.594851970672607,-0.593612790107727,0.0004054017481394112,1.0,0.0,0.0003782167914323509,0.008088581264019012,0.484375,0.515625,0.3206023573875427,0.32571280002593994,3.206023641011413e-11,3.257127900724299e-11,0.1588541716337204,0.8411458730697632,0.32098057866096497,0.32648754119873047,0.484375,0.1588541716337204,0.16015625
4,decoder.layers.1.blocks.4.attention.output.dense,6.8022284507751465,6.230833053588867,-0.5713948607444763,0.0004024903755635023,1.0,0.0,-5.9989222791045904e-05,0.004652980249375105,0.5,0.5,0.5632604956626892,0.5643970966339111,5.632604799243879e-11,5.643971054403174e-11,0.0390625,0.9609375,0.5632004737854004,0.5645051002502441,0.5,0.0390625,0.0403645858168602
4,decoder.layers.1.blocks.4.intermediate.dense,5.432253837585449,4.8619914054870605,-0.5702629089355469,0.000401926547056064,1.0,0.0,-6.656397999904584e-06,0.0013090819120407104,0.5084635615348816,0.4915364682674408,1.5643787384033203,1.5714948177337646,1.5643790429731297e-10,1.5714946011158304e-10,0.1901041716337204,0.8098958730697632,1.5643720626831055,1.5715529918670654,0.5084635615348816,0.1901041716337204,0.1884765625
4,decoder.layers.1.blocks.4.output.dense,6.365835189819336,5.788414001464844,-0.5774210691452026,0.00040336427628062665,1.0,0.0,-0.0003329926112201065,0.0036359610967338085,0.53515625,0.46484375,0.8598083257675171,0.8598083257675171,8.598083356403663e-11,8.598083356403663e-11,0.0,1.0,0.859475314617157,0.859475314617157,0.53515625,0.0,0.0
4,decoder.layers.1.blocks.5.attention.self.continuous_position_bias_mlp.0,7.859968185424805,7.750218868255615,-0.10974942147731781,0.0001681022986304015,0.96875,0.021484375,2.8610586014110595e-05,0.00047971814638003707,0.486328125,0.50390625,0.056350525468587875,0.09238861501216888,5.6350527542770035e-12,9.238861412019794e-12,0.46484375,0.525390625,0.05637913569808006,0.09238499402999878,0.48520711064338684,0.4635108411312103,0.4635108411312103
4,decoder.layers.1.blocks.5.attention.self.continuous_position_bias_mlp.2,7.983901023864746,7.952609062194824,-0.031292080879211426,9.388472972204909e-05,0.75,0.25,0.0007728079217486084,0.003398339729756117,0.3333333432674408,0.6666666865348816,-0.0017861336236819625,0.0211845263838768,-1.786133496965367e-13,2.1184525487993877e-12,0.4166666865348816,0.5833333730697632,-0.001013326458632946,0.020916011184453964,0.5833333730697632,0.3333333432674408,0.4166666865348816
4,decoder.layers.1.blocks.5.attention.self.query,7.167516708374023,6.583403587341309,-0.5841130018234253,0.00040433253161609173,1.0,0.0,-2.5391074814251624e-05,0.000561042339541018,0.5247396230697632,0.4752604365348816,0.31703636050224304,0.32010865211486816,3.170363624405148e-11,3.201086617998783e-11,0.1354166716337204,0.8645833730697632,0.3170109689235687,0.3200792372226715,0.5247396230697632,0.1354166716337204,0.1341145932674408
4,decoder.layers.1.blocks.5.attention.self.key,7.159670829772949,6.5767621994018555,-0.5829080939292908,0.0004041215288452804,1.0,0.0,-1.539900404168293e-05,0.0005505835870280862,0.4856770932674408,0.5143229365348816,0.32018518447875977,0.323700487613678,3.201851977996384e-11,3.237004761458273e-11,0.1458333432674408,0.8541666865348816,0.3201697766780853,0.32366830110549927,0.4856770932674408,0.1458333432674408,0.1432291716337204
4,decoder.layers.1.blocks.5.attention.self.value,7.081933498382568,6.491485595703125,-0.5904476046562195,0.0004050327406730503,1.0,0.0,-0.0003416125546209514,0.0071769533678889275,0.515625,0.484375,0.38268887996673584,0.38462626934051514,3.8268891527915017e-11,3.846262891515906e-11,0.05859375,0.94140625,0.3823472857475281,0.3847578763961792,0.515625,0.05859375,0.0572916679084301
4,decoder.layers.1.blocks.5.attention.output.dense,6.840614318847656,6.27646017074585,-0.5641547441482544,0.0004013254656456411,1.0,0.0,-0.00020108271564822644,0.004497048910707235,0.4947916865348816,0.5052083730697632,0.5167771577835083,0.5196654200553894,5.1677717660680855e-11,5.1966535241643186e-11,0.0768229216337204,0.9231771230697632,0.5165761709213257,0.5197979807853699,0.4947916865348816,0.0768229216337204,0.0794270858168602
4,decoder.layers.1.blocks.5.intermediate.dense,5.543708801269531,4.982043743133545,-0.5616654753684998,0.00040056646685115993,1.0,0.0,-1.5797781088622287e-05,0.0013712439686059952,0.5172526240348816,0.4827474057674408,1.4606869220733643,1.4689271450042725,1.4606868492528235e-10,1.4689272020973476e-10,0.1956380307674408,0.8043619990348816,1.4606711864471436,1.4690206050872803,0.5172526240348816,0.1956380307674408,0.1959635466337204
4,decoder.layers.1.blocks.5.output.dense,6.4187726974487305,5.831305503845215,-0.5874671339988708,0.0004047951370012015,1.0,0.0,0.0002882587432395667,0.0032672416418790817,0.48828125,0.51171875,0.8365873098373413,0.8365873098373413,8.365873271909408e-11,8.365873271909408e-11,0.0,1.0,0.8368755578994751,0.8368755578994751,0.48828125,0.0,0.0
4,decoder.layers.1.blocks.6.attention.self.continuous_position_bias_mlp.0,7.850312232971191,7.7145891189575195,-0.13572315871715546,0.00017515389481559396,0.970703125,0.029296875,2.9364080546656623e-05,0.00048666371731087565,0.46875,0.529296875,-1011.8432006835938,1012.074462890625,-1.0118433380057468e-07,1.0120743354491424e-07,0.466796875,0.533203125,-1011.8432006835938,1012.074462890625,0.48727983236312866,0.48046875,0.48046875
4,decoder.layers.1.blocks.6.attention.self.continuous_position_bias_mlp.2,7.956393241882324,7.903003692626953,-0.05338927358388901,0.0001697138650342822,0.9166666865348816,0.0833333358168602,0.0011440704111009836,0.002789511112496257,0.5,0.5,0.0013794845435768366,0.024062536656856537,1.3794843631113884e-13,2.4062537986452304e-12,0.4166666865348816,0.5833333730697632,0.002523554489016533,0.026048604398965836,0.5833333730697632,0.5,0.4166666865348816
4,decoder.layers.1.blocks.6.attention.self.query,7.163735389709473,6.600732326507568,-0.5630031824111938,0.000401101540774107,1.0,0.0,1.860631164163351e-05,0.000843757065013051,0.5078125,0.4921875,0.30706343054771423,0.3138304352760315,3.070634024826546e-11,3.138304199845621e-11,0.2018229216337204,0.7981771230697632,0.30708202719688416,0.31384384632110596,0.5078125,0.2018229216337204,0.2005208432674408
4,decoder.layers.1.blocks.6.attention.self.key,7.144915580749512,6.5796356201171875,-0.5652787685394287,0.00040159275522455573,1.0,0.0,4.394799907458946e-05,0.0007908727857284248,0.5,0.5,0.31843477487564087,0.32299506664276123,3.184347230344997e-11,3.229950681915561e-11,0.1783854216337204,0.8216146230697632,0.31847870349884033,0.32296013832092285,0.5,0.1783854216337204,0.171875
4,decoder.layers.1.blocks.6.attention.self.value,7.060070037841797,6.486287593841553,-0.5737825632095337,0.00040288304444402456,1.0,0.0,-0.00013629364548251033,0.007603619247674942,0.4986979365348816,0.5013021230697632,0.373464435338974,0.37405484914779663,3.7346441911223494e-11,3.740548842889879e-11,0.03125,0.96875,0.3733280897140503,0.3745289444923401,0.4986979365348816,0.03125,0.0338541679084301
4,decoder.layers.1.blocks.6.attention.output.dense,6.700547218322754,6.1078643798828125,-0.5926816463470459,0.0004055185418110341,1.0,0.0,0.00026142678689211607,0.0035492233000695705,0.4674479365348816,0.5325521230697632,0.6594616174697876,0.6600613594055176,6.594615825639139e-11,6.600613805529676e-11,0.0325520858168602,0.9674479365348816,0.6597230434417725,0.6605316400527954,0.4674479365348816,0.0325520858168602,0.0325520858168602
4,decoder.layers.1.blocks.6.intermediate.dense,5.480796813964844,4.907942771911621,-0.572854220867157,0.000402160978410393,1.0,0.0,3.274321716162376e-05,0.0014940958935767412,0.4895833432674408,0.5104166865348816,1.571732759475708,1.5793423652648926,1.5717327439546125e-10,1.5793424901211495e-10,0.1624349057674408,0.8375651240348816,1.571765422821045,1.5794973373413086,0.4895833432674408,0.1624349057674408,0.1595052182674408
4,decoder.layers.1.blocks.6.output.dense,6.385838508605957,5.798429012298584,-0.5874093770980835,0.0004047832335345447,1.0,0.0,-0.0005898188101127744,0.003548775799572468,0.5494791865348816,0.4505208432674408,0.8698151111602783,0.8698151111602783,8.698151920949471e-11,8.698151920949471e-11,0.0,1.0,0.869225263595581,0.869225263595581,0.5494791865348816,0.0,0.0
4,decoder.layers.1.blocks.7.attention.self.continuous_position_bias_mlp.0,7.667256832122803,7.522818565368652,-0.14443793892860413,0.0001631723716855049,0.953125,0.0390625,-8.262381015811116e-05,0.0005637049907818437,0.529296875,0.462890625,-603.59033203125,604.0966186523438,-6.035904220880184e-08,6.040966127329739e-08,0.4375,0.556640625,-603.5904541015625,604.0966796875,0.5452755689620972,0.4243614971637726,0.4302554130554199
4,decoder.layers.1.blocks.7.attention.self.continuous_position_bias_mlp.2,7.98140811920166,7.962272644042969,-0.01913551613688469,-1.366968149341119e-06,0.4166666865348816,0.5833333730697632,0.001404960872605443,0.004239679779857397,0.4166666865348816,0.5833333730697632,-0.007745709270238876,0.028047215193510056,-7.745710539977524e-13,2.804721515800579e-12,0.6666666865348816,0.3333333432674408,-0.006340748630464077,0.0309259295463562,0.5,0.5833333730697632,0.5
4,decoder.layers.1.blocks.7.attention.self.query,7.164736747741699,6.603539943695068,-0.5611962676048279,0.00040086620720103383,1.0,0.0,1.4277622540248558e-05,0.0005890829488635063,0.4856770932674408,0.5143229365348816,0.3080506920814514,0.3154662549495697,3.0805066830730254e-11,3.154662642224082e-11,0.2330729216337204,0.7669271230697632,0.30806493759155273,0.3155062794685364,0.4856770932674408,0.2330729216337204,0.2317708432674408
4,decoder.layers.1.blocks.7.attention.self.key,7.178210735321045,6.600911617279053,-0.5772998929023743,0.0004032691358588636,1.0,0.0,-1.3347193998924922e-05,0.0006657884223386645,0.4778645932674408,0.5221354365348816,0.308687686920166,0.31446945667266846,3.086876587676812e-11,3.144694921131119e-11,0.2018229216337204,0.7981771230697632,0.30867433547973633,0.31447482109069824,0.4778645932674408,0.2018229216337204,0.2057291716337204
4,decoder.layers.1.blocks.7.attention.self.value,6.938835144042969,6.3634748458862305,-0.5753607749938965,0.00040299753891304135,1.0,0.0,0.0005826532142236829,0.011567283421754837,0.5182291865348816,0.4817708432674408,0.46155762672424316,0.4623495936393738,4.6155766708633195e-11,4.623496030475849e-11,0.0260416679084301,0.9739583730697632,0.4621402621269226,0.46301326155662537,0.5182291865348816,0.0260416679084301,0.0299479179084301
4,decoder.layers.1.blocks.7.attention.output.dense,6.508486747741699,5.92481803894043,-0.5836678147315979,0.00040404516039416194,1.0,0.0,0.0008124531013891101,0.006681250408291817,0.4908854365348816,0.5091146230697632,0.8001307249069214,0.8015269637107849,8.001307255645074e-11,8.015269004069125e-11,0.0559895858168602,0.9440104365348816,0.8009430766105652,0.8027498126029968,0.4908854365348816,0.0559895858168602,0.05859375
4,decoder.layers.1.blocks.7.intermediate.dense,5.046783924102783,4.494748592376709,-0.5520350337028503,0.0003991778939962387,1.0,0.0,8.334424637723714e-05,0.0017950538313016295,0.4847005307674408,0.5152994990348816,1.7904475927352905,1.7967299222946167,1.790447790028793e-10,1.7967298482357563e-10,0.1402994841337204,0.8597005605697632,1.790531039237976,1.7968769073486328,0.4847005307674408,0.1402994841337204,0.1399739682674408
4,decoder.layers.1.blocks.7.output.dense,6.290781021118164,5.703301906585693,-0.5874794721603394,0.0004047953989356756,1.0,0.0,-0.0005957956309430301,0.0035018669441342354,0.4947916865348816,0.5052083730697632,0.9339033961296082,0.9339033961296082,9.339034406918856e-11,9.339034406918856e-11,0.0,1.0,0.9333076477050781,0.9333076477050781,0.4947916865348816,0.0,0.0
4,decoder.layers.1.upsample.upsample,6.916369438171387,6.344352722167969,-0.5720157027244568,0.0004023646470159292,1.0,0.0,-0.00011118197289761156,0.021183881908655167,0.4967448115348816,0.5032552480697632,0.47124728560447693,0.47146591544151306,4.712473120060956e-11,4.714659218585382e-11,0.00911458395421505,0.9908854365348816,0.47113609313964844,0.4720824360847473,0.4967448115348816,0.00911458395421505,0.0162760429084301
4,decoder.layers.1.upsample.mixup,7.241202354431152,6.770715236663818,-0.47048723697662354,0.0003682614187709987,0.9973958730697632,0.0026041667442768812,0.007419447414577007,0.06593197584152222,0.46875,0.53125,0.23762977123260498,0.36186832189559937,2.3762977696684118e-11,3.6186827839790325e-11,0.2526041865348816,0.7473958730697632,0.24504922330379486,0.38427984714508057,0.4713541865348816,0.25,0.2213541716337204
4,decoder.layers.2.blocks.0.attention.self.continuous_position_bias_mlp.0,7.6472578048706055,7.441694259643555,-0.20556309819221497,0.000249136530328542,0.943359375,0.01953125,-2.330424467800185e-05,0.004303699359297752,0.50390625,0.455078125,0.19383808970451355,0.28548464179039,1.9383807059458746e-11,2.854846740951711e-11,0.453125,0.5078125,0.19381476938724518,0.28663939237594604,0.5336049199104309,0.4593495726585388,0.46044623851776123
4,decoder.layers.2.blocks.0.attention.self.continuous_position_bias_mlp.2,8.118988037109375,8.06611156463623,-0.05287687107920647,-8.430797606706619e-07,0.6666666865348816,0.3333333432674408,0.008205738849937916,0.009627044200897217,0.3333333432674408,0.6666666865348816,-0.024922002106904984,0.049685657024383545,-2.4922004564220668e-12,4.968566356955417e-12,0.8333333730697632,0.1666666716337204,-0.016716260462999344,0.05272996425628662,0.6666666865348816,0.5,0.8333333730697632
4,decoder.layers.2.blocks.0.attention.self.query,7.144150733947754,6.585935115814209,-0.5582157373428345,0.0003983125207014382,1.0,0.0,-0.0003476163255982101,0.026979956775903702,0.4713541865348816,0.5286458730697632,0.35021156072616577,0.3584977090358734,3.5021156113979046e-11,3.584976759896108e-11,0.1380208432674408,0.8619791865348816,0.3498639762401581,0.3617022633552551,0.4713541865348816,0.1380208432674408,0.125
4,decoder.layers.2.blocks.0.attention.self.key,6.920638084411621,6.3649091720581055,-0.5557295083999634,0.00039846845902502537,1.0,0.0,0.001305397949181497,0.029616616666316986,0.4713541865348816,0.5286458730697632,0.47547826170921326,0.48124563694000244,4.75478233175064e-11,4.812456683156441e-11,0.0442708358168602,0.9557291865348816,0.4767836332321167,0.4856666922569275,0.4713541865348816,0.0442708358168602,0.0625
4,decoder.layers.2.blocks.0.attention.self.value,7.064398765563965,6.481478691101074,-0.5829200744628906,0.000393283786252141,0.9973958730697632,0.0026041667442768812,-0.007554234471172094,0.17440252006053925,0.4895833432674408,0.5104166865348816,-147.4098358154297,148.2286834716797,-1.4740983544925257e-08,1.482286648979425e-08,0.02864583395421505,0.9713541865348816,-147.4174041748047,148.26416015625,0.4921875,0.03125,0.1145833358168602
4,decoder.layers.2.blocks.0.attention.output.dense,6.997804164886475,6.421260833740234,-0.5765430927276611,0.00040071579860523343,1.0,0.0,0.0026026323903352022,0.09893158078193665,0.4921875,0.5078125,0.44147419929504395,0.45238643884658813,4.4147421829343614e-11,4.523864616245987e-11,0.0390625,0.9609375,0.44407686591148376,0.4662930965423584,0.4921875,0.0390625,0.0755208358168602
4,decoder.layers.2.blocks.0.intermediate.dense,2.9462478160858154,2.734799861907959,-0.21144798398017883,0.00015706961858086288,0.408203125,0.0,0.0006310432218015194,0.019538594409823418,0.509765625,0.490234375,16.046920776367188,16.062149047851562,1.6046921569312644e-09,1.6062150498541428e-09,0.09375,0.90625,16.04755210876465,16.065963745117188,0.1966145932674408,0.09375,0.0859375
4,decoder.layers.2.blocks.0.output.dense,6.037492752075195,5.467793941497803,-0.5696994066238403,0.0004022624052595347,1.0,0.0,0.0022723469883203506,0.07821805030107498,0.4609375,0.5390625,1.0845553874969482,1.0845553874969482,1.0845552234073352e-10,1.0845552234073352e-10,0.0,1.0,1.0868276357650757,1.0868276357650757,0.4609375,0.0,0.0
4,decoder.layers.2.blocks.1.attention.self.continuous_position_bias_mlp.0,7.746781349182129,7.626049995422363,-0.12073118984699249,0.0001803523045964539,0.91796875,0.05859375,0.0005215205601416528,0.003248878289014101,0.48828125,0.48828125,0.13173918426036835,0.18148832023143768,1.3173917685904701e-11,1.8148833130782194e-11,0.462890625,0.513671875,0.13226069509983063,0.18195225298404694,0.5320000052452087,0.4700000286102295,0.47200003266334534
4,decoder.layers.2.blocks.1.attention.self.continuous_position_bias_mlp.2,8.131103515625,8.094040870666504,-0.03706296533346176,-0.00019716389942914248,0.1666666716337204,0.8333333730697632,0.033029451966285706,0.08428789675235748,0.3333333432674408,0.6666666865348816,-0.02800830267369747,0.052082162350416183,-2.8008303142035285e-12,5.208215803076399e-12,0.5,0.5,0.005021149292588234,0.1232760101556778,0.8333333730697632,0.6666666865348816,0.8333333730697632
4,decoder.layers.2.blocks.1.attention.self.query,7.110080718994141,6.552867889404297,-0.5572128891944885,0.00039976518019102514,1.0,0.0,0.00010972594463964924,0.013530272990465164,0.53125,0.46875,0.3470611274242401,0.3530023694038391,3.47061129835069e-11,3.530023495734724e-11,0.1015625,0.8984375,0.3471708297729492,0.3538946509361267,0.53125,0.1015625,0.1067708358168602
4,decoder.layers.2.blocks.1.attention.self.key,6.953378677368164,6.3972296714782715,-0.556148886680603,0.00039989835931919515,1.0,0.0,0.0011546195019036531,0.012760905548930168,0.4609375,0.5390625,0.4429017901420593,0.44586655497550964,4.42901756936287e-11,4.4586660752354845e-11,0.046875,0.953125,0.4440563917160034,0.44707250595092773,0.4609375,0.046875,0.0442708358168602
4,decoder.layers.2.blocks.1.attention.self.value,6.933873653411865,6.39197301864624,-0.5419011116027832,0.0003881613665726036,0.9947916865348816,0.0052083334885537624,-0.012057235464453697,0.1349962204694748,0.5,0.5,0.4631853699684143,0.4690205454826355,4.631853928183105e-11,4.6902058625786225e-11,0.015625,0.984375,0.45112812519073486,0.4778152406215668,0.5052083730697632,0.02083333395421505,0.078125
4,decoder.layers.2.blocks.1.attention.output.dense,6.809812545776367,6.2141852378845215,-0.5956276655197144,0.00039653253043070436,1.0,0.0,0.01780809834599495,0.11087393760681152,0.46875,0.53125,-190.6641082763672,191.80792236328125,-1.9066412448864867e-08,1.918079206575385e-08,0.010416666977107525,0.9895833730697632,-190.64633178710938,191.8234100341797,0.46875,0.010416666977107525,0.0260416679084301
4,decoder.layers.2.blocks.1.intermediate.dense,3.2076661586761475,2.9699807167053223,-0.23768553137779236,0.00017626052431296557,0.4498698115348816,0.0,-0.00014690225361846387,0.01805812492966652,0.5078125,0.4921875,16.40707778930664,16.409772872924805,1.6407077918501045e-09,1.6409773540004835e-09,0.0462239608168602,0.9537760615348816,16.40692901611328,16.411619186401367,0.2298177182674408,0.0462239608168602,0.048828125
4,decoder.layers.2.blocks.1.output.dense,6.234490871429443,5.640046119689941,-0.5944450497627258,0.00040578568587079644,1.0,0.0,0.012729890644550323,0.07896401733160019,0.5,0.5,1.0018795728683472,1.0018795728683472,1.0018795515431833e-10,1.0018795515431833e-10,0.0,1.0,1.0146093368530273,1.0146093368530273,0.5,0.0,0.0
4,decoder.layers.2.blocks.2.attention.self.continuous_position_bias_mlp.0,7.837845325469971,7.757959365844727,-0.07988590747117996,0.00012562535994220525,0.81640625,0.17578125,0.00023177092953119427,0.006517989095300436,0.494140625,0.498046875,0.10537771880626678,0.15140308439731598,1.0537772043850424e-11,1.514030914528952e-11,0.505859375,0.486328125,0.10560949146747589,0.1516876071691513,0.5452755689620972,0.42716535925865173,0.4330708682537079
4,decoder.layers.2.blocks.2.attention.self.continuous_position_bias_mlp.2,8.083988189697266,8.07728099822998,-0.006706635467708111,-5.851290188729763e-05,0.5,0.5,0.00021426193416118622,0.024297280237078667,0.3333333432674408,0.6666666865348816,-0.0005204504122957587,0.055088482797145844,-5.2045173726256166e-14,5.508848151952739e-12,0.6666666865348816,0.3333333432674408,-0.0003061865863855928,0.0688851997256279,0.5,0.1666666716337204,0.1666666716337204
4,decoder.layers.2.blocks.2.attention.self.query,7.145642280578613,6.55066442489624,-0.5949773788452148,0.00040483937482349575,1.0,0.0,0.000978583935648203,0.016231240704655647,0.4947916865348816,0.5052083730697632,0.356167733669281,0.358977735042572,3.5616776888902635e-11,3.589777433643526e-11,0.0494791679084301,0.9505208730697632,0.35714635252952576,0.3603326678276062,0.4947916865348816,0.0494791679084301,0.0625
4,decoder.layers.2.blocks.2.attention.self.key,6.961375713348389,6.390481948852539,-0.5708937644958496,0.0004016358288936317,1.0,0.0,0.0012630384881049395,0.017195768654346466,0.4713541865348816,0.5286458730697632,0.44634193181991577,0.4485017657279968,4.463419564504356e-11,4.485017912614353e-11,0.03125,0.96875,0.4476049840450287,0.45032352209091187,0.4713541865348816,0.03125,0.0390625
4,decoder.layers.2.blocks.2.attention.self.value,6.973200798034668,6.465039253234863,-0.5081616640090942,0.00038494059117510915,0.9947916865348816,0.0052083334885537624,-0.0011843530228361487,0.1746421903371811,0.4869791865348816,0.5130208730697632,0.43673843145370483,0.46013444662094116,4.3673842320401945e-11,4.6013443055770153e-11,0.0182291679084301,0.9817708730697632,0.4355540871620178,0.4900459051132202,0.4869791865348816,0.01302083395421505,0.0807291716337204
4,decoder.layers.2.blocks.2.attention.output.dense,6.852540493011475,6.340212821960449,-0.5123281478881836,0.00038532225880771875,0.9921875,0.0078125,0.0178463663905859,0.130515456199646,0.4713541865348816,0.5286458730697632,0.49077174067497253,0.5519241094589233,4.907717288116231e-11,5.519240273144099e-11,0.0182291679084301,0.9817708730697632,0.5086181163787842,0.5795077681541443,0.4791666865348816,0.02083333395421505,0.0520833358168602
4,decoder.layers.2.blocks.2.intermediate.dense,3.7113819122314453,3.4464921951293945,-0.26488932967185974,0.00020183526794426143,0.521484375,0.0,0.0007650414481759071,0.019358918070793152,0.48828125,0.51171875,12.37873649597168,12.38323974609375,1.2378736924389955e-09,1.238324109920086e-09,0.060546875,0.939453125,12.379501342773438,12.38614273071289,0.2578125,0.060546875,0.0696614608168602
4,decoder.layers.2.blocks.2.output.dense,6.14329719543457,5.587523460388184,-0.5557737946510315,0.00040028043440543115,1.0,0.0,-0.0014494990464299917,0.0894964188337326,0.4453125,0.5546875,0.9751278162002563,0.9751278162002563,9.751277563196936e-11,9.751277563196936e-11,0.0,1.0,0.9736782908439636,0.9802057147026062,0.4453125,0.0,0.0078125
4,decoder.layers.2.blocks.3.attention.self.continuous_position_bias_mlp.0,7.93508768081665,7.884482383728027,-0.05060550570487976,8.933476055972278e-05,0.7578125,0.234375,0.000480786053230986,0.011679318733513355,0.48828125,0.50390625,0.03228896111249924,0.07397996634244919,3.2288958833059933e-12,7.39799714544187e-12,0.46875,0.5234375,0.03276974707841873,0.07716085016727448,0.539370059967041,0.3897637724876404,0.4133858382701874
4,decoder.layers.2.blocks.3.attention.self.continuous_position_bias_mlp.2,8.366556167602539,8.338741302490234,-0.02781391143798828,-0.00015386896848212928,0.3333333432674408,0.6666666865348816,-0.01694786176085472,0.14634911715984344,0.3333333432674408,0.6666666865348816,-0.05158769339323044,0.05158769339323044,-5.158769245117156e-12,5.158769245117156e-12,1.0,0.0,-0.06853555142879486,0.14191049337387085,1.0,0.3333333432674408,0.8333333730697632
4,decoder.layers.2.blocks.3.attention.self.query,7.05509090423584,6.499288558959961,-0.5558022856712341,0.0003989864489994943,1.0,0.0,0.0004558372311294079,0.024196431040763855,0.5208333730697632,0.4791666865348816,0.3781995177268982,0.38153111934661865,3.781994856177917e-11,3.815311261368137e-11,0.0520833358168602,0.9479166865348816,0.3786553144454956,0.38367003202438354,0.5208333730697632,0.0520833358168602,0.0546875
4,decoder.layers.2.blocks.3.attention.self.key,7.038328170776367,6.460525035858154,-0.5778034925460815,0.0004029562696814537,1.0,0.0,-0.00032465471304021776,0.024425767362117767,0.5260416865348816,0.4739583432674408,0.40379470586776733,0.40519243478775024,4.0379474069984767e-11,4.051924074044422e-11,0.02083333395421505,0.9791666865348816,0.40347009897232056,0.4058113992214203,0.5260416865348816,0.02083333395421505,0.0416666679084301
4,decoder.layers.2.blocks.3.attention.self.value,6.938104152679443,6.35925817489624,-0.5788459777832031,0.0003794310614466667,0.9947916865348816,0.0052083334885537624,0.004284748341888189,0.2223605215549469,0.4973958432674408,0.5026041865348816,-362.20770263671875,363.18719482421875,-3.622076860665402e-08,3.6318724028205907e-08,0.0338541679084301,0.9661458730697632,-362.20343017578125,363.23126220703125,0.4973958432674408,0.0390625,0.1041666716337204
4,decoder.layers.2.blocks.3.attention.output.dense,6.81527853012085,6.249017715454102,-0.5662606358528137,0.00038474969915114343,0.9947916865348816,0.0052083334885537624,0.01889633946120739,0.15785610675811768,0.4609375,0.5390625,-162.3612823486328,163.4812774658203,-1.6236125333080054e-08,1.6348129960874758e-08,0.02083333395421505,0.9791666865348816,-162.34234619140625,163.5247344970703,0.4661458432674408,0.0260416679084301,0.0807291716337204
4,decoder.layers.2.blocks.3.intermediate.dense,3.8030402660369873,3.5255448818206787,-0.27749544382095337,0.00020982581190764904,0.537109375,0.0,0.0014144390588626266,0.018743447959423065,0.5169271230697632,0.4830729365348816,10.199556350708008,10.201725006103516,1.0199556754741934e-09,1.0201726130532052e-09,0.0377604179084301,0.9622396230697632,10.200971603393555,10.204609870910645,0.2760416865348816,0.0377604179084301,0.052734375
4,decoder.layers.2.blocks.3.output.dense,6.286447525024414,5.6655097007751465,-0.6209381818771362,0.0004048726405017078,1.0,0.0,0.011571004055440426,0.08078213781118393,0.4921875,0.5078125,-237.80389404296875,239.73776245117188,-2.378039098971385e-08,2.397377407703516e-08,0.0052083334885537624,0.9947916865348816,-237.79229736328125,239.75048828125,0.4921875,0.0052083334885537624,0.0052083334885537624
4,decoder.layers.2.blocks.4.attention.self.continuous_position_bias_mlp.0,7.817780017852783,7.712464332580566,-0.10531572252511978,9.654406312620267e-05,0.69140625,0.30078125,0.0018802251433953643,0.013378450646996498,0.458984375,0.53125,-1191.132080078125,1191.3914794921875,-1.1911320996205177e-07,1.191391305610523e-07,0.443359375,0.548828125,-1191.1300048828125,1191.396484375,0.5976331233978271,0.43897637724876404,0.48228347301483154
4,decoder.layers.2.blocks.4.attention.self.continuous_position_bias_mlp.2,8.66162109375,8.696508407592773,0.034886837005615234,-0.00037270443863235414,0.3333333432674408,0.6666666865348816,0.07767509669065475,0.22345909476280212,0.3333333432674408,0.6666666865348816,-0.1312919706106186,0.1312919706106186,-1.3129197382055757e-11,1.3129197382055757e-11,1.0,0.0,-0.05361686274409294,0.29194217920303345,1.0,0.3333333432674408,0.8333333730697632
4,decoder.layers.2.blocks.4.attention.self.query,6.98730993270874,6.4524149894714355,-0.5348949432373047,0.0003956928267143667,1.0,0.0,0.0025551351718604565,0.019209904596209526,0.4791666865348816,0.5208333730697632,0.3992553651332855,0.40166348218917847,3.992553510023811e-11,4.0166342474279304e-11,0.0520833358168602,0.9479166865348816,0.40181049704551697,0.40528935194015503,0.4791666865348816,0.0520833358168602,0.0651041716337204
4,decoder.layers.2.blocks.4.attention.self.key,7.01341438293457,6.444722652435303,-0.5686919093132019,0.00040147415711544454,1.0,0.0,0.002112755086272955,0.021772336214780807,0.4713541865348816,0.5286458730697632,0.41812223196029663,0.4189266562461853,4.181222729160439e-11,4.189266641918543e-11,0.03125,0.96875,0.4202350080013275,0.4220559298992157,0.4713541865348816,0.03125,0.0416666679084301
4,decoder.layers.2.blocks.4.attention.self.value,6.9811553955078125,6.351645469665527,-0.6295105814933777,0.0003768968163058162,0.9921875,0.0078125,0.04643728584051132,0.2704678773880005,0.4635416865348816,0.5364583730697632,-675.236328125,676.230224609375,-6.752362935458223e-08,6.762303428331506e-08,0.0520833358168602,0.9479166865348816,-675.1898193359375,676.3204956054688,0.4713541865348816,0.0598958358168602,0.125
4,decoder.layers.2.blocks.4.attention.output.dense,6.854257106781006,6.232267379760742,-0.6219892501831055,0.0003787620225921273,0.9921875,0.0078125,0.019305672496557236,0.19188794493675232,0.4895833432674408,0.5104166865348816,-475.79736328125,476.9405212402344,-4.757973925961778e-08,4.7694054927660545e-08,0.0416666679084301,0.9583333730697632,-475.778076171875,476.97412109375,0.4973958432674408,0.0442708358168602,0.0989583358168602
4,decoder.layers.2.blocks.4.intermediate.dense,4.37334680557251,4.0474162101745605,-0.32593080401420593,0.00024163222406059504,0.6184896230697632,0.0,0.0014108521863818169,0.032913997769355774,0.494140625,0.505859375,8.124497413635254,8.130563735961914,8.124497741235359e-10,8.130563999841911e-10,0.0397135429084301,0.9602864980697632,8.125907897949219,8.134889602661133,0.3111979365348816,0.0397135429084301,0.05078125
4,decoder.layers.2.blocks.4.output.dense,6.337083339691162,5.739156246185303,-0.5979272127151489,0.00040395846008323133,1.0,0.0,0.003674444742500782,0.120057612657547,0.4947916865348816,0.5052083730697632,0.8237937688827515,1.0256812572479248,8.237937415556118e-11,1.0256812066344878e-10,0.0026041667442768812,0.9973958730697632,0.8274680972099304,1.0340521335601807,0.4947916865348816,0.0026041667442768812,0.010416666977107525
4,decoder.layers.2.blocks.5.attention.self.continuous_position_bias_mlp.0,7.8215012550354,7.712559223175049,-0.10894213616847992,9.096864960156381e-05,0.65234375,0.33203125,0.0021953247487545013,0.0168057382106781,0.451171875,0.53125,-601.2946166992188,601.56396484375,-6.012947295630511e-08,6.015639542056306e-08,0.4609375,0.5234375,-601.29248046875,601.5714721679688,0.614314079284668,0.4523809850215912,0.5218254327774048
4,decoder.layers.2.blocks.5.attention.self.continuous_position_bias_mlp.2,8.407812118530273,8.54659652709961,0.13878361880779266,-0.0005578396376222372,0.0,1.0,0.10920572280883789,0.15985243022441864,0.1666666716337204,0.8333333730697632,-0.04192998260259628,0.04192998260259628,-4.1929983790600645e-12,4.1929983790600645e-12,1.0,0.0,0.06727574020624161,0.14871180057525635,0.8333333730697632,0.0,0.8333333730697632
4,decoder.layers.2.blocks.5.attention.self.query,7.102931022644043,6.533694267272949,-0.5692368745803833,0.00040151315624825656,1.0,0.0,0.002133274683728814,0.02874940261244774,0.4895833432674408,0.5104166865348816,0.3584901690483093,0.3605005145072937,3.584901819841946e-11,3.6050048363156506e-11,0.0625,0.9375,0.36062344908714294,0.3642561435699463,0.4895833432674408,0.0625,0.0677083358168602
4,decoder.layers.2.blocks.5.attention.self.key,7.033282279968262,6.470278739929199,-0.5630038976669312,0.00040082487976178527,1.0,0.0,-0.0019065106753259897,0.028618624433875084,0.5,0.5,0.39646822214126587,0.39743277430534363,3.964682401824682e-11,3.974327464351113e-11,0.0390625,0.9609375,0.3945617079734802,0.39666175842285156,0.5,0.0390625,0.0494791679084301
4,decoder.layers.2.blocks.5.attention.self.value,6.951035976409912,6.3544840812683105,-0.5965514183044434,0.0003599711344577372,0.9765625,0.0234375,0.046945761889219284,0.4721212089061737,0.4713541865348816,0.5286458730697632,-521.3441772460938,522.3623657226562,-5.213442122453671e-08,5.223623844585745e-08,0.0546875,0.9453125,-521.2972412109375,522.569091796875,0.46875,0.0625,0.1796875
4,decoder.layers.2.blocks.5.attention.output.dense,6.93678092956543,6.300391674041748,-0.6363894939422607,0.00038787254015915096,1.0,0.0,0.08099611103534698,0.22960464656352997,0.4661458432674408,0.5338541865348816,-442.180908203125,443.28033447265625,-4.421809407517685e-08,4.432803279996733e-08,0.03125,0.96875,-442.0999450683594,443.3892517089844,0.4661458432674408,0.03125,0.0703125
4,decoder.layers.2.blocks.5.intermediate.dense,4.470829010009766,4.125336647033691,-0.3454926908016205,0.00024877008399926126,0.62890625,0.0,0.0002969688212033361,0.02784484624862671,0.4928385615348816,0.5071614980697632,6.563596725463867,6.566680908203125,6.56359633310899e-10,6.566680532671398e-10,0.0455729179084301,0.9544271230697632,6.563893795013428,6.569524765014648,0.314453125,0.0455729179084301,0.0514322929084301
4,decoder.layers.2.blocks.5.output.dense,6.304358959197998,5.7310614585876465,-0.5732972621917725,0.00040172968874685466,1.0,0.0,0.00970021914690733,0.11311259865760803,0.4765625,0.5234375,0.9148649573326111,0.9148649573326111,9.148649893209182e-11,9.148649893209182e-11,0.0,1.0,0.9245651960372925,0.9262504577636719,0.4765625,0.0,0.0026041667442768812
4,decoder.layers.2.blocks.6.attention.self.continuous_position_bias_mlp.0,7.831876754760742,7.748177528381348,-0.08369974046945572,0.0001087668351829052,0.6640625,0.302734375,0.0005245618522167206,0.023001812398433685,0.4453125,0.51953125,-1102.1312255859375,1102.404296875,-1.1021313639503205e-07,1.102404283415126e-07,0.404296875,0.5625,-1102.1304931640625,1102.414794921875,0.601214587688446,0.4404040575027466,0.5111111402511597
4,decoder.layers.2.blocks.6.attention.self.continuous_position_bias_mlp.2,8.504779815673828,8.69775676727295,0.19297759234905243,-0.0005201059393584728,0.0,1.0,0.1258154660463333,0.1258154660463333,0.0,1.0,-0.08164981007575989,0.08164981007575989,-8.164980844216352e-12,8.164980844216352e-12,1.0,0.0,0.04416565224528313,0.04416565224528313,1.0,0.0,1.0
4,decoder.layers.2.blocks.6.attention.self.query,6.896798133850098,6.369222640991211,-0.5275754928588867,0.000395255716284737,1.0,0.0,0.005362161435186863,0.03132375329732895,0.4765625,0.5234375,0.44897836446762085,0.45402753353118896,4.4897835449475565e-11,4.540275794218118e-11,0.0364583358168602,0.9635416865348816,0.45434054732322693,0.45935675501823425,0.4765625,0.0364583358168602,0.046875
4,decoder.layers.2.blocks.6.attention.self.key,6.948622703552246,6.400130748748779,-0.5484921932220459,0.0003984750364907086,1.0,0.0,0.0023483550176024437,0.0318247452378273,0.4895833432674408,0.5104166865348816,0.4320274293422699,0.4329667091369629,4.3202743466030924e-11,4.3296671803361164e-11,0.0260416679084301,0.9739583730697632,0.4343758225440979,0.4393032491207123,0.4895833432674408,0.0260416679084301,0.0494791679084301
4,decoder.layers.2.blocks.6.attention.self.value,7.146310329437256,6.622569561004639,-0.5237407684326172,0.00031058775493875146,0.9114583730697632,0.0885416716337204,0.14664210379123688,0.7887679934501648,0.4557291865348816,0.5442708730697632,-1026.78857421875,1027.7637939453125,-1.026788680746904e-07,1.0277638295974612e-07,0.1223958358168602,0.8776041865348816,-1026.6419677734375,1028.1893310546875,0.5026041865348816,0.1536458432674408,0.3098958432674408
4,decoder.layers.2.blocks.6.attention.output.dense,6.746846675872803,6.183615684509277,-0.563231348991394,0.00037957465974614024,0.9895833730697632,0.010416666977107525,0.04142092168331146,0.23936724662780762,0.5,0.5,-181.70001220703125,182.95761108398438,-1.817000239157096e-08,1.829576135037314e-08,0.0234375,0.9765625,-181.6586151123047,183.04159545898438,0.5052083730697632,0.02864583395421505,0.1171875
4,decoder.layers.2.blocks.6.intermediate.dense,4.414604187011719,4.0782270431518555,-0.3363770842552185,0.0002422306570224464,0.6217448115348816,0.0006510416860692203,0.003508059773594141,0.0455671027302742,0.4993489682674408,0.5006510615348816,5.367844581604004,5.780356407165527,5.36784394711276e-10,5.780357303919459e-10,0.0514322929084301,0.9485677480697632,5.371352195739746,5.789159297943115,0.3098958432674408,0.0520833358168602,0.0651041716337204
4,decoder.layers.2.blocks.6.output.dense,6.301089763641357,5.6889801025390625,-0.6121097207069397,0.0004008433024864644,0.9973958730697632,0.0026041667442768812,-0.017444264143705368,0.1344296634197235,0.5130208730697632,0.4869791865348816,-196.7842254638672,198.662353515625,-1.9678424223457114e-08,1.9866233103016384e-08,0.0078125,0.9921875,-196.80172729492188,198.68325805664062,0.515625,0.0052083334885537624,0.015625
4,decoder.layers.2.blocks.7.attention.self.continuous_position_bias_mlp.0,6.9679179191589355,6.4793195724487305,-0.48859840631484985,0.00021613281569443643,0.697265625,0.146484375,-2.7986912755295634e-05,0.007347911596298218,0.400390625,0.412109375,-7964.97802734375,9189.529296875,-7.964978294694447e-07,9.189529350805969e-07,0.21484375,0.62890625,-7964.978515625,9189.533203125,0.59375,0.2708333432674408,0.34562212228775024
4,decoder.layers.2.blocks.7.attention.self.continuous_position_bias_mlp.2,8.036879539489746,7.7731428146362305,-0.2637367248535156,7.254349475260824e-05,0.8333333730697632,0.1666666716337204,0.23318055272102356,0.24506913125514984,0.5,0.5,-0.03707186505198479,0.17425566911697388,-3.707187334889284e-12,1.742556793304928e-11,0.6666666865348816,0.3333333432674408,0.19610869884490967,0.3852829933166504,0.3333333432674408,0.5,0.5
4,decoder.layers.2.blocks.7.attention.self.query,6.988195419311523,6.422079086303711,-0.5661167502403259,0.00040005877963267267,1.0,0.0,0.0023537466768175364,0.029450979083776474,0.5,0.5,0.4345656633377075,0.44274744391441345,4.345656820503585e-11,4.427474359358641e-11,0.0416666679084301,0.9583333730697632,0.4369194507598877,0.44608473777770996,0.5,0.0416666679084301,0.0520833358168602
4,decoder.layers.2.blocks.7.attention.self.key,6.923439979553223,6.366457939147949,-0.5569814443588257,0.0003996531886514276,1.0,0.0,0.012139576487243176,0.05043574422597885,0.46875,0.53125,0.462184876203537,0.46273717284202576,4.621848390118366e-11,4.6273720966105714e-11,0.0234375,0.9765625,0.47432446479797363,0.4761008024215698,0.46875,0.0234375,0.03125
4,decoder.layers.2.blocks.7.attention.self.value,7.387635707855225,6.4564056396484375,-0.9312297701835632,0.00030314657487906516,0.9088541865348816,0.0911458358168602,0.12561875581741333,0.9166340231895447,0.4505208432674408,0.5494791865348816,-2950.56591796875,2951.57470703125,-2.95056594268317e-07,2.951574629150855e-07,0.1328125,0.8671875,-2950.4404296875,2952.1416015625,0.4947916865348816,0.2135416716337204,0.3567708432674408
4,decoder.layers.2.blocks.7.attention.output.dense,6.560998439788818,5.986261367797852,-0.5747368335723877,0.00038879940984770656,0.9973958730697632,0.0026041667442768812,0.0724095031619072,0.1675657033920288,0.4270833432674408,0.5729166865348816,-346.22039794921875,347.76513671875,-3.462203679305276e-08,3.477651233652068e-08,0.0390625,0.9609375,-346.14794921875,347.847412109375,0.4296875,0.0364583358168602,0.0598958358168602
4,decoder.layers.2.blocks.7.intermediate.dense,4.11012601852417,3.778228282928467,-0.3318977952003479,0.000240093024331145,0.6126302480697632,0.0,0.00013552684686146677,0.019967686384916306,0.4811198115348816,0.5188802480697632,4.259255886077881,4.264421463012695,4.2592560034471205e-10,4.264421593624945e-10,0.06640625,0.93359375,4.2593913078308105,4.268261909484863,0.287109375,0.06640625,0.0696614608168602
4,decoder.layers.2.blocks.7.output.dense,6.064256191253662,5.507302761077881,-0.5569535493850708,0.00040031978278420866,1.0,0.0,0.008727126754820347,0.03622090071439743,0.4713541865348816,0.5286458730697632,1.04018235206604,1.04018235206604,1.0401823846706293e-10,1.0401823846706293e-10,0.0,1.0,1.0489095449447632,1.0489095449447632,0.4713541865348816,0.0,0.0
4,decoder.layers.2.upsample.upsample,6.645066738128662,6.030704498291016,-0.6143626570701599,0.0003937044821213931,0.99609375,0.00390625,0.07271242141723633,0.20241503417491913,0.4427083432674408,0.5572916865348816,-627.732666015625,629.1217041015625,-6.277326747294865e-08,6.291217147236239e-08,0.02734375,0.97265625,-627.6599731445312,629.1950073242188,0.4440104365348816,0.0260416679084301,0.0338541679084301
4,decoder.layers.2.upsample.mixup,7.034727096557617,6.613059043884277,-0.42166852951049805,0.00034810183569788933,0.984375,0.015625,0.2900775671005249,0.5004521608352661,0.421875,0.578125,0.11306335031986237,0.658715546131134,1.1306333473626307e-11,6.587155126913657e-11,0.203125,0.796875,0.4031409025192261,1.042291522026062,0.4270833432674408,0.2083333432674408,0.2447916716337204
4,decoder.layers.3.blocks.0.attention.self.continuous_position_bias_mlp.0,7.496667861938477,7.097947120666504,-0.39872074127197266,0.00022606109268963337,0.9140625,0.04296875,-4.665682718041353e-05,0.0007976098568178713,0.498046875,0.474609375,-4535.3017578125,4536.14697265625,-4.5353016275839764e-07,4.536147173439531e-07,0.357421875,0.611328125,-4535.3017578125,4536.14697265625,0.5140562057495117,0.3729838728904724,0.3710317611694336
4,decoder.layers.3.blocks.0.attention.self.continuous_position_bias_mlp.2,7.99329948425293,7.954577445983887,-0.038722991943359375,0.0003030804800800979,1.0,0.0,0.001209622947499156,0.007726490497589111,0.3333333432674408,0.6666666865348816,-0.0007540698861703277,0.004778268281370401,-7.540696582777895e-14,4.778268709523803e-13,0.6666666865348816,0.3333333432674408,0.00045555210090242326,0.01007593609392643,0.3333333432674408,0.6666666865348816,0.6666666865348816
4,decoder.layers.3.blocks.0.attention.self.query,7.009613990783691,6.460237503051758,-0.5493760704994202,0.00039918345282785594,1.0,0.0,0.0017866268754005432,0.011687065474689007,0.4635416865348816,0.5364583730697632,0.39277487993240356,0.39533135294914246,3.9277484042976596e-11,3.95331371805252e-11,0.0729166716337204,0.9270833730697632,0.3945614695549011,0.3975716233253479,0.4635416865348816,0.0729166716337204,0.0572916679084301
4,decoder.layers.3.blocks.0.attention.self.key,7.0118408203125,6.438121795654297,-0.5737193822860718,0.00040278639062307775,1.0,0.0,-0.000405500759370625,0.011460259556770325,0.4791666865348816,0.5208333730697632,0.4056912064552307,0.40626391768455505,4.056912444871941e-11,4.062639807900226e-11,0.0260416679084301,0.9739583730697632,0.40528568625450134,0.406002014875412,0.4791666865348816,0.0260416679084301,0.03125
4,decoder.layers.3.blocks.0.attention.self.value,6.991779327392578,6.475839138031006,-0.5159407258033752,0.00038619255064986646,1.0,0.0,0.010709661990404129,0.11236417293548584,0.4427083432674408,0.5572916865348816,0.21958652138710022,0.6126335263252258,2.1958646706510265e-11,6.126335549971884e-11,0.0364583358168602,0.9635416865348816,0.23029613494873047,0.6363438963890076,0.4427083432674408,0.0364583358168602,0.1041666716337204
4,decoder.layers.3.blocks.0.attention.output.dense,6.6664137840271,6.121461391448975,-0.5449520349502563,0.00039464185829274356,1.0,0.0,0.02250853180885315,0.08026688545942307,0.4583333432674408,0.5416666865348816,0.6326001286506653,0.7029714584350586,6.326000834278034e-11,7.029715004547299e-11,0.0677083358168602,0.9322916865348816,0.655108630657196,0.7286243438720703,0.4583333432674408,0.0677083358168602,0.0833333358168602
4,decoder.layers.3.blocks.0.intermediate.dense,2.8896358013153076,2.676614761352539,-0.21302124857902527,0.00015402001736219972,0.3932291865348816,0.0,0.0006547327502630651,0.010038239881396294,0.4895833432674408,0.5104166865348816,11.262350082397461,11.281448364257812,1.126234994153208e-09,1.1281449108224706e-09,0.1028645858168602,0.8971354365348816,11.263004302978516,11.28235149383545,0.19140625,0.1028645858168602,0.1028645858168602
4,decoder.layers.3.blocks.0.output.dense,6.0266032218933105,5.430606365203857,-0.595997154712677,0.0004060062929056585,1.0,0.0,0.012002039700746536,0.04656262695789337,0.4479166865348816,0.5520833730697632,1.1624634265899658,1.1624634265899658,1.1624633200479906e-10,1.1624633200479906e-10,0.0,1.0,1.1744654178619385,1.1744654178619385,0.4479166865348816,0.0,0.0
4,decoder.layers.3.blocks.1.attention.self.continuous_position_bias_mlp.0,7.779644966125488,7.376142978668213,-0.40350204706192017,0.0002164356701541692,0.966796875,0.029296875,4.7657951654400676e-05,0.001383798778988421,0.47265625,0.5078125,-6178.1005859375,6178.5595703125,-6.178100875331438e-07,6.178560170155833e-07,0.443359375,0.552734375,-6178.1005859375,6178.5595703125,0.5079681277275085,0.4392157196998596,0.4490196406841278
4,decoder.layers.3.blocks.1.attention.self.continuous_position_bias_mlp.2,8.130548477172852,8.10470962524414,-0.025838851928710938,0.00015426350000780076,0.6666666865348816,0.3333333432674408,-0.003457989078015089,0.005183786153793335,0.6666666865348816,0.3333333432674408,-0.00558773148804903,0.014257144182920456,-5.587731883097136e-13,1.4257144726956272e-12,0.6666666865348816,0.3333333432674408,-0.009045721031725407,0.01944093033671379,0.3333333432674408,0.3333333432674408,0.3333333432674408
4,decoder.layers.3.blocks.1.attention.self.query,7.068952560424805,6.506690979003906,-0.5622624158859253,0.0003991906705778092,1.0,0.0,1.4771552741876803e-05,0.009880293160676956,0.5208333730697632,0.4791666865348816,0.3739616870880127,0.376558393239975,3.7396172963832797e-11,3.765583678205786e-11,0.0572916679084301,0.9427083730697632,0.373976469039917,0.3776419162750244,0.5208333730697632,0.0572916679084301,0.078125
4,decoder.layers.3.blocks.1.attention.self.key,7.110365867614746,6.530845642089844,-0.5795197486877441,0.0004022425855509937,1.0,0.0,0.0028075845912098885,0.010256800800561905,0.4114583432674408,0.5885416865348816,0.36769017577171326,0.3743605315685272,3.6769021855009854e-11,3.743605078709855e-11,0.09375,0.90625,0.37049779295921326,0.37697505950927734,0.4114583432674408,0.09375,0.0729166716337204
4,decoder.layers.3.blocks.1.attention.self.value,6.81009578704834,6.279178619384766,-0.5309174060821533,0.0003949222154915333,1.0,0.0,0.008595791645348072,0.09523133933544159,0.4739583432674408,0.5260416865348816,0.5207523703575134,0.5209720134735107,5.207523301464789e-11,5.209720155274766e-11,0.0052083334885537624,0.9947916865348816,0.5293481349945068,0.5334582328796387,0.4739583432674408,0.0052083334885537624,0.0260416679084301
4,decoder.layers.3.blocks.1.attention.output.dense,6.705170631408691,6.163623332977295,-0.5415465235710144,0.00039392360486090183,1.0,0.0,0.03741457685828209,0.07764101028442383,0.4114583432674408,0.5885416865348816,0.6031253337860107,0.6290799379348755,6.031253274585424e-11,6.290799825503512e-11,0.0520833358168602,0.9479166865348816,0.6405398845672607,0.6653894186019897,0.4114583432674408,0.0520833358168602,0.0572916679084301
4,decoder.layers.3.blocks.1.intermediate.dense,3.9234931468963623,3.5445799827575684,-0.3789134919643402,0.00025755877140909433,0.6796875,0.0,0.006985761225223541,0.03560502454638481,0.4713541865348816,0.5286458730697632,3.5050578117370605,3.511888027191162,3.5050579105799784e-10,3.5118880026274724e-10,0.0481770858168602,0.9518229365348816,3.5120437145233154,3.520623207092285,0.3072916865348816,0.0481770858168602,0.0559895858168602
4,decoder.layers.3.blocks.1.output.dense,6.279959678649902,5.700970649719238,-0.5789889693260193,0.00040288944728672504,1.0,0.0,0.019597230479121208,0.08219043910503387,0.46875,0.53125,0.9449940919876099,0.9449940919876099,9.449940829853176e-11,9.449940829853176e-11,0.0,1.0,0.964591383934021,0.964591383934021,0.46875,0.0,0.0
4,decoder.layers.3.blocks.2.attention.self.continuous_position_bias_mlp.0,7.756924629211426,7.574315547943115,-0.18260926008224487,0.0001759209844749421,0.931640625,0.052734375,-5.274169234326109e-05,0.0008645516936667264,0.515625,0.458984375,-5111.66162109375,5112.1005859375,-5.111661494083819e-07,5.112100325277424e-07,0.3984375,0.5859375,-5111.66162109375,5112.1005859375,0.5551102161407471,0.4424603283405304,0.444444477558136
4,decoder.layers.3.blocks.2.attention.self.continuous_position_bias_mlp.2,8.02713394165039,8.067536354064941,0.040402889251708984,-0.00013395337737165391,0.3333333432674408,0.6666666865348816,0.04346799477934837,0.04346799477934837,0.0,1.0,0.0015434970846399665,0.006604413967579603,1.5434970467541331e-13,6.604414281088933e-13,0.6666666865348816,0.3333333432674408,0.0450114980340004,0.045402199029922485,0.6666666865348816,0.6666666865348816,1.0
4,decoder.layers.3.blocks.2.attention.self.query,7.180875778198242,6.579812526702881,-0.6010632514953613,0.0004063549858983606,1.0,0.0,-0.00036457524402067065,0.0093056820333004,0.4739583432674408,0.5260416865348816,0.3325323760509491,0.3364993929862976,3.32532404390129e-11,3.364994047294623e-11,0.0833333358168602,0.9166666865348816,0.3321678042411804,0.3369782865047455,0.4739583432674408,0.0833333358168602,0.0833333358168602
4,decoder.layers.3.blocks.2.attention.self.key,7.091142177581787,6.517037391662598,-0.574104905128479,0.0004026720707770437,1.0,0.0,0.0019249562174081802,0.010850256308913231,0.4479166865348816,0.5520833730697632,0.3599063754081726,0.36276036500930786,3.599063755355125e-11,3.6276034259818957e-11,0.0885416716337204,0.9114583730697632,0.36183127760887146,0.3647388219833374,0.4479166865348816,0.0885416716337204,0.0677083358168602
4,decoder.layers.3.blocks.2.attention.self.value,6.910282135009766,6.307851314544678,-0.602430522441864,0.000406480859965086,1.0,0.0,1.8083801478496753e-05,0.06137881428003311,0.4947916865348816,0.5052083730697632,0.509032666683197,0.509032666683197,5.090326424261882e-11,5.090326424261882e-11,0.0,1.0,0.509050726890564,0.509050726890564,0.4947916865348816,0.0,0.0
4,decoder.layers.3.blocks.2.attention.output.dense,6.672249794006348,6.124040126800537,-0.5482098460197449,0.00039760995423421264,1.0,0.0,-0.0032503881957381964,0.047960616648197174,0.421875,0.578125,0.6101170778274536,0.6142632365226746,6.101170957339974e-11,6.142632930083991e-11,0.046875,0.953125,0.6068665981292725,0.6142265200614929,0.421875,0.046875,0.0572916679084301
4,decoder.layers.3.blocks.2.intermediate.dense,3.952218532562256,3.676229476928711,-0.27598893642425537,0.00021212837600614876,0.5455729365348816,0.0,0.0010491744615137577,0.01053847186267376,0.4908854365348816,0.5091146230697632,12.367732048034668,12.38269329071045,1.2367733503992895e-09,1.2382694869472743e-09,0.1341145932674408,0.8658854365348816,12.368782043457031,12.383865356445312,0.2526041865348816,0.1341145932674408,0.1341145932674408
4,decoder.layers.3.blocks.2.output.dense,6.262324333190918,5.711357116699219,-0.5509668588638306,0.00039916334208101034,1.0,0.0,0.0030676729511469603,0.037302903831005096,0.4895833432674408,0.5104166865348816,0.8995919227600098,0.9016014933586121,8.995919287269061e-11,9.016014324014776e-11,0.0260416679084301,0.9739583730697632,0.9026595950126648,0.9049783945083618,0.4895833432674408,0.0260416679084301,0.0260416679084301
4,decoder.layers.3.blocks.3.attention.self.continuous_position_bias_mlp.0,7.381675720214844,7.161953449249268,-0.2197219282388687,0.0002249722892884165,0.935546875,0.0546875,-5.177189814276062e-05,0.0011374379973858595,0.51953125,0.46875,-330.2508850097656,330.9976806640625,-3.302508844171825e-08,3.3099773588674e-08,0.345703125,0.64453125,-330.2509765625,330.997802734375,0.5415019989013672,0.36489152908325195,0.36883628368377686
4,decoder.layers.3.blocks.3.attention.self.continuous_position_bias_mlp.2,8.311934471130371,8.233623504638672,-0.07831096649169922,0.00022000882017891854,0.6666666865348816,0.3333333432674408,0.003813559887930751,0.005923777353018522,0.3333333432674408,0.6666666865348816,-0.03285197168588638,0.03285197168588638,-3.2851972010805586e-12,3.2851972010805586e-12,1.0,0.0,-0.029038412496447563,0.02921522967517376,0.6666666865348816,0.6666666865348816,1.0
4,decoder.layers.3.blocks.3.attention.self.query,7.076230525970459,6.529658317565918,-0.5465719103813171,0.0003985975054092705,1.0,0.0,0.00045227142982184887,0.005423679947853088,0.4947916865348816,0.5052083730697632,0.3516407907009125,0.35821589827537537,3.5164079981164775e-11,3.582158875081731e-11,0.1302083432674408,0.8697916865348816,0.35209307074546814,0.3587513864040375,0.4947916865348816,0.1302083432674408,0.1302083432674408
4,decoder.layers.3.blocks.3.attention.self.key,7.179938316345215,6.582697868347168,-0.5972400307655334,0.0004061089130118489,1.0,0.0,0.0015355533687397838,0.0068494779989123344,0.421875,0.578125,0.32205384969711304,0.32405632734298706,3.220538419279606e-11,3.240563720141587e-11,0.1041666716337204,0.8958333730697632,0.32358938455581665,0.3252929449081421,0.421875,0.1041666716337204,0.078125
4,decoder.layers.3.blocks.3.attention.self.value,6.8115057945251465,6.2051520347595215,-0.6063544154167175,0.0003973247657995671,1.0,0.0,0.020824667066335678,0.10480809211730957,0.4479166865348816,0.5520833730697632,-322.4462890625,323.57537841796875,-3.224462830075936e-08,3.2357540646899e-08,0.010416666977107525,0.9895833730697632,-322.42547607421875,323.6062316894531,0.4479166865348816,0.010416666977107525,0.010416666977107525
4,decoder.layers.3.blocks.3.attention.output.dense,6.642945766448975,6.042389869689941,-0.600556492805481,0.0003963335184380412,1.0,0.0,0.022518178448081017,0.08082486689090729,0.4895833432674408,0.5104166865348816,-651.91259765625,653.2866821289062,-6.519125150816762e-08,6.532867047326363e-08,0.046875,0.953125,-651.8899536132812,653.3109130859375,0.4895833432674408,0.046875,0.0520833358168602
4,decoder.layers.3.blocks.3.intermediate.dense,4.3563947677612305,4.0328288078308105,-0.32356539368629456,0.00024074807879514992,0.6158854365348816,0.0,0.001764071872457862,0.01796605996787548,0.5,0.5,6.371700286865234,6.379212379455566,6.371700389529167e-10,6.379212713625293e-10,0.0794270858168602,0.9205729365348816,6.373464584350586,6.382681846618652,0.28515625,0.0794270858168602,0.0872395858168602
4,decoder.layers.3.blocks.3.output.dense,6.34259557723999,5.762676239013672,-0.5799199938774109,0.0004036789177916944,1.0,0.0,-0.0010947224218398333,0.05959969013929367,0.4947916865348816,0.5052083730697632,0.8933460116386414,0.8933460116386414,8.93345952768243e-11,8.93345952768243e-11,0.0,1.0,0.8922513723373413,0.8922513723373413,0.4947916865348816,0.0,0.0
4,decoder.layers.3.blocks.4.attention.self.continuous_position_bias_mlp.0,7.352721214294434,7.125970840454102,-0.22675010561943054,0.0002198944566771388,0.958984375,0.033203125,-6.061637031962164e-05,0.0010251689236611128,0.5,0.490234375,-3208.72509765625,3209.65283203125,-3.2087251611301326e-07,3.209652845725941e-07,0.390625,0.607421875,-3208.72509765625,3209.653076171875,0.5088757276535034,0.4090019464492798,0.4109588861465454
4,decoder.layers.3.blocks.4.attention.self.continuous_position_bias_mlp.2,8.038496017456055,8.113059043884277,0.07456239312887192,-0.0002658079320099205,0.0,1.0,-0.006424558348953724,0.030062012374401093,0.3333333432674408,0.6666666865348816,-0.009059122763574123,0.012543587945401669,-9.059122809546016e-13,1.25435881299929e-12,0.6666666865348816,0.3333333432674408,-0.015483679249882698,0.03555735573172569,0.6666666865348816,0.3333333432674408,0.6666666865348816
4,decoder.layers.3.blocks.4.attention.self.query,7.016090393066406,6.434962272644043,-0.581128716468811,0.00040368118789047003,1.0,0.0,-0.0006250154110603034,0.007237553596496582,0.4791666865348816,0.5208333730697632,0.4276764988899231,0.4298532009124756,4.276765053212728e-11,4.2985320164445895e-11,0.0520833358168602,0.9479166865348816,0.42705148458480835,0.4298948049545288,0.4791666865348816,0.0520833358168602,0.0677083358168602
4,decoder.layers.3.blocks.4.attention.self.key,7.0447211265563965,6.458528518676758,-0.5861918330192566,0.0004044824745506048,1.0,0.0,-0.00010763093450805172,0.008511942811310291,0.5260416865348816,0.4739583432674408,0.4041748642921448,0.40602540969848633,4.041748533079037e-11,4.0602542161760624e-11,0.0416666679084301,0.9583333730697632,0.4040672183036804,0.4062795042991638,0.5260416865348816,0.0416666679084301,0.046875
4,decoder.layers.3.blocks.4.attention.self.value,6.797511100769043,6.230109214782715,-0.5674017071723938,0.00039883930003270507,1.0,0.0,0.014540307223796844,0.10339754819869995,0.4583333432674408,0.5416666865348816,0.5655632019042969,0.5655890107154846,5.6556322125533853e-11,5.65588964551722e-11,0.0052083334885537624,0.9947916865348816,0.5801035165786743,0.5808919668197632,0.4583333432674408,0.0052083334885537624,0.010416666977107525
4,decoder.layers.3.blocks.4.attention.output.dense,6.695424556732178,6.1626739501953125,-0.5327508449554443,0.00039323451346717775,1.0,0.0,0.015075105242431164,0.07595177739858627,0.515625,0.484375,0.5899263620376587,0.5933724045753479,5.899263716413472e-11,5.933724345208446e-11,0.03125,0.96875,0.6050014495849609,0.609326958656311,0.515625,0.03125,0.0416666679084301
4,decoder.layers.3.blocks.4.intermediate.dense,6.565694332122803,6.00244665145874,-0.5632472038269043,0.0003969973768107593,0.9947916865348816,0.0,0.0016648850869387388,0.02211757004261017,0.4674479365348816,0.5325521230697632,0.7832226157188416,0.7909058332443237,7.832226533999176e-11,7.90905882452897e-11,0.0651041716337204,0.9348958730697632,0.7848874926567078,0.7943027019500732,0.4635416865348816,0.0651041716337204,0.0703125
4,decoder.layers.3.blocks.4.output.dense,6.378655910491943,5.8423590660095215,-0.5362979173660278,0.0003969698154833168,1.0,0.0,0.041298866271972656,0.07360047101974487,0.390625,0.609375,0.7706238627433777,0.7739436030387878,7.706238425164713e-11,7.739435481379786e-11,0.0260416679084301,0.9739583730697632,0.8119227290153503,0.814119815826416,0.390625,0.0260416679084301,0.0260416679084301
4,decoder.layers.3.blocks.5.attention.self.continuous_position_bias_mlp.0,7.498221397399902,7.297070026397705,-0.20115098357200623,0.00023021359811536968,0.97265625,0.01953125,-0.00026645546313375235,0.00164432218298316,0.505859375,0.48046875,-1820.583984375,1821.210205078125,-1.8205841456619964e-07,1.8212102759207482e-07,0.3828125,0.609375,-1820.584228515625,1821.21044921875,0.5247524976730347,0.4055117964744568,0.4055117964744568
4,decoder.layers.3.blocks.5.attention.self.continuous_position_bias_mlp.2,7.902858734130859,7.9081549644470215,0.0052967071533203125,9.9040029454045e-05,0.6666666865348816,0.3333333432674408,0.1025182455778122,0.10430292785167694,0.3333333432674408,0.6666666865348816,0.01804574392735958,0.029369791969656944,1.8045742851413582e-12,2.93697921885383e-12,0.6666666865348816,0.3333333432674408,0.12056398391723633,0.13193273544311523,0.6666666865348816,1.0,0.6666666865348816
4,decoder.layers.3.blocks.5.attention.self.query,7.07099723815918,6.511302947998047,-0.5596941113471985,0.0004000292101409286,1.0,0.0,0.00047797802835702896,0.010573459789156914,0.5,0.5,0.3857259750366211,0.3934726119041443,3.8572603444642084e-11,3.9347258090627335e-11,0.1458333432674408,0.8541666865348816,0.3862040042877197,0.39423656463623047,0.5,0.1458333432674408,0.1510416716337204
4,decoder.layers.3.blocks.5.attention.self.key,6.922508239746094,6.402795314788818,-0.5197122097015381,0.00039481325075030327,1.0,0.0,0.0024697340559214354,0.012675276957452297,0.4479166865348816,0.5520833730697632,0.4200810194015503,0.423231303691864,4.200810185817083e-11,4.232313111085517e-11,0.078125,0.921875,0.422550767660141,0.4265599250793457,0.4479166865348816,0.078125,0.0833333358168602
4,decoder.layers.3.blocks.5.attention.self.value,6.8097639083862305,6.262260437011719,-0.5475029349327087,0.0003950089158024639,1.0,0.0,0.031694795936346054,0.15257130563259125,0.4114583432674408,0.5885416865348816,0.49214205145835876,0.5538159012794495,4.9214209096870576e-11,5.5381595143177975e-11,0.010416666977107525,0.9895833730697632,0.5238368511199951,0.5879751443862915,0.4114583432674408,0.010416666977107525,0.03125
4,decoder.layers.3.blocks.5.attention.output.dense,6.636016845703125,6.1146955490112305,-0.5213214755058289,0.0003916736168321222,1.0,0.0,0.025324087589979172,0.08514817804098129,0.4114583432674408,0.5885416865348816,0.6257252097129822,0.6315529346466064,6.257252355146292e-11,6.315530043377038e-11,0.0520833358168602,0.9479166865348816,0.6510493159294128,0.6651018261909485,0.4114583432674408,0.0520833358168602,0.0677083358168602
4,decoder.layers.3.blocks.5.intermediate.dense,6.737021446228027,6.224786281585693,-0.512235164642334,0.0003914430271834135,0.9986979365348816,0.0013020833721384406,0.026416316628456116,0.12311913818120956,0.4518229365348816,0.5481771230697632,0.5635955929756165,0.5700733065605164,5.6359555911100756e-11,5.700732594315916e-11,0.0559895858168602,0.9440104365348816,0.5900119543075562,0.6100805997848511,0.453125,0.0572916679084301,0.08984375
4,decoder.layers.3.blocks.5.output.dense,6.527492046356201,6.003282070159912,-0.5242099761962891,0.0003955535066779703,1.0,0.0,0.09923024475574493,0.1593339741230011,0.4375,0.5625,0.6744481921195984,0.674868106842041,6.744482750065117e-11,6.748680780876981e-11,0.015625,0.984375,0.7736784815788269,0.7761589288711548,0.4375,0.015625,0.02083333395421505
4,decoder.layers.3.blocks.6.attention.self.continuous_position_bias_mlp.0,7.249460697174072,7.055810928344727,-0.19364967942237854,0.0002192225947510451,0.92578125,0.06640625,0.00016403425252065063,0.002790817292407155,0.490234375,0.5078125,0.6000539660453796,0.6437734365463257,6.000538954609169e-11,6.43773367947631e-11,0.40234375,0.595703125,0.6002179384231567,0.6436293125152588,0.534246563911438,0.3992172181606293,0.40508806705474854
4,decoder.layers.3.blocks.6.attention.self.continuous_position_bias_mlp.2,7.834308624267578,8.018580436706543,0.1842707097530365,7.93940489529632e-05,0.6666666865348816,0.3333333432674408,0.10434224456548691,0.11647751182317734,0.3333333432674408,0.6666666865348816,0.03159162402153015,0.06342148780822754,3.159162818497374e-12,6.342148594490338e-12,0.3333333432674408,0.6666666865348816,0.13593387603759766,0.14659947156906128,0.6666666865348816,0.0,0.6666666865348816
4,decoder.layers.3.blocks.6.attention.self.query,6.40739631652832,5.831210136413574,-0.5761861801147461,0.0003889885265380144,0.9947916865348816,0.0052083334885537624,0.9845098853111267,1.3426003456115723,0.4427083432674408,0.5572916865348816,-516.0541381835938,517.5625610351562,-5.160541149962228e-08,5.175624551156943e-08,0.0885416716337204,0.9114583730697632,-515.0696411132812,518.7470703125,0.4479166865348816,0.09375,0.1302083432674408
4,decoder.layers.3.blocks.6.attention.self.key,6.784509181976318,6.238883018493652,-0.5456259250640869,0.00039713489240966737,1.0,0.0,0.015225502662360668,0.05532759055495262,0.4114583432674408,0.5885416865348816,0.566900908946991,0.580600380897522,5.669009706110728e-11,5.806003941510873e-11,0.1145833358168602,0.8854166865348816,0.5821264982223511,0.5959205627441406,0.4114583432674408,0.1145833358168602,0.1145833358168602
4,decoder.layers.3.blocks.6.attention.self.value,6.494663238525391,5.960925102233887,-0.5337381362915039,0.00038902449887245893,1.0,0.0,0.048355262726545334,0.29578059911727905,0.484375,0.515625,0.5957062840461731,0.8765832185745239,5.957062620964848e-11,8.76583111653062e-11,0.015625,0.984375,0.6440615057945251,0.940954327583313,0.484375,0.015625,0.09375
4,decoder.layers.3.blocks.6.attention.output.dense,6.619211196899414,6.023119926452637,-0.5960921049118042,0.00038932147435843945,0.9895833730697632,0.010416666977107525,0.043783556669950485,0.14541442692279816,0.4010416865348816,0.5989583730697632,-275.150634765625,276.53436279296875,-2.7515067557715156e-08,2.765343332100656e-08,0.0364583358168602,0.9635416865348816,-275.10687255859375,276.5663757324219,0.4114583432674408,0.0364583358168602,0.0520833358168602
4,decoder.layers.3.blocks.6.intermediate.dense,7.0690202713012695,6.548305034637451,-0.5207146406173706,0.0003927864017896354,1.0,0.0,0.002945702988654375,0.021364592015743256,0.4596354365348816,0.5403646230697632,0.3795485198497772,0.39435896277427673,3.7954854537058935e-11,3.9435895521355846e-11,0.1119791716337204,0.8880208730697632,0.3824942111968994,0.3975810408592224,0.4596354365348816,0.1119791716337204,0.1171875
4,decoder.layers.3.blocks.6.output.dense,6.526383876800537,5.9369330406188965,-0.589450478553772,0.00040418835124000907,1.0,0.0,0.032802190631628036,0.05999953672289848,0.4166666865348816,0.5833333730697632,0.8060023188591003,0.8108543157577515,8.060023481970546e-11,8.108543003704227e-11,0.015625,0.984375,0.8388044834136963,0.8420380353927612,0.4166666865348816,0.015625,0.010416666977107525
4,decoder.layers.3.blocks.7.attention.self.continuous_position_bias_mlp.0,7.578457832336426,7.398535251617432,-0.17992252111434937,0.000225056370254606,0.958984375,0.025390625,7.526564877480268e-05,0.0014100109692662954,0.5,0.482421875,0.2191636860370636,0.28248900175094604,2.1916369760677235e-11,2.8248901481897626e-11,0.447265625,0.5390625,0.21923896670341492,0.28242599964141846,0.5188866853713989,0.45940595865249634,0.46138614416122437
4,decoder.layers.3.blocks.7.attention.self.continuous_position_bias_mlp.2,7.764840602874756,7.90181303024292,0.13697242736816406,-0.00033930246718227863,0.3333333432674408,0.6666666865348816,0.08854551613330841,0.0988694429397583,0.3333333432674408,0.6666666865348816,0.04291533678770065,0.05617057532072067,4.291533274580761e-12,5.617058033979827e-12,0.3333333432674408,0.6666666865348816,0.13146084547042847,0.13146084547042847,1.0,0.3333333432674408,0.6666666865348816
4,decoder.layers.3.blocks.7.attention.self.query,7.032275199890137,6.462833404541016,-0.5694413781166077,0.0004016160382889211,1.0,0.0,-0.002358048688620329,0.017123203724622726,0.4947916865348816,0.5052083730697632,0.4115147590637207,0.4183447062969208,4.1151478058498725e-11,4.1834473385460313e-11,0.1302083432674408,0.8697916865348816,0.4091567397117615,0.4172838628292084,0.4947916865348816,0.1302083432674408,0.1510416716337204
4,decoder.layers.3.blocks.7.attention.self.key,6.952380180358887,6.381909370422363,-0.5704708099365234,0.0004021272179670632,1.0,0.0,-0.0005197058198973536,0.015492511913180351,0.5104166865348816,0.4895833432674408,0.4421377182006836,0.44581788778305054,4.4213771532852775e-11,4.45817896488343e-11,0.0885416716337204,0.9114583730697632,0.4416179656982422,0.44545978307724,0.5104166865348816,0.0885416716337204,0.0833333358168602
4,decoder.layers.3.blocks.7.attention.self.value,7.304304122924805,6.612644195556641,-0.6916607618331909,0.0003847646003123373,1.0,0.0,0.02069459669291973,0.14232873916625977,0.4270833432674408,0.5729166865348816,-1111.5166015625,1112.24951171875,-1.1115167808384285e-07,1.1122494925075443e-07,0.2447916716337204,0.7552083730697632,-1111.49609375,1112.3017578125,0.4270833432674408,0.2447916716337204,0.2395833432674408
4,decoder.layers.3.blocks.7.attention.output.dense,6.4764404296875,5.932131767272949,-0.5443093180656433,0.00039400154491886497,1.0,0.0,0.06013145297765732,0.09740670770406723,0.4583333432674408,0.5416666865348816,0.7740499377250671,0.7814876437187195,7.740499213815255e-11,7.814876523681846e-11,0.0364583358168602,0.9635416865348816,0.8341813087463379,0.8479593992233276,0.4583333432674408,0.0364583358168602,0.0416666679084301
4,decoder.layers.3.blocks.7.intermediate.dense,6.964330196380615,6.452058792114258,-0.5122707486152649,0.00039206049405038357,1.0,0.0,0.01072741486132145,0.058708421885967255,0.4140625,0.5859375,0.40874093770980835,0.4282761514186859,4.087409230524308e-11,4.2827616453244843e-11,0.0963541716337204,0.9036458730697632,0.41946837306022644,0.44366544485092163,0.4140625,0.0963541716337204,0.0963541716337204
4,decoder.layers.3.blocks.7.output.dense,6.214934825897217,5.69471549987793,-0.5202192664146423,0.0003947203513234854,1.0,0.0,0.24279706180095673,0.2792673707008362,0.4166666865348816,0.5833333730697632,0.8836506605148315,0.8874275088310242,8.836505832610086e-11,8.874274926018444e-11,0.0416666679084301,0.9583333730697632,1.1264475584030151,1.1391468048095703,0.4166666865348816,0.0416666679084301,0.046875
4,residual_blocks.0.0.pwconv1,7.551756858825684,7.114103317260742,-0.437652587890625,0.00036790280137211084,1.0,0.0,0.0003137546591460705,0.01873854547739029,0.4908854365348816,0.5091146230697632,0.12968705594539642,0.23524276912212372,1.2968705102867073e-11,2.3524276276942757e-11,0.4947916865348816,0.5052083730697632,0.13000081479549408,0.23755145072937012,0.4908854365348816,0.4947916865348816,0.48828125
4,residual_blocks.0.0.pwconv2,6.45490026473999,5.969846725463867,-0.4850535988807678,0.00038074757321737707,1.0,0.0,0.006382544990628958,0.03878096863627434,0.46875,0.53125,0.8535116910934448,0.8923003673553467,8.535117057562047e-11,8.923005390126804e-11,0.2604166865348816,0.7395833730697632,0.8598941564559937,0.9000610113143921,0.46875,0.2604166865348816,0.21875
4,residual_blocks.0.1.pwconv1,7.526801109313965,7.095921993255615,-0.43087881803512573,0.00036772419116459787,1.0,0.0,0.00046958401799201965,0.015305936336517334,0.46875,0.53125,0.14033932983875275,0.23439858853816986,1.4033932869972343e-11,2.3439861163154774e-11,0.4635416865348816,0.5364583730697632,0.14080891013145447,0.23475055396556854,0.46875,0.4635416865348816,0.4505208432674408
4,residual_blocks.0.1.pwconv2,6.610894680023193,6.127030849456787,-0.4838639199733734,0.0003795588854700327,1.0,0.0,0.007257923483848572,0.029543068259954453,0.4322916865348816,0.5677083730697632,0.6723160743713379,0.7193349599838257,6.723160916877191e-11,7.19334869447863e-11,0.3177083432674408,0.6822916865348816,0.6795740127563477,0.7262563705444336,0.4322916865348816,0.3177083432674408,0.3020833432674408
4,residual_blocks.1.0.pwconv1,7.292052745819092,6.778802394866943,-0.5132505893707275,0.00038946192944422364,1.0,0.0,0.00026724310009740293,0.01617390662431717,0.5006510615348816,0.4993489682674408,0.24812355637550354,0.26858460903167725,2.4812357030112864e-11,2.6858459900580556e-11,0.2975260615348816,0.7024739980697632,0.248390793800354,0.271878182888031,0.5006510615348816,0.2975260615348816,0.2916666865348816
4,residual_blocks.1.0.pwconv2,7.02341365814209,6.521577835083008,-0.5018357038497925,0.0003836622345261276,1.0,0.0,-0.0022401108872145414,0.029520686715841293,0.4895833432674408,0.5104166865348816,0.44644615054130554,0.47612112760543823,4.464461439424028e-11,4.761210870007915e-11,0.3072916865348816,0.6927083730697632,0.4442060589790344,0.47760462760925293,0.4895833432674408,0.3072916865348816,0.28125
4,residual_blocks.1.1.pwconv1,7.272887229919434,6.773319244384766,-0.4995674788951874,0.0003875363036058843,1.0,0.0,0.0006823912262916565,0.01434294506907463,0.4993489682674408,0.5006510615348816,0.2535172700881958,0.27462512254714966,2.5351725926880952e-11,2.7462511431597392e-11,0.3111979365348816,0.6888021230697632,0.25419965386390686,0.2772703170776367,0.4993489682674408,0.3111979365348816,0.3079427182674408
4,residual_blocks.1.1.pwconv2,7.011381149291992,6.519652366638184,-0.4917294383049011,0.00037929575773887336,1.0,0.0,0.0006984048523008823,0.02479012869298458,0.4895833432674408,0.5104166865348816,0.46286219358444214,0.5087277293205261,4.62862213834736e-11,5.087277474280505e-11,0.3541666865348816,0.6458333730697632,0.4635605812072754,0.5102733373641968,0.4895833432674408,0.3541666865348816,0.3255208432674408
4,residual_blocks.2.0.pwconv1,7.248013496398926,6.6895647048950195,-0.5584489107131958,0.00040027080103754997,1.0,0.0,-2.0572311768773943e-05,0.00043598911724984646,0.5055338740348816,0.4944661557674408,0.26378485560417175,0.27848678827285767,2.6378487935629913e-11,2.784867822458459e-11,0.3828125,0.6171875,0.26376432180404663,0.27846166491508484,0.5055338740348816,0.3828125,0.3818359375
4,residual_blocks.2.0.pwconv2,6.3096113204956055,5.744453430175781,-0.5651566386222839,0.00040119304321706295,1.0,0.0,3.887869752361439e-05,0.0009425270836800337,0.5091146230697632,0.4908854365348816,0.9411228895187378,0.9494721293449402,9.411228740763278e-11,9.494721675551432e-11,0.1731770932674408,0.8268229365348816,0.9411616325378418,0.9494919776916504,0.5091146230697632,0.1731770932674408,0.16796875
4,residual_blocks.2.1.pwconv1,7.254167079925537,6.693437576293945,-0.5607303380966187,0.00040049568633548915,1.0,0.0,-1.9142700693919323e-05,0.0005012077745050192,0.505859375,0.494140625,0.26231616735458374,0.27751481533050537,2.6231619307259813e-11,2.7751481668225608e-11,0.3837890625,0.6162109375,0.26229703426361084,0.2774876058101654,0.505859375,0.3837890625,0.3831380307674408
4,residual_blocks.2.1.pwconv2,6.152387619018555,5.565265655517578,-0.5871224403381348,0.00040450235246680677,1.0,0.0,-4.8863610572880134e-05,0.0008105006418190897,0.5169271230697632,0.4830729365348816,1.0732529163360596,1.0794312953948975,1.073252806071956e-10,1.079431197203995e-10,0.1458333432674408,0.8541666865348816,1.0732039213180542,1.0794565677642822,0.5169271230697632,0.1458333432674408,0.14453125
5,encoder.layers.0.blocks.0.attention.self.continuous_position_bias_mlp.0,7.326457500457764,7.1773223876953125,-0.14913512766361237,0.00017155350360553712,0.697265625,0.291015625,8.134979339047277e-07,2.7801886972156353e-05,0.4921875,0.49609375,-819.1937255859375,819.7528686523438,-8.191938150048372e-08,8.197527989750597e-08,0.333984375,0.65625,-819.1937255859375,819.7528686523438,0.49802374839782715,0.6311637163162231,0.6311637163162231
5,encoder.layers.0.blocks.0.attention.self.continuous_position_bias_mlp.2,7.778415203094482,7.704319000244141,-0.0740962028503418,9.682541713118553e-05,0.6666666865348816,0.3333333432674408,-0.001021797303110361,0.0015176255255937576,0.6666666865348816,0.3333333432674408,0.03495306521654129,0.054188914597034454,3.495306257969566e-12,5.4188923313824855e-12,0.3333333432674408,0.6666666865348816,0.03393126279115677,0.052671290934085846,0.3333333432674408,0.6666666865348816,0.6666666865348816
5,encoder.layers.0.blocks.0.attention.self.query,6.378582954406738,6.031832695007324,-0.3467505872249603,0.00034194596810266376,1.0,0.0,0.00011744107177946717,0.0014001907547935843,0.4583333432674408,0.5416666865348816,0.6782354712486267,0.6782354712486267,6.782355232992643e-11,6.782355232992643e-11,0.0,1.0,0.678352952003479,0.678352952003479,0.4583333432674408,0.0,0.0
5,encoder.layers.0.blocks.0.attention.self.key,6.206905364990234,5.884240627288818,-0.3226643204689026,0.0003376991953700781,1.0,0.0,0.0002546281320974231,0.0014973090728744864,0.5,0.5,0.6990301609039307,0.6990301609039307,6.990302087173106e-11,6.990302087173106e-11,0.0,1.0,0.6992847919464111,0.6992847919464111,0.5,0.0,0.0
5,encoder.layers.0.blocks.0.attention.self.value,6.898200035095215,6.610567092895508,-0.28763288259506226,0.00030706782126799226,1.0,0.0,0.01224423199892044,0.06678543984889984,0.4322916865348816,0.5677083730697632,0.4110896587371826,0.4110896587371826,4.110897039444339e-11,4.110897039444339e-11,0.0,1.0,0.42333394289016724,0.4234529435634613,0.4322916865348816,0.0,0.010416666977107525
5,encoder.layers.0.blocks.0.attention.output.dense,5.575355052947998,5.248937606811523,-0.32641732692718506,0.0003352159110363573,0.9947916865348816,0.0052083334885537624,0.007826492190361023,0.018974483013153076,0.4791666865348816,0.5208333730697632,0.9902894496917725,0.9913790225982666,9.90289447666548e-11,9.913790621762786e-11,0.02083333395421505,0.9791666865348816,0.9981160163879395,0.9992368221282959,0.484375,0.0260416679084301,0.0260416679084301
5,encoder.layers.0.blocks.0.intermediate.dense,6.5018415451049805,6.180560111999512,-0.3212819993495941,0.00033376258215866983,1.0,0.0,0.002221431117504835,0.02279539965093136,0.4895833432674408,0.5104166865348816,0.5741068124771118,0.5741068124771118,5.741067343745243e-11,5.741067343745243e-11,0.0,1.0,0.5763282179832458,0.5763282179832458,0.4895833432674408,0.0,0.0
5,encoder.layers.0.blocks.0.output.dense,6.088997840881348,5.774842739105225,-0.31415510177612305,0.0003327829472254962,1.0,0.0,-0.00040073259151540697,0.015896230936050415,0.5364583730697632,0.4635416865348816,0.7524452209472656,0.752605676651001,7.524453282670152e-11,7.526057554940735e-11,0.010416666977107525,0.9895833730697632,0.7520445585250854,0.7521886825561523,0.5364583730697632,0.010416666977107525,0.010416666977107525
5,encoder.layers.0.blocks.1.attention.self.continuous_position_bias_mlp.0,7.377747535705566,7.220836639404297,-0.15691104531288147,0.0001828517415560782,0.71484375,0.27734375,3.6230900150258094e-05,0.0007293997332453728,0.458984375,0.533203125,-838.7139282226562,839.2562255859375,-8.387140582044594e-08,8.392562023118444e-08,0.35546875,0.640625,-838.7138671875,839.256103515625,0.437007874250412,0.6352941393852234,0.6352941393852234
5,encoder.layers.0.blocks.1.attention.self.continuous_position_bias_mlp.2,7.986602783203125,7.932101249694824,-0.054501693695783615,0.0001576704380568117,0.6666666865348816,0.3333333432674408,0.0073153311386704445,0.021737705916166306,0.6666666865348816,0.3333333432674408,-0.0015413773944601417,0.03562162071466446,-1.5413770249311093e-13,3.5621618502124086e-12,0.6666666865348816,0.3333333432674408,0.005773949436843395,0.05735933035612106,1.0,1.0,1.0
5,encoder.layers.0.blocks.1.attention.self.query,6.849793434143066,6.529567718505859,-0.32022523880004883,0.0003308599698357284,1.0,0.0,-0.00010384444613009691,0.003658674191683531,0.5208333730697632,0.4791666865348816,0.4375597834587097,0.4375597834587097,4.375598147698945e-11,4.375598147698945e-11,0.0,1.0,0.4374558925628662,0.4374558925628662,0.5208333730697632,0.0,0.0
5,encoder.layers.0.blocks.1.attention.self.key,6.6382904052734375,6.315399169921875,-0.3228911757469177,0.0003369839978404343,1.0,0.0,0.0003781931009143591,0.003941166214644909,0.4583333432674408,0.5416666865348816,0.5156351923942566,0.5156351923942566,5.1563524283704254e-11,5.1563524283704254e-11,0.0,1.0,0.5160133838653564,0.5160133838653564,0.4583333432674408,0.0,0.0
5,encoder.layers.0.blocks.1.attention.self.value,6.5050506591796875,6.175051689147949,-0.3299980163574219,0.0003333130734972656,1.0,0.0,0.024005010724067688,0.09227218478918076,0.4479166865348816,0.5520833730697632,0.6013593077659607,0.6013593077659607,6.01359378959998e-11,6.01359378959998e-11,0.0,1.0,0.625364363193512,0.625364363193512,0.4479166865348816,0.0,0.0
5,encoder.layers.0.blocks.1.attention.output.dense,5.97163200378418,5.636491298675537,-0.33514076471328735,0.00034402054734528065,1.0,0.0,-0.0031164090614765882,0.030844002962112427,0.5052083730697632,0.4947916865348816,0.815119743347168,0.815119743347168,8.151198466199716e-11,8.151198466199716e-11,0.0,1.0,0.8120033740997314,0.8120033740997314,0.5052083730697632,0.0,0.0
5,encoder.layers.0.blocks.1.intermediate.dense,3.9750618934631348,3.632103681564331,-0.3429581820964813,0.0003457246348261833,1.0,0.0,0.0005763652152381837,0.05162587761878967,0.4908854365348816,0.5091146230697632,1.7109798192977905,1.7115345001220703,1.7109799688164173e-10,1.7115346639950957e-10,0.0013020833721384406,0.9986979365348816,1.7115561962127686,1.7141332626342773,0.4908854365348816,0.0013020833721384406,0.006510416977107525
5,encoder.layers.0.blocks.1.output.dense,5.334226608276367,4.989145278930664,-0.34508174657821655,0.0003487822541501373,1.0,0.0,0.025478970259428024,0.06847424805164337,0.453125,0.546875,1.0951511859893799,1.0951511859893799,1.0951511919543577e-10,1.0951511919543577e-10,0.0,1.0,1.120630145072937,1.120630145072937,0.453125,0.0,0.0
5,encoder.layers.0.blocks.2.attention.self.continuous_position_bias_mlp.0,6.934131622314453,6.7668867111206055,-0.16724525392055511,0.00021856444072909653,0.7578125,0.228515625,1.4944899703550618e-05,0.00023613014491274953,0.453125,0.533203125,0.4032721221446991,0.4153051972389221,4.032721379054749e-11,4.153051860744661e-11,0.28515625,0.701171875,0.40328705310821533,0.41528695821762085,0.4732673466205597,0.5207920670509338,0.5207920670509338
5,encoder.layers.0.blocks.2.attention.self.continuous_position_bias_mlp.2,7.891410827636719,7.756983757019043,-0.13442692160606384,0.0002408139407634735,1.0,0.0,0.0040769935585558414,0.004928384907543659,0.3333333432674408,0.6666666865348816,0.015586821362376213,0.051350321620702744,1.5586820029112047e-12,5.135032590114497e-12,0.6666666865348816,0.3333333432674408,0.019663816317915916,0.05575158819556236,0.3333333432674408,0.6666666865348816,0.6666666865348816
5,encoder.layers.0.blocks.2.attention.self.query,6.621476650238037,6.309110641479492,-0.31236574053764343,0.00033218314638361335,1.0,0.0,-0.0025281752459704876,0.012461883947253227,0.5625,0.4375,0.5118134021759033,0.5118134021759033,5.118133694637095e-11,5.118133694637095e-11,0.0,1.0,0.5092852115631104,0.5092852115631104,0.5625,0.0,0.0
5,encoder.layers.0.blocks.2.attention.self.key,6.5887579917907715,6.253600120544434,-0.33515816926956177,0.0003431264194659889,1.0,0.0,0.0005795888137072325,0.00769023597240448,0.5104166865348816,0.4895833432674408,0.5422239303588867,0.5422239303588867,5.422239740537904e-11,5.422239740537904e-11,0.0,1.0,0.5428035259246826,0.5428035259246826,0.5104166865348816,0.0,0.0
5,encoder.layers.0.blocks.2.attention.self.value,6.638908386230469,6.3167266845703125,-0.322182297706604,0.0003324499703012407,1.0,0.0,-0.00606894213706255,0.037347398698329926,0.5260416865348816,0.4739583432674408,0.5167518854141235,0.5167518854141235,5.167518843385288e-11,5.167518843385288e-11,0.0,1.0,0.5106829404830933,0.5106829404830933,0.5260416865348816,0.0,0.0
5,encoder.layers.0.blocks.2.attention.output.dense,5.817375183105469,5.494008541107178,-0.32336777448654175,0.0003408791671972722,1.0,0.0,0.00702265277504921,0.03082268498837948,0.4739583432674408,0.5260416865348816,0.8353750109672546,0.8353750109672546,8.353751024259282e-11,8.353751024259282e-11,0.0,1.0,0.8423976898193359,0.8423976898193359,0.4739583432674408,0.0,0.0
5,encoder.layers.0.blocks.2.intermediate.dense,2.444354772567749,2.112316131591797,-0.33203861117362976,0.0003395582316443324,0.9947916865348816,0.0013020833721384406,-0.0005922000855207443,0.030305664986371994,0.4986979365348816,0.5013021230697632,2.3475687503814697,2.3555641174316406,2.347568806015943e-10,2.355564077127781e-10,0.0052083334885537624,0.9947916865348816,2.3469767570495605,2.3605480194091797,0.4973958432674408,0.00390625,0.00911458395421505
5,encoder.layers.0.blocks.2.output.dense,4.8543291091918945,4.529446125030518,-0.3248828053474426,0.00034242772380821407,0.9947916865348816,0.0052083334885537624,0.0268736332654953,0.10477535426616669,0.4791666865348816,0.5208333730697632,1.2724324464797974,1.2724324464797974,1.2724324371937712e-10,1.2724324371937712e-10,0.0,1.0,1.299306035041809,1.299306035041809,0.484375,0.0052083334885537624,0.0052083334885537624
5,encoder.layers.0.blocks.3.attention.self.continuous_position_bias_mlp.0,7.214053153991699,7.070977210998535,-0.1430760622024536,0.00018481948063708842,0.7421875,0.248046875,2.8107242542319e-06,0.0005332274595275521,0.509765625,0.4765625,350.2828369140625,350.2918701171875,3.5028286049509916e-08,3.502918843878433e-08,0.294921875,0.697265625,350.2828063964844,350.2918395996094,0.5108910799026489,0.5472440719604492,0.5472440719604492
5,encoder.layers.0.blocks.3.attention.self.continuous_position_bias_mlp.2,7.950301170349121,7.886847972869873,-0.06345336139202118,0.00022868129599373788,1.0,0.0,-0.01456175185739994,0.01456175185739994,1.0,0.0,0.0025078116450458765,0.01632872223854065,2.507811666663251e-13,1.6328722228509118e-12,0.3333333432674408,0.6666666865348816,-0.012053942307829857,0.02372061274945736,1.0,0.3333333432674408,0.6666666865348816
5,encoder.layers.0.blocks.3.attention.self.query,6.6661200523376465,6.335511684417725,-0.3306083381175995,0.0003413022495806217,1.0,0.0,0.00045384466648101807,0.004527763929218054,0.4583333432674408,0.5416666865348816,0.5056980848312378,0.5056980848312378,5.0569812226619604e-11,5.0569812226619604e-11,0.0,1.0,0.5061519145965576,0.5061519145965576,0.4583333432674408,0.0,0.0
5,encoder.layers.0.blocks.3.attention.self.key,6.578581809997559,6.257701396942139,-0.3208808898925781,0.00033939056447707117,1.0,0.0,0.00027349707670509815,0.00371213024482131,0.4791666865348816,0.5208333730697632,0.5242733359336853,0.5242733359336853,5.242733330801386e-11,5.242733330801386e-11,0.0,1.0,0.5245468616485596,0.5245468616485596,0.4791666865348816,0.0,0.0
5,encoder.layers.0.blocks.3.attention.self.value,6.4205451011657715,6.090249538421631,-0.3302946090698242,0.0003405256138648838,1.0,0.0,0.006854203995317221,0.07033426314592361,0.4739583432674408,0.5260416865348816,0.6124935150146484,0.6124935150146484,6.124935281182076e-11,6.124935281182076e-11,0.0,1.0,0.6193476915359497,0.6193476915359497,0.4739583432674408,0.0,0.0
5,encoder.layers.0.blocks.3.attention.output.dense,5.9334259033203125,5.604927062988281,-0.328498512506485,0.00034170172875747085,1.0,0.0,-0.0017675813287496567,0.040212471038103104,0.5052083730697632,0.4947916865348816,0.8015703558921814,0.8015703558921814,8.0157040727169e-11,8.0157040727169e-11,0.0,1.0,0.7998027801513672,0.7998027801513672,0.5052083730697632,0.0,0.0
5,encoder.layers.0.blocks.3.intermediate.dense,2.3975155353546143,2.122408390045166,-0.27510732412338257,0.000251372461207211,0.7356771230697632,0.0,-0.007570782210677862,0.027410631999373436,0.5065104365348816,0.4934895932674408,2.5457820892333984,2.5464649200439453,2.545782196161639e-10,2.5464649833217834e-10,0.0013020833721384406,0.9986979365348816,2.5382113456726074,2.541196584701538,0.37890625,0.0013020833721384406,0.0052083334885537624
5,encoder.layers.0.blocks.3.output.dense,5.243081569671631,4.905667781829834,-0.3374139666557312,0.0003463469911366701,1.0,0.0,0.018450777977705002,0.07615316659212112,0.515625,0.484375,1.116196870803833,1.116196870803833,1.1161968571649084e-10,1.1161968571649084e-10,0.0,1.0,1.1346476078033447,1.1346476078033447,0.515625,0.0,0.0
5,encoder.layers.0.blocks.4.attention.self.continuous_position_bias_mlp.0,7.172623634338379,6.993792533874512,-0.1788311004638672,0.00018251515575684607,0.7109375,0.287109375,1.4309363905340433e-05,0.00033756892662495375,0.484375,0.51171875,-1199.886474609375,1200.5721435546875,-1.1998865545592707e-07,1.2005722282992792e-07,0.283203125,0.71484375,-1199.8865966796875,1200.5721435546875,0.5196079015731812,0.5714285373687744,0.5714285373687744
5,encoder.layers.0.blocks.4.attention.self.continuous_position_bias_mlp.2,7.958266735076904,7.924890041351318,-0.03337669372558594,0.00012656782928388566,0.6666666865348816,0.3333333432674408,0.004090272355824709,0.005349200218915939,0.3333333432674408,0.6666666865348816,0.008381909690797329,0.02948136255145073,8.381909532770293e-13,2.9481363097300095e-12,0.6666666865348816,0.3333333432674408,0.012472177855670452,0.03002166748046875,0.6666666865348816,1.0,1.0
5,encoder.layers.0.blocks.4.attention.self.query,6.735899925231934,6.403454780578613,-0.3324451446533203,0.00033928314223885536,1.0,0.0,0.0002250070683658123,0.004689761437475681,0.46875,0.53125,0.4831032156944275,0.4831032156944275,4.8310321021372005e-11,4.8310321021372005e-11,0.0,1.0,0.4833281934261322,0.4833281934261322,0.46875,0.0,0.0
5,encoder.layers.0.blocks.4.attention.self.key,6.71564245223999,6.376557350158691,-0.3390849828720093,0.00034337094984948635,1.0,0.0,0.0003134120488539338,0.004473419394344091,0.5,0.5,0.4983164668083191,0.4983164668083191,4.983164575422805e-11,4.983164575422805e-11,0.0,1.0,0.4986298680305481,0.4986298680305481,0.5,0.0,0.0
5,encoder.layers.0.blocks.4.attention.self.value,6.531319618225098,6.206906318664551,-0.3244132399559021,0.0003402583533897996,1.0,0.0,0.0017191111110150814,0.04649738594889641,0.515625,0.484375,0.5468375086784363,0.5468375086784363,5.4683750583262025e-11,5.4683750583262025e-11,0.0,1.0,0.5485566258430481,0.5485566258430481,0.515625,0.0,0.0
5,encoder.layers.0.blocks.4.attention.output.dense,5.805602073669434,5.475584983825684,-0.33001765608787537,0.00034338212572038174,1.0,0.0,0.0028439369052648544,0.03539813309907913,0.4322916865348816,0.5677083730697632,0.8616124987602234,0.8617531657218933,8.616124480553822e-11,8.617531688237534e-11,0.0052083334885537624,0.9947916865348816,0.8644564151763916,0.8649382591247559,0.4322916865348816,0.0052083334885537624,0.0052083334885537624
5,encoder.layers.0.blocks.4.intermediate.dense,2.8339247703552246,2.536485195159912,-0.2974395155906677,0.00029676486155949533,0.8919271230697632,0.0,0.0014138281112536788,0.012680239975452423,0.5,0.5,2.195237159729004,2.195237159729004,2.1952371864752962e-10,2.1952371864752962e-10,0.0,1.0,2.196650981903076,2.196650981903076,0.4388020932674408,0.0,0.0
5,encoder.layers.0.blocks.4.output.dense,5.397707939147949,5.0518717765808105,-0.3458360433578491,0.00034874220727942884,1.0,0.0,0.0023417274933308363,0.037218522280454636,0.4635416865348816,0.5364583730697632,1.0727558135986328,1.0727558135986328,1.0727557731016191e-10,1.0727557731016191e-10,0.0,1.0,1.0750975608825684,1.0750975608825684,0.4635416865348816,0.0,0.0
5,encoder.layers.0.blocks.5.attention.self.continuous_position_bias_mlp.0,7.2036237716674805,7.121267795562744,-0.08235587179660797,0.00017313260468654335,0.69921875,0.2734375,3.42775892931968e-05,0.00040356122190132737,0.455078125,0.525390625,-870.0775756835938,871.0119018554688,-8.700776987780046e-08,8.71011920366982e-08,0.3515625,0.6328125,-870.0775146484375,871.0118408203125,0.4601593613624573,0.6349206566810608,0.6349206566810608
5,encoder.layers.0.blocks.5.attention.self.continuous_position_bias_mlp.2,8.02001667022705,7.9833478927612305,-0.03666862100362778,0.0001300489529967308,0.6666666865348816,0.3333333432674408,0.00040927622467279434,0.003331876825541258,0.3333333432674408,0.6666666865348816,-0.0033783256076276302,0.023632023483514786,-3.378325722468156e-13,2.363202298780176e-12,0.6666666865348816,0.3333333432674408,-0.0029690503142774105,0.02418055199086666,0.6666666865348816,1.0,1.0
5,encoder.layers.0.blocks.5.attention.self.query,6.67534065246582,6.353090286254883,-0.32224997878074646,0.00033827844890765846,1.0,0.0,-5.137256084708497e-05,0.0038553564809262753,0.4635416865348816,0.5364583730697632,0.49094200134277344,0.49094200134277344,4.909419745735555e-11,4.909419745735555e-11,0.0,1.0,0.49089062213897705,0.49089062213897705,0.4635416865348816,0.0,0.0
5,encoder.layers.0.blocks.5.attention.self.key,6.695590496063232,6.348889350891113,-0.34670114517211914,0.0003464525507297367,1.0,0.0,-4.9862392188515514e-05,0.00413653627038002,0.515625,0.484375,0.5144577622413635,0.5144577622413635,5.14457747236019e-11,5.14457747236019e-11,0.0,1.0,0.5144078731536865,0.5144078731536865,0.515625,0.0,0.0
5,encoder.layers.0.blocks.5.attention.self.value,6.538776397705078,6.21884298324585,-0.3199341893196106,0.000335184478899464,1.0,0.0,0.0003418438136577606,0.063775435090065,0.5052083730697632,0.4947916865348816,0.5484474897384644,0.5484474897384644,5.484475026906743e-11,5.484475026906743e-11,0.0,1.0,0.5487893223762512,0.5487893223762512,0.5052083730697632,0.0,0.0
5,encoder.layers.0.blocks.5.attention.output.dense,6.0731096267700195,5.75678014755249,-0.3163292407989502,0.00033802282996475697,1.0,0.0,0.004937180317938328,0.03585965186357498,0.5208333730697632,0.4791666865348816,0.7209283709526062,0.7209283709526062,7.209283864328953e-11,7.209283864328953e-11,0.0,1.0,0.7258655428886414,0.7258655428886414,0.5208333730697632,0.0,0.0
5,encoder.layers.0.blocks.5.intermediate.dense,3.9695918560028076,3.64141845703125,-0.32817310094833374,0.0003374796942807734,0.9934896230697632,0.0,0.00010767790809040889,0.006755511276423931,0.4934895932674408,0.5065104365348816,1.6828231811523438,1.6828231811523438,1.6828230475773864e-10,1.6828230475773864e-10,0.0,1.0,1.6829307079315186,1.6829307079315186,0.4908854365348816,0.0,0.0
5,encoder.layers.0.blocks.5.output.dense,5.6584906578063965,5.306804180145264,-0.3516866862773895,0.00034936584415845573,1.0,0.0,-0.0029463483951985836,0.015205605886876583,0.4895833432674408,0.5104166865348816,0.9835218191146851,0.9835218191146851,9.835218056641892e-11,9.835218056641892e-11,0.0,1.0,0.980575442314148,0.980575442314148,0.4895833432674408,0.0,0.0
5,encoder.layers.0.blocks.6.attention.self.continuous_position_bias_mlp.0,7.353161334991455,7.2319183349609375,-0.12124282121658325,0.00017442395619582385,0.693359375,0.30078125,-2.204502834501909e-06,0.0005813605966977775,0.50390625,0.486328125,-695.001708984375,695.5556640625,-6.950016739892817e-08,6.955555420518067e-08,0.373046875,0.62109375,-695.001708984375,695.5556640625,0.5483234524726868,0.677799642086029,0.677799642086029
5,encoder.layers.0.blocks.6.attention.self.continuous_position_bias_mlp.2,8.056063652038574,8.05609130859375,2.7815502107841894e-05,-3.215795004507527e-05,0.3333333432674408,0.6666666865348816,0.07587128132581711,0.08376333117485046,0.6666666865348816,0.3333333432674408,-0.009692753665149212,0.014871329069137573,-9.69275441159434e-13,1.4871331163041068e-12,0.6666666865348816,0.3333333432674408,0.06617853045463562,0.09131155908107758,0.6666666865348816,0.6666666865348816,1.0
5,encoder.layers.0.blocks.6.attention.self.query,6.686898708343506,6.381224632263184,-0.3056741952896118,0.0003307639271952212,1.0,0.0,-0.0005687372176907957,0.009730488993227482,0.5,0.5,0.4728660583496094,0.4728660583496094,4.7286612125940763e-11,4.7286612125940763e-11,0.0,1.0,0.4722973704338074,0.4722973704338074,0.5,0.0,0.0
5,encoder.layers.0.blocks.6.attention.self.key,6.664607048034668,6.353194236755371,-0.3114127814769745,0.00033412440097890794,1.0,0.0,0.0009885957697406411,0.011733080260455608,0.4635416865348816,0.5364583730697632,0.4850198030471802,0.4850198030471802,4.8501980209891826e-11,4.8501980209891826e-11,0.0,1.0,0.4860083758831024,0.4860083758831024,0.4635416865348816,0.0,0.0
5,encoder.layers.0.blocks.6.attention.self.value,6.606963157653809,6.296138763427734,-0.310823917388916,0.0003300984390079975,1.0,0.0,0.001187839894555509,0.07405593246221542,0.4583333432674408,0.5416666865348816,0.5159019231796265,0.5159019231796265,5.159019045297697e-11,5.159019045297697e-11,0.0,1.0,0.5170897245407104,0.5170897245407104,0.4583333432674408,0.0,0.0
5,encoder.layers.0.blocks.6.attention.output.dense,6.150573253631592,5.805879592895508,-0.3446936011314392,0.00034601669176481664,1.0,0.0,0.01742573454976082,0.06613384932279587,0.5,0.5,0.7356085777282715,0.7356085777282715,7.356086573206966e-11,7.356086573206966e-11,0.0,1.0,0.7530342936515808,0.7530342936515808,0.5,0.0,0.0
5,encoder.layers.0.blocks.6.intermediate.dense,6.328173637390137,6.001448631286621,-0.32672473788261414,0.0003369799815118313,1.0,0.0,-0.0011160529684275389,0.013798261992633343,0.5325521230697632,0.4674479365348816,0.6589109301567078,0.6589109301567078,6.589109813326388e-11,6.589109813326388e-11,0.0,1.0,0.6577948927879333,0.6579073667526245,0.5325521230697632,0.0,0.0013020833721384406
5,encoder.layers.0.blocks.6.output.dense,6.1123480796813965,5.770249843597412,-0.34209856390953064,0.00034573100856505334,1.0,0.0,0.0059321001172065735,0.04355500265955925,0.453125,0.546875,0.7530447840690613,0.7530447840690613,7.530447793113737e-11,7.530447793113737e-11,0.0,1.0,0.7589768767356873,0.7589768767356873,0.453125,0.0,0.0
5,encoder.layers.0.blocks.7.attention.self.continuous_position_bias_mlp.0,7.306137561798096,7.241002559661865,-0.06513486802577972,0.0001725045294733718,0.6875,0.30078125,5.019686432206072e-05,0.000937648699618876,0.474609375,0.515625,0.31506508588790894,0.32812076807022095,3.150650920713538e-11,3.2812079442390285e-11,0.365234375,0.62890625,0.3151152729988098,0.32827228307724,0.48126232624053955,0.6699410676956177,0.6699410676956177
5,encoder.layers.0.blocks.7.attention.self.continuous_position_bias_mlp.2,7.814627647399902,7.737049102783203,-0.07757823169231415,0.0002181764430133626,1.0,0.0,-0.05056791752576828,0.05056791752576828,1.0,0.0,0.03058830462396145,0.06287868320941925,3.058830532615131e-12,6.2878673622035475e-12,0.3333333432674408,0.6666666865348816,-0.01997961290180683,0.05581561475992203,1.0,0.3333333432674408,0.3333333432674408
5,encoder.layers.0.blocks.7.attention.self.query,6.715758800506592,6.408393383026123,-0.3073650598526001,0.00032955309143289924,1.0,0.0,-0.0024274494498968124,0.013859158381819725,0.5208333730697632,0.4791666865348816,0.46656104922294617,0.46656104922294617,4.665610606191528e-11,4.665610606191528e-11,0.0,1.0,0.4641335904598236,0.4641335904598236,0.5208333730697632,0.0,0.0
5,encoder.layers.0.blocks.7.attention.self.key,6.744986534118652,6.417570114135742,-0.3274162709712982,0.0003365619922988117,1.0,0.0,0.001752724638208747,0.014120832085609436,0.4479166865348816,0.5520833730697632,0.4779047966003418,0.4779047966003418,4.779047990677299e-11,4.779047990677299e-11,0.0,1.0,0.47965750098228455,0.47965750098228455,0.4479166865348816,0.0,0.0
5,encoder.layers.0.blocks.7.attention.self.value,6.560342788696289,6.282479763031006,-0.2778635025024414,0.00030641170451417565,0.9895833730697632,0.010416666977107525,0.03400048241019249,0.1533139944076538,0.4427083432674408,0.5572916865348816,0.5151371955871582,0.5164380073547363,5.151372037270896e-11,5.1643800347278557e-11,0.0052083334885537624,0.9947916865348816,0.5491377115249634,0.5491377115249634,0.453125,0.015625,0.010416666977107525
5,encoder.layers.0.blocks.7.attention.output.dense,6.12415075302124,5.79931640625,-0.32483434677124023,0.0003364584408700466,1.0,0.0,0.005026239436119795,0.09050765633583069,0.5052083730697632,0.4947916865348816,0.7366301417350769,0.7366301417350769,7.366302012812298e-11,7.366302012812298e-11,0.0,1.0,0.7416564226150513,0.7416564226150513,0.5052083730697632,0.0,0.0
5,encoder.layers.0.blocks.7.intermediate.dense,3.323847532272339,3.0090432167053223,-0.3148040771484375,0.00030368362786248326,0.9010416865348816,0.0,2.5012725018314086e-05,0.00793404970318079,0.4908854365348816,0.5091146230697632,2.0721144676208496,2.0724406242370605,2.072114424489513e-10,2.0724408300587527e-10,0.0013020833721384406,0.9986979365348816,2.0721395015716553,2.0723447799682617,0.4518229365348816,0.0013020833721384406,0.0013020833721384406
5,encoder.layers.0.blocks.7.output.dense,5.535240173339844,5.180427551269531,-0.3548130393028259,0.000351397437043488,1.0,0.0,-0.0003881763550452888,0.027016296982765198,0.4739583432674408,0.5260416865348816,1.0449237823486328,1.0449237823486328,1.0449238002641081e-10,1.0449238002641081e-10,0.0,1.0,1.0445356369018555,1.0445356369018555,0.4739583432674408,0.0,0.0
5,encoder.layers.0.downsample.reduction,6.363709926605225,5.9972028732299805,-0.3665076196193695,0.00032080805976875126,0.9791666865348816,0.02083333395421505,0.4139675498008728,0.6917519569396973,0.3567708432674408,0.6432291865348816,-420.66131591796875,421.9637451171875,-4.2066130134799096e-08,4.219638327640496e-08,0.0234375,0.9765625,-420.2472839355469,422.42431640625,0.3776041865348816,0.0338541679084301,0.0989583358168602
5,encoder.layers.1.blocks.0.attention.self.continuous_position_bias_mlp.0,7.380354404449463,7.283410549163818,-0.09694370627403259,0.00014016908244229853,0.65234375,0.271484375,-0.00046627450501546264,0.008161472156643867,0.490234375,0.435546875,0.26301589608192444,0.28405386209487915,2.6301589378663337e-11,2.8405385682495066e-11,0.369140625,0.55859375,0.26254957914352417,0.28363972902297974,0.5886075496673584,0.614736795425415,0.6526315212249756
5,encoder.layers.1.blocks.0.attention.self.continuous_position_bias_mlp.2,7.806329250335693,7.780423641204834,-0.025905292481184006,0.0001227814645972103,0.8333333730697632,0.1666666716337204,0.049965791404247284,0.06503015756607056,0.3333333432674408,0.6666666865348816,0.02209281548857689,0.02225395292043686,2.209281585799361e-12,2.2253954321677094e-12,0.1666666716337204,0.8333333730697632,0.07205860316753387,0.08350994437932968,0.5,0.3333333432674408,0.5
5,encoder.layers.1.blocks.0.attention.self.query,6.691641807556152,6.377058982849121,-0.3145830035209656,0.00032760034082457423,1.0,0.0,-0.002688717097043991,0.03989998251199722,0.5338541865348816,0.4661458432674408,0.49285539984703064,0.49285539984703064,4.928554092620274e-11,4.928554092620274e-11,0.0,1.0,0.49016666412353516,0.4903501868247986,0.5338541865348816,0.0,0.0026041667442768812
5,encoder.layers.1.blocks.0.attention.self.key,6.559932231903076,6.241813659667969,-0.3181185722351074,0.00032359163742512465,0.9947916865348816,0.0052083334885537624,0.04013963043689728,0.16839063167572021,0.4921875,0.5078125,0.5271081328392029,0.5751746892929077,5.271080794067018e-11,5.751746301463356e-11,0.01302083395421505,0.9869791865348816,0.567247748374939,0.6488877534866333,0.4973958432674408,0.0182291679084301,0.0364583358168602
5,encoder.layers.1.blocks.0.attention.self.value,6.319339752197266,6.007979393005371,-0.3113616704940796,0.000325916800647974,0.9921875,0.0078125,0.0026238220743834972,0.14146149158477783,0.5052083730697632,0.4947916865348816,0.6434764862060547,0.6434764862060547,6.434765220664218e-11,6.434765220664218e-11,0.0,1.0,0.6461002826690674,0.654659628868103,0.5130208730697632,0.0078125,0.015625
5,encoder.layers.1.blocks.0.attention.output.dense,6.432216167449951,6.0650177001953125,-0.36719775199890137,0.0003427095653023571,1.0,0.0,-0.06349291652441025,0.14107947051525116,0.5130208730697632,0.4869791865348816,-201.8203125,203.0704803466797,-2.018203915099548e-08,2.0307041381784074e-08,0.0026041667442768812,0.9973958730697632,-201.88385009765625,203.12191772460938,0.5130208730697632,0.0026041667442768812,0.015625
5,encoder.layers.1.blocks.0.intermediate.dense,3.484750747680664,3.1451921463012695,-0.3395587205886841,0.00034425919875502586,1.0,0.0,-6.338053208310157e-05,0.009685642085969448,0.490234375,0.509765625,1.91856849193573,1.91856849193573,1.9185684985156826e-10,1.9185684985156826e-10,0.0,1.0,1.918505072593689,1.918505072593689,0.490234375,0.0,0.0
5,encoder.layers.1.blocks.0.output.dense,5.149206638336182,4.806934356689453,-0.34227263927459717,0.0003480235463939607,1.0,0.0,-5.951104685664177e-05,0.029826398938894272,0.4739583432674408,0.5260416865348816,1.1687042713165283,1.1687042713165283,1.1687043000030428e-10,1.1687043000030428e-10,0.0,1.0,1.1686447858810425,1.1686447858810425,0.4739583432674408,0.0,0.0
5,encoder.layers.1.blocks.1.attention.self.continuous_position_bias_mlp.0,7.792904376983643,7.701139450073242,-0.09176509082317352,0.0001105284973164089,0.61328125,0.380859375,0.0005589124630205333,0.0048055751249194145,0.40625,0.5859375,-1342.5421142578125,1342.6927490234375,-1.342542077509279e-07,1.342692570460713e-07,0.423828125,0.5703125,-1342.5416259765625,1342.693603515625,0.5531495809555054,0.7583497166633606,0.7524558305740356
5,encoder.layers.1.blocks.1.attention.self.continuous_position_bias_mlp.2,7.914597511291504,7.898370265960693,-0.01622661016881466,-5.596420305664651e-05,0.6666666865348816,0.3333333432674408,-0.007274131290614605,0.06786753982305527,0.5,0.5,0.031073689460754395,0.04179459437727928,3.1073689628347e-12,4.1794597296918035e-12,0.3333333432674408,0.6666666865348816,0.023799559101462364,0.07260794937610626,0.8333333730697632,0.3333333432674408,0.5
5,encoder.layers.1.blocks.1.attention.self.query,6.464841365814209,6.129547119140625,-0.33529436588287354,0.0003434210957493633,1.0,0.0,0.002041783183813095,0.01433885470032692,0.4973958432674408,0.5026041865348816,0.5931117534637451,0.5931117534637451,5.931117402768749e-11,5.931117402768749e-11,0.0,1.0,0.5951535701751709,0.5951535701751709,0.4973958432674408,0.0,0.0
5,encoder.layers.1.blocks.1.attention.self.key,6.365668296813965,6.043056011199951,-0.32261189818382263,0.00034067087108269334,1.0,0.0,0.0014603587333112955,0.018366705626249313,0.4973958432674408,0.5026041865348816,0.6171414852142334,0.6171414852142334,6.171414768108008e-11,6.171414768108008e-11,0.0,1.0,0.6186018586158752,0.6186018586158752,0.4973958432674408,0.0,0.0
5,encoder.layers.1.blocks.1.attention.self.value,6.201310634613037,5.867239952087402,-0.3340713679790497,0.00033782474929466844,1.0,0.0,-0.008447352796792984,0.11828252673149109,0.4973958432674408,0.5026041865348816,0.7158839106559753,0.7158839106559753,7.158838799536937e-11,7.158838799536937e-11,0.0,1.0,0.7074365019798279,0.7100231051445007,0.4973958432674408,0.0,0.0052083334885537624
5,encoder.layers.1.blocks.1.attention.output.dense,6.201751232147217,5.857335567474365,-0.3444157540798187,0.00034657143987715244,1.0,0.0,0.011248372495174408,0.08475039899349213,0.4947916865348816,0.5052083730697632,0.7187623381614685,0.7187623381614685,7.187623413118516e-11,7.187623413118516e-11,0.0,1.0,0.7300106883049011,0.7309732437133789,0.4947916865348816,0.0,0.0052083334885537624
5,encoder.layers.1.blocks.1.intermediate.dense,2.6197144985198975,2.3237862586975098,-0.29592835903167725,0.00028096861205995083,0.8268229365348816,0.0,0.00019706235616467893,0.011340341530740261,0.5162760615348816,0.4837239682674408,2.3761606216430664,2.3761606216430664,2.3761609346806267e-10,2.3761609346806267e-10,0.0,1.0,2.3763577938079834,2.3763577938079834,0.4231770932674408,0.0,0.0
5,encoder.layers.1.blocks.1.output.dense,5.086249351501465,4.740461826324463,-0.3457874655723572,0.0003489725640974939,1.0,0.0,0.00182844209484756,0.03590402007102966,0.4791666865348816,0.5208333730697632,1.207972526550293,1.207972526550293,1.2079726108282784e-10,1.2079726108282784e-10,0.0,1.0,1.2098009586334229,1.2098009586334229,0.4791666865348816,0.0,0.0
5,encoder.layers.1.blocks.2.attention.self.continuous_position_bias_mlp.0,7.381008625030518,7.193530559539795,-0.187478169798851,0.00018440136045683175,0.748046875,0.1875,0.0001930340367835015,0.004953586030751467,0.455078125,0.46484375,-789.7802734375,790.32470703125,-7.897803300238593e-08,7.903246768137251e-08,0.369140625,0.56640625,-789.7800903320312,790.3250732421875,0.5138004422187805,0.5782881379127502,0.5845511555671692
5,encoder.layers.1.blocks.2.attention.self.continuous_position_bias_mlp.2,7.902434349060059,7.889863967895508,-0.0125706996768713,-4.0277762309415266e-05,0.3333333432674408,0.6666666865348816,0.009805264882743359,0.011340009979903698,0.3333333432674408,0.6666666865348816,0.01504676602780819,0.038675516843795776,1.5046765916570948e-12,3.867551678221615e-12,0.5,0.5,0.024852028116583824,0.04335291311144829,0.6666666865348816,0.5,0.6666666865348816
5,encoder.layers.1.blocks.2.attention.self.query,6.47470760345459,6.137908935546875,-0.3367984890937805,0.00034510911791585386,1.0,0.0,0.0002689578104764223,0.010557684116065502,0.5026041865348816,0.4973958432674408,0.5901016592979431,0.5901016592979431,5.90101717490299e-11,5.90101717490299e-11,0.0,1.0,0.5903705954551697,0.5903705954551697,0.5026041865348816,0.0,0.0
5,encoder.layers.1.blocks.2.attention.self.key,6.412463188171387,6.069520473480225,-0.3429429531097412,0.00034462963230907917,1.0,0.0,0.00027923425659537315,0.009874686598777771,0.4817708432674408,0.5182291865348816,0.6315917372703552,0.6315917372703552,6.315917233656876e-11,6.315917233656876e-11,0.0,1.0,0.6318709850311279,0.6318709850311279,0.4817708432674408,0.0,0.0
5,encoder.layers.1.blocks.2.attention.self.value,6.415048122406006,6.065070152282715,-0.3499782979488373,0.00034853065153583884,1.0,0.0,0.0038045269902795553,0.0697425901889801,0.4921875,0.5078125,0.6354350447654724,0.6354350447654724,6.354349685322447e-11,6.354349685322447e-11,0.0,1.0,0.6392395496368408,0.6392395496368408,0.4921875,0.0,0.0
5,encoder.layers.1.blocks.2.attention.output.dense,6.061917781829834,5.724787712097168,-0.3371303975582123,0.0003453257377259433,1.0,0.0,0.007309450767934322,0.06888642907142639,0.53125,0.46875,0.7624770402908325,0.7624770402908325,7.624770259617719e-11,7.624770259617719e-11,0.0,1.0,0.769786536693573,0.7726921439170837,0.53125,0.0,0.0052083334885537624
5,encoder.layers.1.blocks.2.intermediate.dense,1.907224416732788,1.7198474407196045,-0.18737685680389404,0.00017330856644548476,0.6334635615348816,0.0,0.00033729581627994776,0.012309490703046322,0.50390625,0.49609375,3.1648051738739014,3.1648051738739014,3.164805084665545e-10,3.164805084665545e-10,0.0,1.0,3.165142059326172,3.165142059326172,0.3307291865348816,0.0,0.0
5,encoder.layers.1.blocks.2.output.dense,4.892521381378174,4.547435283660889,-0.3450864553451538,0.00034878330188803375,1.0,0.0,0.009479899890720844,0.046846747398376465,0.4453125,0.5546875,1.2861753702163696,1.2861753702163696,1.2861754716819718e-10,1.2861754716819718e-10,0.0,1.0,1.2956552505493164,1.2956552505493164,0.4453125,0.0,0.0
5,encoder.layers.1.blocks.3.attention.self.continuous_position_bias_mlp.0,7.509670734405518,7.4339704513549805,-0.0757007747888565,9.79768083197996e-05,0.521484375,0.41796875,0.000473329855594784,0.0023156465031206608,0.37890625,0.560546875,260.231201171875,260.2414245605469,2.602311788280076e-08,2.6024142840697095e-08,0.291015625,0.650390625,260.2316589355469,260.24151611328125,0.5280665159225464,0.7282158136367798,0.7427386045455933
5,encoder.layers.1.blocks.3.attention.self.continuous_position_bias_mlp.2,8.027244567871094,7.973891258239746,-0.053354185074567795,7.906777318567038e-05,0.5,0.5,-0.0012490887893363833,0.004128891974687576,0.5,0.5,-0.002223380608484149,0.024042144417762756,-2.223381391107046e-13,2.4042146311992196e-12,0.6666666865348816,0.3333333432674408,-0.0034724704455584288,0.026739640161395073,0.3333333432674408,0.8333333730697632,0.8333333730697632
5,encoder.layers.1.blocks.3.attention.self.query,6.559943199157715,6.225573539733887,-0.3343697786331177,0.0003438359999563545,1.0,0.0,-0.0015321793034672737,0.008121823891997337,0.4895833432674408,0.5104166865348816,0.552678108215332,0.552678108215332,5.5267811160941704e-11,5.5267811160941704e-11,0.0,1.0,0.5511459112167358,0.5511459112167358,0.4895833432674408,0.0,0.0
5,encoder.layers.1.blocks.3.attention.self.key,6.359218597412109,6.034106254577637,-0.3251117467880249,0.0003407804761081934,1.0,0.0,-0.00022121226356830448,0.006750145461410284,0.5338541865348816,0.4661458432674408,0.6234493851661682,0.6234493851661682,6.234493477030867e-11,6.234493477030867e-11,0.0,1.0,0.6232281923294067,0.6232281923294067,0.5338541865348816,0.0,0.0
5,encoder.layers.1.blocks.3.attention.self.value,6.381078720092773,6.049157619476318,-0.33192190527915955,0.00033802847610786557,1.0,0.0,0.016980066895484924,0.1320524662733078,0.4713541865348816,0.5286458730697632,0.6345598697662354,0.6345598697662354,6.345598352330839e-11,6.345598352330839e-11,0.0,1.0,0.6515399217605591,0.6557733416557312,0.4713541865348816,0.0,0.010416666977107525
5,encoder.layers.1.blocks.3.attention.output.dense,6.103355407714844,5.763202667236328,-0.3401532769203186,0.0003445371985435486,0.9973958730697632,0.0026041667442768812,-0.007178063504397869,0.11189007014036179,0.4583333432674408,0.5416666865348816,0.7550821304321289,0.7550821304321289,7.55082177339439e-11,7.55082177339439e-11,0.0,1.0,0.7479040622711182,0.7680090665817261,0.4609375,0.0026041667442768812,0.010416666977107525
5,encoder.layers.1.blocks.3.intermediate.dense,1.5168241262435913,1.4200220108032227,-0.09680195897817612,9.444497845834121e-05,0.3723958432674408,0.0,-0.001421406283043325,0.013500313274562359,0.4876302182674408,0.5123698115348816,3.987147808074951,3.987147808074951,3.987147834116911e-10,3.987147834116911e-10,0.0,1.0,3.9857261180877686,3.985792875289917,0.1946614682674408,0.0,0.0006510416860692203
5,encoder.layers.1.blocks.3.output.dense,4.721446514129639,4.384089469909668,-0.33735722303390503,0.00034669600427150726,1.0,0.0,0.003876796690747142,0.06494827568531036,0.4921875,0.5078125,1.3346283435821533,1.3346283435821533,1.334628241256297e-10,1.334628241256297e-10,0.0,1.0,1.3385051488876343,1.3385146856307983,0.4921875,0.0,0.0026041667442768812
5,encoder.layers.1.blocks.4.attention.self.continuous_position_bias_mlp.0,7.613061904907227,7.533403396606445,-0.07965849339962006,0.00011891695612575859,0.62890625,0.35546875,-4.158535011811182e-05,0.002459567505866289,0.498046875,0.486328125,0.1393173336982727,0.1552993804216385,1.3931732503746908e-11,1.5529938446334768e-11,0.40625,0.580078125,0.13927572965621948,0.15605348348617554,0.5654762387275696,0.7089109420776367,0.7188119292259216
5,encoder.layers.1.blocks.4.attention.self.continuous_position_bias_mlp.2,8.101191520690918,8.046340942382812,-0.054850101470947266,4.900068597635254e-05,0.6666666865348816,0.3333333432674408,0.005594956688582897,0.014176761731505394,0.8333333730697632,0.1666666716337204,-0.008437154814600945,0.02523924969136715,-8.437154512368206e-13,2.5239250793507306e-12,0.8333333730697632,0.1666666716337204,-0.0028421967290341854,0.030025210231542587,0.8333333730697632,0.5,0.6666666865348816
5,encoder.layers.1.blocks.4.attention.self.query,6.602853298187256,6.267303466796875,-0.3355507254600525,0.0003432704834267497,1.0,0.0,0.000129831547383219,0.005280856043100357,0.4739583432674408,0.5260416865348816,0.5370399951934814,0.5370399951934814,5.370400651960594e-11,5.370400651960594e-11,0.0,1.0,0.537169873714447,0.537169873714447,0.4739583432674408,0.0,0.0
5,encoder.layers.1.blocks.4.attention.self.key,6.480456352233887,6.134337902069092,-0.3461178243160248,0.00034619675716385245,1.0,0.0,-0.0005995481042191386,0.005422373302280903,0.4895833432674408,0.5104166865348816,0.6070336103439331,0.6070336103439331,6.070335900609791e-11,6.070335900609791e-11,0.0,1.0,0.6064340472221375,0.6064340472221375,0.4895833432674408,0.0,0.0
5,encoder.layers.1.blocks.4.attention.self.value,6.516130447387695,6.1764020919799805,-0.3397289514541626,0.00034164669341407716,1.0,0.0,0.004138365387916565,0.071507029235363,0.453125,0.546875,0.5857977271080017,0.5857977271080017,5.857976603795834e-11,5.857976603795834e-11,0.0,1.0,0.5899360775947571,0.5899360775947571,0.453125,0.0,0.0
5,encoder.layers.1.blocks.4.attention.output.dense,6.212920188903809,5.879261016845703,-0.3336593508720398,0.00034414243418723345,1.0,0.0,-0.006144614424556494,0.06438606977462769,0.4791666865348816,0.5208333730697632,0.6939663290977478,0.6939663290977478,6.939662733351781e-11,6.939662733351781e-11,0.0,1.0,0.6878217458724976,0.6878762245178223,0.4791666865348816,0.0,0.0026041667442768812
5,encoder.layers.1.blocks.4.intermediate.dense,2.2799487113952637,2.1127185821533203,-0.16723017394542694,0.0001603288546903059,0.583984375,0.0,0.0004550002922769636,0.006883694790303707,0.4889323115348816,0.5110677480697632,3.127331495285034,3.127331495285034,3.127331449359616e-10,3.127331449359616e-10,0.0,1.0,3.127786636352539,3.127786636352539,0.287109375,0.0,0.0
5,encoder.layers.1.blocks.4.output.dense,5.254105567932129,4.9062113761901855,-0.34789419174194336,0.0003495415148790926,1.0,0.0,0.0009784119902178645,0.029304128140211105,0.4505208432674408,0.5494791865348816,1.1344316005706787,1.1344316005706787,1.1344314376771081e-10,1.1344314376771081e-10,0.0,1.0,1.1354100704193115,1.1354100704193115,0.4505208432674408,0.0,0.0
5,encoder.layers.1.blocks.5.attention.self.continuous_position_bias_mlp.0,5.865270614624023,5.379186153411865,-0.4860842823982239,0.00024586240760982037,0.7578125,0.009765625,-3.469222065177746e-06,0.00017386037507094443,0.388671875,0.41015625,-5405.7509765625,5502.2216796875,-5.405751153375604e-07,5.502221824826847e-07,0.068359375,0.78125,-5405.7509765625,5502.2216796875,0.43031787872314453,0.09195402264595032,0.09610983729362488
5,encoder.layers.1.blocks.5.attention.self.continuous_position_bias_mlp.2,7.352673530578613,7.17125129699707,-0.18142175674438477,0.00024342667893506587,1.0,0.0,8.672090189065784e-05,0.001685979194007814,0.3333333432674408,0.6666666865348816,0.17975148558616638,0.18019646406173706,1.7975147412196968e-11,1.8019646538802725e-11,0.1666666716337204,0.8333333730697632,0.1798381805419922,0.18010985851287842,0.3333333432674408,0.1666666716337204,0.1666666716337204
5,encoder.layers.1.blocks.5.attention.self.query,6.659146785736084,6.326503753662109,-0.3326433300971985,0.00034061603946611285,1.0,0.0,-0.00010618418309604749,0.005887307226657867,0.4739583432674408,0.5260416865348816,0.5131741762161255,0.5131741762161255,5.131741559472047e-11,5.131741559472047e-11,0.0,1.0,0.5130679607391357,0.5130679607391357,0.4739583432674408,0.0,0.0
5,encoder.layers.1.blocks.5.attention.self.key,6.3028459548950195,5.972593307495117,-0.33025214076042175,0.0003413519007153809,1.0,0.0,-0.0003155584563501179,0.005191197153180838,0.5052083730697632,0.4947916865348816,0.6543629765510559,0.6543629765510559,6.543629527122619e-11,6.543629527122619e-11,0.0,1.0,0.654047429561615,0.654047429561615,0.5052083730697632,0.0,0.0
5,encoder.layers.1.blocks.5.attention.self.value,6.501476287841797,6.164253234863281,-0.3372236490249634,0.0003450015792623162,1.0,0.0,0.00042641660547815263,0.04357156157493591,0.5052083730697632,0.4947916865348816,0.5765208005905151,0.5765208005905151,5.7652077556369363e-11,5.7652077556369363e-11,0.0,1.0,0.5769472122192383,0.5769472122192383,0.5052083730697632,0.0,0.0
5,encoder.layers.1.blocks.5.attention.output.dense,5.865281581878662,5.509706020355225,-0.3555762767791748,0.00035098413354717195,1.0,0.0,-0.004127096384763718,0.03485160320997238,0.5416666865348816,0.4583333432674408,0.8948898315429688,0.8948898315429688,8.948899260508014e-11,8.948899260508014e-11,0.0,1.0,0.8907628059387207,0.8907628059387207,0.5416666865348816,0.0,0.0
5,encoder.layers.1.blocks.5.intermediate.dense,2.399700403213501,2.264927625656128,-0.13477280735969543,0.0001362432085443288,0.4459635615348816,0.0,0.0006095400894992054,0.013977463357150555,0.474609375,0.525390625,3.63789701461792,3.63789701461792,3.6378966505878907e-10,3.6378966505878907e-10,0.0,1.0,3.6385064125061035,3.6385064125061035,0.220703125,0.0,0.0
5,encoder.layers.1.blocks.5.output.dense,5.2870588302612305,4.9384613037109375,-0.34859681129455566,0.00034973124274984,1.0,0.0,-0.001319915521889925,0.04825081676244736,0.4609375,0.5390625,1.1280462741851807,1.1280462741851807,1.1280464062846107e-10,1.1280464062846107e-10,0.0,1.0,1.1267263889312744,1.1267263889312744,0.4609375,0.0,0.0
5,encoder.layers.1.blocks.6.attention.self.continuous_position_bias_mlp.0,7.118995666503906,6.922615051269531,-0.19638054072856903,0.0001872450957307592,0.71875,0.126953125,-0.00021477509289979935,0.0039061063434928656,0.423828125,0.408203125,-577.2545166015625,577.9965209960938,-5.772545819127117e-08,5.7799645958311885e-08,0.2578125,0.587890625,-577.2547607421875,577.9974365234375,0.565727710723877,0.44572746753692627,0.44572746753692627
5,encoder.layers.1.blocks.6.attention.self.continuous_position_bias_mlp.2,7.698822021484375,7.620980739593506,-0.0778411254286766,0.00012962499749846756,0.8333333730697632,0.1666666716337204,0.004137466661632061,0.01918468438088894,0.3333333432674408,0.6666666865348816,0.0704859122633934,0.07277654111385345,7.048591744995836e-12,7.277654173742931e-12,0.1666666716337204,0.8333333730697632,0.07462339103221893,0.07462339103221893,0.5,0.3333333432674408,0.1666666716337204
5,encoder.layers.1.blocks.6.attention.self.query,6.5929107666015625,6.251101970672607,-0.34180891513824463,0.0003444586764089763,1.0,0.0,0.0013228817842900753,0.012137788347899914,0.4947916865348816,0.5052083730697632,0.5508103370666504,0.5508103370666504,5.5081036953730234e-11,5.5081036953730234e-11,0.0,1.0,0.5521332621574402,0.5521332621574402,0.4947916865348816,0.0,0.0
5,encoder.layers.1.blocks.6.attention.self.key,6.386660575866699,6.048806190490723,-0.3378543257713318,0.00034499733010306954,1.0,0.0,0.0007924250094220042,0.010427599772810936,0.4713541865348816,0.5286458730697632,0.6290379762649536,0.6290987730026245,6.290379328532936e-11,6.290987869528308e-11,0.0026041667442768812,0.9973958730697632,0.6298303604125977,0.6298303604125977,0.4713541865348816,0.0026041667442768812,0.0
5,encoder.layers.1.blocks.6.attention.self.value,6.5351080894470215,6.213191986083984,-0.32191604375839233,0.00033481590799055994,1.0,0.0,-0.005055133253335953,0.07642026245594025,0.5078125,0.4921875,0.5514358878135681,0.5534909963607788,5.514359108227396e-11,5.534910030302598e-11,0.0052083334885537624,0.9947916865348816,0.5463807582855225,0.546758770942688,0.5078125,0.0052083334885537624,0.0026041667442768812
5,encoder.layers.1.blocks.6.attention.output.dense,6.268405914306641,5.927081108093262,-0.341325044631958,0.000345257663866505,1.0,0.0,-0.0013697234680876136,0.0708632543683052,0.5208333730697632,0.4791666865348816,0.6780106425285339,0.6780106425285339,6.780107031367777e-11,6.780107031367777e-11,0.0,1.0,0.6766409873962402,0.6766802668571472,0.5208333730697632,0.0,0.0026041667442768812
5,encoder.layers.1.blocks.6.intermediate.dense,2.5899083614349365,2.4343411922454834,-0.15556709468364716,0.00015440996503457427,0.4915364682674408,0.0,-0.00025798199931159616,0.012132717296481133,0.5032552480697632,0.4967448115348816,3.429987907409668,3.429987907409668,3.429987960323899e-10,3.429987960323899e-10,0.0,1.0,3.42972993850708,3.42972993850708,0.2376302182674408,0.0,0.0
5,encoder.layers.1.blocks.6.output.dense,5.22532844543457,4.885165214538574,-0.3401636481285095,0.00034745383891277015,1.0,0.0,-0.00025609167641960084,0.04240424558520317,0.4895833432674408,0.5104166865348816,1.1233923435211182,1.1233923435211182,1.1233923513653821e-10,1.1233923513653821e-10,0.0,1.0,1.123136281967163,1.123136281967163,0.4895833432674408,0.0,0.0
5,encoder.layers.1.blocks.7.attention.self.continuous_position_bias_mlp.0,7.663829803466797,7.577165603637695,-0.08666439354419708,0.00013714864326175302,0.650390625,0.3125,0.00022447302762884647,0.004114716779440641,0.455078125,0.5078125,54.49297332763672,54.51165008544922,5.449297457715829e-09,5.451165296932459e-09,0.412109375,0.556640625,54.493194580078125,54.51166534423828,0.49898579716682434,0.7318547964096069,0.7278225421905518
5,encoder.layers.1.blocks.7.attention.self.continuous_position_bias_mlp.2,7.485438823699951,7.332425594329834,-0.15301284193992615,0.00022557144984602928,1.0,0.0,-0.0038127577863633633,0.07549983263015747,0.3333333432674408,0.6666666865348816,0.1581447422504425,0.1581447422504425,1.5814472995034912e-11,1.5814472995034912e-11,0.0,1.0,0.1543319821357727,0.1543319821357727,0.3333333432674408,0.0,0.0
5,encoder.layers.1.blocks.7.attention.self.query,6.479318618774414,6.1377458572387695,-0.34157341718673706,0.00034615560434758663,1.0,0.0,-0.00021282234229147434,0.01711779087781906,0.4791666865348816,0.5208333730697632,0.5934947729110718,0.5934947729110718,5.934948366093096e-11,5.934948366093096e-11,0.0,1.0,0.5932819247245789,0.5932819247245789,0.4791666865348816,0.0,0.0
5,encoder.layers.1.blocks.7.attention.self.key,6.4343180656433105,6.082877159118652,-0.3514408469200134,0.00034857969149015844,1.0,0.0,-0.0005663211923092604,0.016501259058713913,0.5234375,0.4765625,0.6326918601989746,0.6326918601989746,6.32691815605213e-11,6.32691815605213e-11,0.0,1.0,0.6321254968643188,0.6321254968643188,0.5234375,0.0,0.0
5,encoder.layers.1.blocks.7.attention.self.value,6.542453765869141,6.218146324157715,-0.32430797815322876,0.00032849490526132286,0.9947916865348816,0.0052083334885537624,0.007860629819333553,0.11658807843923569,0.4869791865348816,0.5130208730697632,0.5698556900024414,0.5701769590377808,5.6985565571876506e-11,5.701769612009855e-11,0.0026041667442768812,0.9973958730697632,0.5777162909507751,0.5797666907310486,0.4921875,0.0078125,0.010416666977107525
5,encoder.layers.1.blocks.7.attention.output.dense,6.235623836517334,5.91818904876709,-0.3174341917037964,0.0003352522326167673,1.0,0.0,0.012888546101748943,0.0886121615767479,0.484375,0.515625,0.6641509532928467,0.6641509532928467,6.641509564531134e-11,6.641509564531134e-11,0.0,1.0,0.6770395040512085,0.6787577867507935,0.484375,0.0,0.0078125
5,encoder.layers.1.blocks.7.intermediate.dense,2.4625120162963867,2.321406126022339,-0.1411059945821762,0.00014112659846432507,0.478515625,0.0006510416860692203,-0.0007739204447716475,0.017495516687631607,0.53125,0.46875,3.4493823051452637,3.4493823051452637,3.449382446341076e-10,3.449382446341076e-10,0.0,1.0,3.4486083984375,3.448683500289917,0.2578125,0.0006510416860692203,0.0013020833721384406
5,encoder.layers.1.blocks.7.output.dense,5.290685176849365,4.936466217041016,-0.35421890020370483,0.00035124970600008965,1.0,0.0,0.00016407296061515808,0.05272897705435753,0.4973958432674408,0.5026041865348816,1.141306757926941,1.141306757926941,1.1413067019239165e-10,1.1413067019239165e-10,0.0,1.0,1.1414707899093628,1.1414707899093628,0.4973958432674408,0.0,0.0
5,encoder.layers.1.downsample.reduction,6.158710479736328,5.806699275970459,-0.35201212763786316,0.00034986305399797857,1.0,0.0,6.319000385701656e-05,0.028467252850532532,0.4583333432674408,0.5416666865348816,0.7545487284660339,0.7545487284660339,7.545487845650456e-11,7.545487845650456e-11,0.0,1.0,0.7546119689941406,0.7546119689941406,0.4583333432674408,0.0,0.0
5,encoder.layers.2.blocks.0.attention.self.continuous_position_bias_mlp.0,7.869832515716553,7.79457950592041,-0.07525324076414108,0.00014757462486159056,0.650390625,0.34375,-0.00013594655320048332,0.002932996954768896,0.509765625,0.484375,0.03705516457557678,0.06072918325662613,3.705516362501049e-12,6.072919077337868e-12,0.5390625,0.455078125,0.03691921755671501,0.06075584888458252,0.5206286907196045,0.8408644795417786,0.8605108261108398
5,encoder.layers.2.blocks.0.attention.self.continuous_position_bias_mlp.2,7.870905876159668,7.780864715576172,-0.09004032611846924,0.0001785248750820756,0.75,0.25,-0.0014366877730935812,0.012236807495355606,0.3333333432674408,0.6666666865348816,0.033188510686159134,0.04543185234069824,3.3188512701953776e-12,4.5431852724320265e-12,0.3333333432674408,0.6666666865348816,0.03175182268023491,0.04898083209991455,0.5833333730697632,0.4166666865348816,0.4166666865348816
5,encoder.layers.2.blocks.0.attention.self.query,6.170239448547363,5.827939510345459,-0.3422998785972595,0.0003478348662611097,1.0,0.0,-3.1571980798617005e-06,0.0009780604159459472,0.5,0.5,0.7240447402000427,0.7240447402000427,7.24044713074079e-11,7.24044713074079e-11,0.0,1.0,0.7240414619445801,0.7240414619445801,0.5,0.0,0.0
5,encoder.layers.2.blocks.0.attention.self.key,6.239485740661621,5.9048590660095215,-0.33462637662887573,0.00034535815939307213,1.0,0.0,3.5844859667122364e-06,0.0010528401471674442,0.50390625,0.49609375,0.6814074516296387,0.6814074516296387,6.814074998695574e-11,6.814074998695574e-11,0.0,1.0,0.6814111471176147,0.6814111471176147,0.50390625,0.0,0.0
5,encoder.layers.2.blocks.0.attention.self.value,5.1397624015808105,4.788195610046387,-0.3515666425228119,0.0003496830759104341,1.0,0.0,-0.0003188368573319167,0.006542686372995377,0.5026041865348816,0.4973958432674408,1.2039756774902344,1.2039756774902344,1.2039756691617498e-10,1.2039756691617498e-10,0.0,1.0,1.2036566734313965,1.2036566734313965,0.5026041865348816,0.0,0.0
5,encoder.layers.2.blocks.0.attention.output.dense,5.250336647033691,4.904919624328613,-0.34541720151901245,0.00034887128276750445,1.0,0.0,0.00048653146950528026,0.007130432408303022,0.4283854365348816,0.5716146230697632,1.1298348903656006,1.1298348903656006,1.1298347674104647e-10,1.1298347674104647e-10,0.0,1.0,1.1303212642669678,1.1303212642669678,0.4283854365348816,0.0,0.0
5,encoder.layers.2.blocks.0.intermediate.dense,3.7180633544921875,3.378025770187378,-0.34003788232803345,0.00034576570033095777,1.0,0.0,1.4346638636197895e-05,0.0004500711220316589,0.4951171875,0.5048828125,1.8126697540283203,1.8126697540283203,1.812669736533934e-10,1.812669736533934e-10,0.0,1.0,1.8126840591430664,1.8126840591430664,0.4951171875,0.0,0.0
5,encoder.layers.2.blocks.0.output.dense,4.778505325317383,4.428850173950195,-0.34965500235557556,0.0003500176244415343,1.0,0.0,-9.028472049976699e-06,0.0012514478294178843,0.5169271230697632,0.4830729365348816,1.3535159826278687,1.3535159826278687,1.3535160492406106e-10,1.3535160492406106e-10,0.0,1.0,1.3535070419311523,1.3535070419311523,0.5169271230697632,0.0,0.0
5,encoder.layers.2.blocks.1.attention.self.continuous_position_bias_mlp.0,7.428944110870361,7.32899808883667,-0.09994617104530334,0.00017489749006927013,0.71875,0.208984375,7.562484825029969e-07,0.0005224385531619191,0.46875,0.462890625,0.20575080811977386,0.220098078250885,2.057507983432849e-11,2.2009810640710725e-11,0.341796875,0.591796875,0.20575156807899475,0.2200833410024643,0.4863731563091278,0.589958131313324,0.589958131313324
5,encoder.layers.2.blocks.1.attention.self.continuous_position_bias_mlp.2,7.81245231628418,7.683961391448975,-0.12849116325378418,0.0001552691392134875,0.75,0.25,0.0015114061534404755,0.003381909802556038,0.5,0.5,0.06350124627351761,0.07836809009313583,6.350125286713748e-12,7.836809326478011e-12,0.4166666865348816,0.5833333730697632,0.06501266360282898,0.07711559534072876,0.5833333730697632,0.5,0.5
5,encoder.layers.2.blocks.1.attention.self.query,6.253355026245117,5.906193733215332,-0.3471617102622986,0.0003492646792437881,1.0,0.0,-5.2958821470383555e-06,0.00038528567529283464,0.5182291865348816,0.4817708432674408,0.6936761736869812,0.6936761736869812,6.936762275699948e-11,6.936762275699948e-11,0.0,1.0,0.693670928478241,0.693670928478241,0.5182291865348816,0.0,0.0
5,encoder.layers.2.blocks.1.attention.self.key,6.287909507751465,5.9387030601501465,-0.34920644760131836,0.0003495813289191574,1.0,0.0,1.8076527339871973e-05,0.0004272309015505016,0.4908854365348816,0.5091146230697632,0.6850699782371521,0.6850699782371521,6.850699868499177e-11,6.850699868499177e-11,0.0,1.0,0.685088038444519,0.685088038444519,0.4908854365348816,0.0,0.0
5,encoder.layers.2.blocks.1.attention.self.value,5.679248809814453,5.331797122955322,-0.34745222330093384,0.00034929829416796565,1.0,0.0,-3.949341407860629e-05,0.001872714376077056,0.5182291865348816,0.4817708432674408,0.9502272605895996,0.9502272605895996,9.502273273787054e-11,9.502273273787054e-11,0.0,1.0,0.9501878023147583,0.9501878023147583,0.5182291865348816,0.0,0.0
5,encoder.layers.2.blocks.1.attention.output.dense,5.4362592697143555,5.0957746505737305,-0.3404843211174011,0.0003475381527096033,1.0,0.0,-7.042798097245395e-05,0.0024145373608917,0.4713541865348816,0.5286458730697632,1.037728190422058,1.037728190422058,1.0377281672857563e-10,1.0377281672857563e-10,0.0,1.0,1.0376577377319336,1.0376577377319336,0.4713541865348816,0.0,0.0
5,encoder.layers.2.blocks.1.intermediate.dense,3.7696356773376465,3.430190086364746,-0.3394453525543213,0.0003452628734521568,1.0,0.0,1.9482889911159873e-05,0.0005052898777648807,0.5061849355697632,0.4938151240348816,1.7832249402999878,1.7832249402999878,1.783225095364216e-10,1.783225095364216e-10,0.0,1.0,1.7832444906234741,1.7832444906234741,0.5061849355697632,0.0,0.0
5,encoder.layers.2.blocks.1.output.dense,5.032525539398193,4.686738014221191,-0.34578752517700195,0.0003489729424472898,1.0,0.0,1.681063986325171e-05,0.0016122488304972649,0.4934895932674408,0.5065104365348816,1.2296398878097534,1.2296398878097534,1.2296400009326192e-10,1.2296400009326192e-10,0.0,1.0,1.22965669631958,1.22965669631958,0.4934895932674408,0.0,0.0
5,encoder.layers.2.blocks.2.attention.self.continuous_position_bias_mlp.0,7.593386173248291,7.481767177581787,-0.11161929368972778,0.0001790624373825267,0.748046875,0.2109375,3.175539677613415e-05,0.0006487788632512093,0.498046875,0.4609375,0.12026116997003555,0.1369851529598236,1.2026117081342935e-11,1.369851454491311e-11,0.3984375,0.560546875,0.12029292434453964,0.13694265484809875,0.4745417833328247,0.6354379057884216,0.6354379057884216
5,encoder.layers.2.blocks.2.attention.self.continuous_position_bias_mlp.2,7.991347312927246,7.898543357849121,-0.09280376136302948,0.00022769777569919825,0.8333333730697632,0.1666666716337204,-0.001160407904535532,0.0022967224940657616,0.5,0.5,0.0001753180695232004,0.030602935701608658,1.7531838814358568e-14,3.0602933381862485e-12,0.75,0.25,-0.0009850903879851103,0.03193365037441254,0.5,0.9166666865348816,0.9166666865348816
5,encoder.layers.2.blocks.2.attention.self.query,6.327498912811279,5.983221054077148,-0.3442777097225189,0.0003483791369944811,1.0,0.0,-1.5182896277110558e-05,0.00037475008866749704,0.51953125,0.48046875,0.6589857935905457,0.6589857935905457,6.58985851997862e-11,6.58985851997862e-11,0.0,1.0,0.6589705944061279,0.6589705944061279,0.51953125,0.0,0.0
5,encoder.layers.2.blocks.2.attention.self.key,6.343839168548584,6.002505779266357,-0.34133410453796387,0.0003471728414297104,1.0,0.0,2.8555592507473193e-05,0.0003304450656287372,0.4817708432674408,0.5182291865348816,0.6494076251983643,0.6494076251983643,6.494076804086646e-11,6.494076804086646e-11,0.0,1.0,0.6494361758232117,0.6494361758232117,0.4817708432674408,0.0,0.0
5,encoder.layers.2.blocks.2.attention.self.value,5.905171871185303,5.560687065124512,-0.34448492527008057,0.0003485642373561859,1.0,0.0,2.5174213078571483e-05,0.00176615035161376,0.4895833432674408,0.5104166865348816,0.842645525932312,0.842645525932312,8.426456060695031e-11,8.426456060695031e-11,0.0,1.0,0.8426706790924072,0.8426706790924072,0.4895833432674408,0.0,0.0
5,encoder.layers.2.blocks.2.attention.output.dense,5.556312561035156,5.208832740783691,-0.3474796712398529,0.0003494152333587408,1.0,0.0,-5.878213414689526e-05,0.0021895559038966894,0.5182291865348816,0.4817708432674408,1.0100150108337402,1.0100150108337402,1.0100150577008193e-10,1.0100150577008193e-10,0.0,1.0,1.0099562406539917,1.0099562406539917,0.5182291865348816,0.0,0.0
5,encoder.layers.2.blocks.2.intermediate.dense,4.126378059387207,3.7931933403015137,-0.33318468928337097,0.00034325075102970004,0.9996744990348816,0.00032552084303461015,-2.6024870294349967e-06,0.0007058421615511179,0.501953125,0.498046875,1.6077594757080078,1.6077594757080078,1.6077594811036988e-10,1.6077594811036988e-10,0.0,1.0,1.6077569723129272,1.6077569723129272,0.5016276240348816,0.00032552084303461015,0.00032552084303461015
5,encoder.layers.2.blocks.2.output.dense,5.160528182983398,4.815093040466309,-0.34543487429618835,0.00034887780202552676,1.0,0.0,-7.035416638245806e-05,0.001770133152604103,0.4856770932674408,0.5143229365348816,1.1728180646896362,1.1728180646896362,1.1728179538650352e-10,1.1728179538650352e-10,0.0,1.0,1.1727476119995117,1.1727476119995117,0.4856770932674408,0.0,0.0
5,encoder.layers.2.blocks.3.attention.self.continuous_position_bias_mlp.0,7.723911285400391,7.649648666381836,-0.07426281273365021,0.0001386494841426611,0.6328125,0.36328125,1.782041545084212e-05,0.000324611144606024,0.49609375,0.5,0.07927170395851135,0.09481553733348846,7.927171072341643e-12,9.481554430479378e-12,0.44140625,0.5546875,0.07928953319787979,0.09483395516872406,0.5333333611488342,0.8078432083129883,0.8078432083129883
5,encoder.layers.2.blocks.3.attention.self.continuous_position_bias_mlp.2,8.021855354309082,7.913771629333496,-0.10808348655700684,0.00023997295647859573,0.75,0.25,0.00020286317158024758,0.0016639524837955832,0.5833333730697632,0.4166666865348816,-0.009645923972129822,0.02532242238521576,-9.645924467158173e-13,2.532242427896736e-12,0.75,0.25,-0.009443060494959354,0.026750929653644562,0.6666666865348816,1.0,1.0
5,encoder.layers.2.blocks.3.attention.self.query,6.3146514892578125,5.976921081542969,-0.3377304673194885,0.0003466669877525419,1.0,0.0,3.332310006953776e-05,0.000500233843922615,0.4908854365348816,0.5091146230697632,0.651925802230835,0.651925802230835,6.519258743953316e-11,6.519258743953316e-11,0.0,1.0,0.6519591808319092,0.6519591808319092,0.4908854365348816,0.0,0.0
5,encoder.layers.2.blocks.3.attention.self.key,6.392653465270996,6.041818618774414,-0.35083433985710144,0.00035015642060898244,1.0,0.0,8.527500540367328e-06,0.0004421771736815572,0.5065104365348816,0.4934895932674408,0.6434826254844666,0.6434826254844666,6.434826282930572e-11,6.434826282930572e-11,0.0,1.0,0.6434911489486694,0.6434911489486694,0.5065104365348816,0.0,0.0
5,encoder.layers.2.blocks.3.attention.self.value,5.870521545410156,5.519622802734375,-0.35089874267578125,0.00035010624560527503,1.0,0.0,0.00023523124400526285,0.003853472648188472,0.5,0.5,0.8807010650634766,0.8807010650634766,8.807010676292748e-11,8.807010676292748e-11,0.0,1.0,0.8809362649917603,0.8809362649917603,0.5,0.0,0.0
5,encoder.layers.2.blocks.3.attention.output.dense,5.792945861816406,5.4521331787109375,-0.3408123254776001,0.0003476218262221664,1.0,0.0,0.00044049049029126763,0.004842251539230347,0.5221354365348816,0.4778645932674408,0.8853024244308472,0.8853024244308472,8.853025257327118e-11,8.853025257327118e-11,0.0,1.0,0.8857430219650269,0.8857430219650269,0.5221354365348816,0.0,0.0
5,encoder.layers.2.blocks.3.intermediate.dense,3.91849422454834,3.5770766735076904,-0.34141719341278076,0.0003458719002082944,1.0,0.0,-4.288562195142731e-05,0.0012343518901616335,0.5250651240348816,0.4749349057674408,1.7227681875228882,1.7227681875228882,1.722768039336131e-10,1.722768039336131e-10,0.0,1.0,1.7227251529693604,1.7227251529693604,0.5250651240348816,0.0,0.0
5,encoder.layers.2.blocks.3.output.dense,5.223232269287109,4.885880470275879,-0.33735227584838867,0.000346694840118289,1.0,0.0,0.0006362501881085336,0.0027706599794328213,0.4518229365348816,0.5481771230697632,1.1196742057800293,1.1196742057800293,1.1196742144559124e-10,1.1196742144559124e-10,0.0,1.0,1.1203105449676514,1.1203105449676514,0.4518229365348816,0.0,0.0
5,encoder.layers.2.blocks.4.attention.self.continuous_position_bias_mlp.0,7.480434417724609,7.360834121704102,-0.11960036307573318,0.00015090005763340741,0.65234375,0.328125,5.1077768148388714e-05,0.00037722382694482803,0.484375,0.49609375,-812.7725830078125,813.3057250976562,-8.12772498193226e-08,8.133058315706876e-08,0.373046875,0.609375,-812.7725219726562,813.3057861328125,0.5179283022880554,0.7137176394462585,0.7117295861244202
5,encoder.layers.2.blocks.4.attention.self.continuous_position_bias_mlp.2,7.988624572753906,7.947237014770508,-0.04138779640197754,7.357836875598878e-05,0.5833333730697632,0.4166666865348816,0.0022922013886272907,0.0025933990254998207,0.1666666716337204,0.8333333730697632,-0.000935101299546659,0.023104730993509293,-9.351005213209529e-14,2.3104729934830814e-12,0.6666666865348816,0.3333333432674408,0.0013571003219112754,0.020687751471996307,0.4166666865348816,0.9166666865348816,0.9166666865348816
5,encoder.layers.2.blocks.4.attention.self.query,6.415241241455078,6.070130825042725,-0.3451102375984192,0.0003483493928797543,1.0,0.0,-3.946164213175507e-07,0.00036571777309291065,0.4947916865348816,0.5052083730697632,0.622650146484375,0.622650146484375,6.226501952921737e-11,6.226501952921737e-11,0.0,1.0,0.6226497888565063,0.6226497888565063,0.4947916865348816,0.0,0.0
5,encoder.layers.2.blocks.4.attention.self.key,6.405381679534912,6.066405773162842,-0.33897656202316284,0.0003464665205683559,1.0,0.0,-5.259946919977665e-05,0.0004316992999520153,0.5416666865348816,0.4583333432674408,0.6192833185195923,0.6192833185195923,6.192833745810589e-11,6.192833745810589e-11,0.0,1.0,0.6192307472229004,0.6192307472229004,0.5416666865348816,0.0,0.0
5,encoder.layers.2.blocks.4.attention.self.value,6.230807304382324,5.8869171142578125,-0.34388965368270874,0.00034835439873859286,1.0,0.0,-8.120143320411444e-05,0.002585184760391712,0.48046875,0.51953125,0.6978175044059753,0.6978175044059753,6.978175676186638e-11,6.978175676186638e-11,0.0,1.0,0.697736382484436,0.697736382484436,0.48046875,0.0,0.0
5,encoder.layers.2.blocks.4.attention.output.dense,5.7910284996032715,5.442193508148193,-0.3488350808620453,0.00034968912950716913,1.0,0.0,4.438327596290037e-05,0.0019148134160786867,0.48828125,0.51171875,0.9056403636932373,0.9056403636932373,9.056404237650639e-11,9.056404237650639e-11,0.0,1.0,0.9056848287582397,0.9056848287582397,0.48828125,0.0,0.0
5,encoder.layers.2.blocks.4.intermediate.dense,4.402625560760498,4.066371917724609,-0.3362531065940857,0.0003438868443481624,1.0,0.0,8.36273466120474e-05,0.001248448039405048,0.4951171875,0.5048828125,1.500815749168396,1.500815749168396,1.5008158604778998e-10,1.5008158604778998e-10,0.0,1.0,1.500899314880371,1.500899314880371,0.4951171875,0.0,0.0
5,encoder.layers.2.blocks.4.output.dense,5.2525763511657715,4.9067912101745605,-0.34578508138656616,0.0003489726223051548,1.0,0.0,0.00034070838592015207,0.0025046817027032375,0.4947916865348816,0.5052083730697632,1.1348627805709839,1.1348627805709839,1.134862759322175e-10,1.134862759322175e-10,0.0,1.0,1.1352035999298096,1.1352035999298096,0.4947916865348816,0.0,0.0
5,encoder.layers.2.blocks.5.attention.self.continuous_position_bias_mlp.0,7.499110221862793,7.366611480712891,-0.13249874114990234,0.00016320907161571085,0.611328125,0.193359375,-1.097445419873111e-05,0.0003549906250555068,0.396484375,0.400390625,-1149.110595703125,1149.567138671875,-1.1491106022276654e-07,1.1495671259353912e-07,0.294921875,0.509765625,-1149.110595703125,1149.567138671875,0.4705882668495178,0.606796145439148,0.606796145439148
5,encoder.layers.2.blocks.5.attention.self.continuous_position_bias_mlp.2,7.799611568450928,7.769374370574951,-0.030237436294555664,1.4907777767803054e-05,0.4166666865348816,0.5833333730697632,0.0005145915201865137,0.0009244891116395593,0.0833333358168602,0.9166666865348816,0.02931116335093975,0.04323553293943405,2.9311162871858976e-12,4.32355323418121e-12,0.3333333432674408,0.6666666865348816,0.029825754463672638,0.04353480786085129,0.5,0.75,0.75
5,encoder.layers.2.blocks.5.attention.self.query,6.347362518310547,6.006289482116699,-0.3410740792751312,0.00034760538255795836,1.0,0.0,6.899572326801717e-06,0.0003949671518057585,0.5065104365348816,0.4934895932674408,0.6444826722145081,0.6444826722145081,6.444826616824884e-11,6.444826616824884e-11,0.0,1.0,0.6444895267486572,0.6444895267486572,0.5065104365348816,0.0,0.0
5,encoder.layers.2.blocks.5.attention.self.key,6.308837413787842,5.9698004722595215,-0.3390369415283203,0.0003469364601187408,1.0,0.0,-2.358156052650884e-06,0.00038643236621282995,0.4934895932674408,0.5065104365348816,0.6578049063682556,0.6578049063682556,6.57804921644356e-11,6.57804921644356e-11,0.0,1.0,0.6578025221824646,0.6578025221824646,0.4934895932674408,0.0,0.0
5,encoder.layers.2.blocks.5.attention.self.value,6.2326483726501465,5.889595985412598,-0.3430519104003906,0.0003481850726529956,1.0,0.0,4.451047789189033e-05,0.0015634814044460654,0.48046875,0.51953125,0.6962113380432129,0.6962113380432129,6.962113524577873e-11,6.962113524577873e-11,0.0,1.0,0.6962558627128601,0.6962558627128601,0.48046875,0.0,0.0
5,encoder.layers.2.blocks.5.attention.output.dense,5.116243362426758,4.777844429016113,-0.3383990526199341,0.00034685508580878377,1.0,0.0,0.00024083528842311352,0.0014579244889318943,0.4635416865348816,0.5364583730697632,1.167475700378418,1.167475700378418,1.167475838226295e-10,1.167475838226295e-10,0.0,1.0,1.1677165031433105,1.1677165031433105,0.4635416865348816,0.0,0.0
5,encoder.layers.2.blocks.5.intermediate.dense,4.8112473487854,4.480197429656982,-0.3310498595237732,0.00034129037521779537,1.0,0.0,1.0206947990809567e-05,0.0006538690067827702,0.4957682490348816,0.5042318105697632,1.3180794715881348,1.3180794715881348,1.3180795344069907e-10,1.3180795344069907e-10,0.0,1.0,1.3180897235870361,1.3180897235870361,0.4957682490348816,0.0,0.0
5,encoder.layers.2.blocks.5.output.dense,5.1819305419921875,4.835090637207031,-0.34683966636657715,0.0003492576943244785,1.0,0.0,5.3523177484748885e-05,0.0013580021914094687,0.4934895932674408,0.5065104365348816,1.1741303205490112,1.1741303205490112,1.174130237480142e-10,1.174130237480142e-10,0.0,1.0,1.1741838455200195,1.1741838455200195,0.4934895932674408,0.0,0.0
5,encoder.layers.2.blocks.6.attention.self.continuous_position_bias_mlp.0,6.439583778381348,5.986961364746094,-0.4526221454143524,0.00020391185535117984,0.669921875,0.015625,-7.862651045797975e-07,2.1773339540231973e-05,0.3203125,0.376953125,-4993.69384765625,4995.759765625,-4.993693778487795e-07,4.995760036763386e-07,0.103515625,0.630859375,-4993.69384765625,4995.759765625,0.41736695170402527,0.16223403811454773,0.16886544227600098
5,encoder.layers.2.blocks.6.attention.self.continuous_position_bias_mlp.2,7.507935523986816,7.326518535614014,-0.18141715228557587,0.0002688232052605599,1.0,0.0,4.976228865416488e-06,0.00013147563731763512,0.5,0.5,0.15371891856193542,0.1639164686203003,1.5371891259885473e-11,1.6391646720514963e-11,0.25,0.75,0.15372388064861298,0.1640121191740036,0.5,0.25,0.25
5,encoder.layers.2.blocks.6.attention.self.query,6.3322601318359375,5.991168975830078,-0.3410916030406952,0.0003474578261375427,1.0,0.0,-1.2843639524362516e-05,0.00014399935025721788,0.5481771230697632,0.4518229365348816,0.6516546010971069,0.6516546010971069,6.516546330326278e-11,6.516546330326278e-11,0.0,1.0,0.6516417860984802,0.6516417860984802,0.5481771230697632,0.0,0.0
5,encoder.layers.2.blocks.6.attention.self.key,6.216299057006836,5.873251914978027,-0.3430468440055847,0.0003480024170130491,1.0,0.0,-6.606524948438164e-06,0.0001242323050973937,0.5143229365348816,0.4856770932674408,0.7068214416503906,0.7068214416503906,7.068214763483738e-11,7.068214763483738e-11,0.0,1.0,0.7068148851394653,0.7068148851394653,0.5143229365348816,0.0,0.0
5,encoder.layers.2.blocks.6.attention.self.value,6.298835277557373,5.954661846160889,-0.3441731929779053,0.00034850829979404807,1.0,0.0,2.1238265617284924e-05,0.000806351425126195,0.4752604365348816,0.5247396230697632,0.669440746307373,0.669440746307373,6.694408222207571e-11,6.694408222207571e-11,0.0,1.0,0.6694620847702026,0.6694620847702026,0.4752604365348816,0.0,0.0
5,encoder.layers.2.blocks.6.attention.output.dense,4.967130661010742,4.620743751525879,-0.34638679027557373,0.0003489998052828014,1.0,0.0,-2.113350547006121e-06,0.0008957511745393276,0.49609375,0.50390625,1.2641751766204834,1.2641751766204834,1.2641751534481216e-10,1.2641751534481216e-10,0.0,1.0,1.2641730308532715,1.2641730308532715,0.49609375,0.0,0.0
5,encoder.layers.2.blocks.6.intermediate.dense,4.133373260498047,3.7987685203552246,-0.33460503816604614,0.00034323654836043715,1.0,0.0,-1.2203090591356158e-06,0.0009713437175378203,0.498046875,0.501953125,1.628803014755249,1.628803014755249,1.6288030646460783e-10,1.6288030646460783e-10,0.0,1.0,1.6288018226623535,1.6288018226623535,0.498046875,0.0,0.0
5,encoder.layers.2.blocks.6.output.dense,5.306790351867676,4.962411880493164,-0.3443784713745117,0.00034859299194067717,1.0,0.0,-3.543272032402456e-05,0.0023600789718329906,0.49609375,0.50390625,1.0979045629501343,1.0979045629501343,1.0979044756664891e-10,1.0979044756664891e-10,0.0,1.0,1.0978691577911377,1.0978691577911377,0.49609375,0.0,0.0
5,encoder.layers.2.blocks.7.attention.self.continuous_position_bias_mlp.0,6.816380500793457,6.466331958770752,-0.350048303604126,0.00020267406944185495,0.6484375,0.025390625,3.6380879464559257e-06,9.131323895417154e-05,0.35546875,0.30859375,-2766.71337890625,2768.51123046875,-2.7667135782394325e-07,2.7685112513609056e-07,0.083984375,0.623046875,-2766.713623046875,2768.510986328125,0.4882352948188782,0.14088398218154907,0.15489131212234497
5,encoder.layers.2.blocks.7.attention.self.continuous_position_bias_mlp.2,7.763781547546387,7.571020126342773,-0.1927611082792282,0.000261942099314183,1.0,0.0,5.700747715309262e-05,0.0005514630465768278,0.4166666865348816,0.5833333730697632,0.0941893458366394,0.11708526313304901,9.418936117167043e-12,1.1708526509446315e-11,0.5,0.5,0.09424635022878647,0.11709710955619812,0.4166666865348816,0.5,0.5
5,encoder.layers.2.blocks.7.attention.self.query,6.5098676681518555,6.179240703582764,-0.33062607049942017,0.00034168967977166176,1.0,0.0,-1.2629595403268468e-05,0.000493098224978894,0.5013021230697632,0.4986979365348816,0.5711308717727661,0.5711308717727661,5.711308509459556e-11,5.711308509459556e-11,0.0,1.0,0.5711182355880737,0.5711182355880737,0.5013021230697632,0.0,0.0
5,encoder.layers.2.blocks.7.attention.self.key,6.2746171951293945,5.953763961791992,-0.3208526372909546,0.00033917275140993297,1.0,0.0,1.5004969782239641e-06,0.0004738467396236956,0.4973958432674408,0.5026041865348816,0.6532508134841919,0.6532508134841919,6.532507867973436e-11,6.532507867973436e-11,0.0,1.0,0.6532522439956665,0.6532522439956665,0.4973958432674408,0.0,0.0
5,encoder.layers.2.blocks.7.attention.self.value,6.507357597351074,6.168365001678467,-0.3389924168586731,0.000346241460647434,1.0,0.0,-0.00013138906797394156,0.0027803543489426374,0.5091146230697632,0.4908854365348816,0.5746666789054871,0.5746666789054871,5.746666337236306e-11,5.746666337236306e-11,0.0,1.0,0.5745352506637573,0.5745352506637573,0.5091146230697632,0.0,0.0
5,encoder.layers.2.blocks.7.attention.output.dense,5.833806991577148,5.487313747406006,-0.3464941680431366,0.00034898240119218826,1.0,0.0,6.248417776077986e-05,0.001798424287699163,0.4934895932674408,0.5065104365348816,0.8757176399230957,0.8757176399230957,8.757176928053667e-11,8.757176928053667e-11,0.0,1.0,0.8757801055908203,0.8757801055908203,0.4934895932674408,0.0,0.0
5,encoder.layers.2.blocks.7.intermediate.dense,4.290992259979248,3.953336238861084,-0.3376563489437103,0.00034501563641242683,1.0,0.0,-8.305390656460077e-05,0.0012020135764032602,0.5188802480697632,0.4811198115348816,1.5627492666244507,1.5627492666244507,1.56274923557298e-10,1.56274923557298e-10,0.0,1.0,1.5626662969589233,1.5626662969589233,0.5188802480697632,0.0,0.0
5,encoder.layers.2.blocks.7.output.dense,5.459447860717773,5.116827964782715,-0.34262046217918396,0.00034811801742762327,1.0,0.0,0.0001505439286120236,0.0029755057767033577,0.5,0.5,1.037054181098938,1.037054181098938,1.0370541925208698e-10,1.0370541925208698e-10,0.0,1.0,1.037204623222351,1.037204623222351,0.5,0.0,0.0
5,encoder.layers.2.downsample.reduction,6.121720790863037,5.780507564544678,-0.3412132263183594,0.00034709772444330156,1.0,0.0,-0.00012713686737697572,0.0035238731652498245,0.478515625,0.521484375,0.7466368675231934,0.7466368675231934,7.466369189579325e-11,7.466369189579325e-11,0.0,1.0,0.7465097308158875,0.7465097308158875,0.478515625,0.0,0.0
5,encoder.layers.3.blocks.0.attention.self.continuous_position_bias_mlp.0,7.413164138793945,7.354280471801758,-0.058884017169475555,0.00017075003415811807,0.6796875,0.142578125,9.802727618080098e-06,0.00024977303110063076,0.400390625,0.41015625,0.19129598140716553,0.2229512631893158,1.9129597211842153e-11,2.229512581497506e-11,0.251953125,0.5703125,0.19130578637123108,0.22294463217258453,0.515662670135498,0.4774346947669983,0.4786730110645294
5,encoder.layers.3.blocks.0.attention.self.continuous_position_bias_mlp.2,7.752036094665527,7.637903213500977,-0.11413252353668213,0.000210493803024292,0.875,0.125,0.00017431098967790604,0.0007564424304291606,0.4166666865348816,0.5833333730697632,0.04792357608675957,0.07228484004735947,4.792357916755252e-12,7.228484304178107e-12,0.5,0.5,0.0480978898704052,0.07226628065109253,0.4583333432674408,0.625,0.625
5,encoder.layers.3.blocks.0.attention.self.query,5.81703519821167,5.471606731414795,-0.3454281985759735,0.0003488762304186821,1.0,0.0,4.410881501826225e-06,0.000228566859732382,0.4934895932674408,0.5065104365348816,0.8856251239776611,0.8856251239776611,8.856251149103045e-11,8.856251149103045e-11,0.0,1.0,0.8856295347213745,0.8856295347213745,0.4934895932674408,0.0,0.0
5,encoder.layers.3.blocks.0.attention.self.key,5.793123245239258,5.449275970458984,-0.34384721517562866,0.0003484492190182209,1.0,0.0,6.957265213713981e-06,0.0002222018374595791,0.4947916865348816,0.5052083730697632,0.8915200233459473,0.8915200233459473,8.915200522263689e-11,8.915200522263689e-11,0.0,1.0,0.8915269374847412,0.8915269374847412,0.4947916865348816,0.0,0.0
5,encoder.layers.3.blocks.0.attention.self.value,5.8897833824157715,5.5475287437438965,-0.3422556519508362,0.00034801842411980033,1.0,0.0,-3.408641350688413e-05,0.0005766006070189178,0.5084635615348816,0.4915364682674408,0.8455415964126587,0.8455415964126587,8.455416228292378e-11,8.455416228292378e-11,0.0,1.0,0.8455075025558472,0.8455075025558472,0.5084635615348816,0.0,0.0
5,encoder.layers.3.blocks.0.attention.output.dense,4.967803955078125,4.619112491607666,-0.3486912250518799,0.00034953258000314236,1.0,0.0,8.12342477729544e-05,0.0007037150207906961,0.5188802480697632,0.4811198115348816,1.278611421585083,1.278611421585083,1.2786115222152006e-10,1.2786115222152006e-10,0.0,1.0,1.2786927223205566,1.2786927223205566,0.5188802480697632,0.0,0.0
5,encoder.layers.3.blocks.0.intermediate.dense,4.35308837890625,4.009793281555176,-0.3432955741882324,0.0003482928150333464,1.0,0.0,-2.7581216954786214e-07,0.0002245109062641859,0.501953125,0.498046875,1.5183957815170288,1.5183957815170288,1.518395686961327e-10,1.518395686961327e-10,0.0,1.0,1.5183954238891602,1.5183954238891602,0.501953125,0.0,0.0
5,encoder.layers.3.blocks.0.output.dense,4.304553985595703,3.955599308013916,-0.34895452857017517,0.00034982964280061424,1.0,0.0,1.733401404635515e-05,0.0004907696857117116,0.482421875,0.517578125,1.5602377653121948,1.5602377653121948,1.5602379110912779e-10,1.5602379110912779e-10,0.0,1.0,1.5602550506591797,1.5602550506591797,0.482421875,0.0,0.0
5,encoder.layers.3.blocks.1.attention.self.continuous_position_bias_mlp.0,7.359138488769531,7.252031326293945,-0.10710667818784714,0.00018661089416127652,0.736328125,0.232421875,-7.367907528532669e-08,0.00029825299861840904,0.44140625,0.52734375,0.22451475262641907,0.2367878556251526,2.2451474707141372e-11,2.3678782892777583e-11,0.306640625,0.66015625,0.2245146781206131,0.23684599995613098,0.524193525314331,0.5535354018211365,0.5553319454193115
5,encoder.layers.3.blocks.1.attention.self.continuous_position_bias_mlp.2,7.900717735290527,7.796056270599365,-0.10466071218252182,0.00017389055574312806,0.75,0.25,0.00015584066568408161,0.0007446631789207458,0.4583333432674408,0.5416666865348816,0.012447337619960308,0.039355359971523285,1.24473380821305e-12,3.935535924926015e-12,0.5416666865348816,0.4583333432674408,0.01260318048298359,0.03938865289092064,0.375,0.7916666865348816,0.7916666865348816
5,encoder.layers.3.blocks.1.attention.self.query,5.940143585205078,5.596475601196289,-0.3436676859855652,0.0003483991022221744,1.0,0.0,1.4912827282387298e-05,0.00023763111676089466,0.4811198115348816,0.5188802480697632,0.8263399600982666,0.8263399600982666,8.263399686736506e-11,8.263399686736506e-11,0.0,1.0,0.8263548612594604,0.8263548612594604,0.4811198115348816,0.0,0.0
5,encoder.layers.3.blocks.1.attention.self.key,5.931779384613037,5.580203056335449,-0.3515758514404297,0.00035053701139986515,1.0,0.0,3.3887386052811053e-06,0.00021440756972879171,0.4908854365348816,0.5091146230697632,0.8482750654220581,0.8482750654220581,8.48274991915865e-11,8.48274991915865e-11,0.0,1.0,0.8482784032821655,0.8482784032821655,0.4908854365348816,0.0,0.0
5,encoder.layers.3.blocks.1.attention.self.value,6.0649003982543945,5.721418380737305,-0.3434814214706421,0.00034835049882531166,1.0,0.0,-3.677158383652568e-05,0.0006040458101779222,0.5227864980697632,0.4772135615348816,0.7712701559066772,0.7712701559066772,7.712701310946812e-11,7.712701310946812e-11,0.0,1.0,0.771233320236206,0.771233320236206,0.5227864980697632,0.0,0.0
5,encoder.layers.3.blocks.1.attention.output.dense,5.263301372528076,4.9255547523498535,-0.3377467095851898,0.0003466513007879257,1.0,0.0,8.404941036133096e-05,0.0007344529731199145,0.4895833432674408,0.5104166865348816,1.1120405197143555,1.1120405197143555,1.1120404597164679e-10,1.1120404597164679e-10,0.0,1.0,1.1121246814727783,1.1121246814727783,0.4895833432674408,0.0,0.0
5,encoder.layers.3.blocks.1.intermediate.dense,4.49334192276001,4.147335052490234,-0.3460065722465515,0.00034896968281827867,1.0,0.0,-4.1093944673775695e-06,0.00025612491299398243,0.5060221552848816,0.4939778745174408,1.4750995635986328,1.4750995635986328,1.4750997645585073e-10,1.4750997645585073e-10,0.0,1.0,1.4750956296920776,1.4750956296920776,0.5060221552848816,0.0,0.0
5,encoder.layers.3.blocks.1.output.dense,3.473752737045288,3.1277918815612793,-0.3459608554840088,0.0003490197123028338,1.0,0.0,5.777708065579645e-05,0.0003599247429519892,0.4869791865348816,0.5130208730697632,1.9266504049301147,1.9266504049301147,1.9266503670234414e-10,1.9266503670234414e-10,0.0,1.0,1.9267082214355469,1.9267082214355469,0.4869791865348816,0.0,0.0
5,encoder.layers.3.blocks.2.attention.self.continuous_position_bias_mlp.0,7.350918769836426,7.22819709777832,-0.12272170931100845,0.00017339899204671383,0.69921875,0.23046875,-5.326133396010846e-05,0.000465890159830451,0.501953125,0.4375,0.25440675020217896,0.26872533559799194,2.5440673873111663e-11,2.687253544686463e-11,0.326171875,0.61328125,0.25435346364974976,0.2686876058578491,0.4864864945411682,0.5925155878067017,0.5945945978164673
5,encoder.layers.3.blocks.2.attention.self.continuous_position_bias_mlp.2,7.915692329406738,7.864436626434326,-0.05125540494918823,8.100787090370432e-05,0.4583333432674408,0.5416666865348816,0.00040328188333660364,0.0015113081317394972,0.5,0.5,0.006539127789437771,0.02511613629758358,6.539126878868373e-13,2.5116137468417232e-12,0.4583333432674408,0.5416666865348816,0.006942408159375191,0.025669202208518982,0.5416666865348816,1.0,1.0
5,encoder.layers.3.blocks.2.attention.self.query,6.050253868103027,5.710275173187256,-0.33997830748558044,0.00034740541013889015,1.0,0.0,-1.465071090933634e-05,0.0002721929340623319,0.5045573115348816,0.4954427182674408,0.770118236541748,0.770118236541748,7.701182747066326e-11,7.701182747066326e-11,0.0,1.0,0.7701036334037781,0.7701036334037781,0.5045573115348816,0.0,0.0
5,encoder.layers.3.blocks.2.attention.self.key,6.077828407287598,5.730178356170654,-0.34765028953552246,0.00034930132096633315,0.9993489980697632,0.0006510416860692203,6.361403848131886e-06,0.0003207020927220583,0.4876302182674408,0.5123698115348816,0.7766186594963074,0.7766186594963074,7.76618699904752e-11,7.76618699904752e-11,0.0,1.0,0.7766250371932983,0.7766250371932983,0.48828125,0.0006510416860692203,0.0006510416860692203
5,encoder.layers.3.blocks.2.attention.self.value,6.145851135253906,5.798680782318115,-0.34717100858688354,0.0003493480326142162,1.0,0.0,-1.1656693459372036e-05,0.0006605933303944767,0.5045573115348816,0.4954427182674408,0.7433116436004639,0.7433116436004639,7.433116622213021e-11,7.433116622213021e-11,0.0,1.0,0.7432999610900879,0.7432999610900879,0.5045573115348816,0.0,0.0
5,encoder.layers.3.blocks.2.attention.output.dense,4.480798721313477,4.135683536529541,-0.3451150059700012,0.0003486681671347469,1.0,0.0,4.6681550884386525e-05,0.0005812139715999365,0.50390625,0.49609375,1.4748764038085938,1.4748764038085938,1.4748766097305577e-10,1.4748766097305577e-10,0.0,1.0,1.4749231338500977,1.4749231338500977,0.50390625,0.0,0.0
5,encoder.layers.3.blocks.2.intermediate.dense,5.244508743286133,4.89846134185791,-0.34604787826538086,0.0003490291419439018,1.0,0.0,-4.346443347458262e-06,0.0004975935444235802,0.5001627802848816,0.4998372495174408,1.1469178199768066,1.1469178199768066,1.146917769090372e-10,1.146917769090372e-10,0.0,1.0,1.1469134092330933,1.1469134092330933,0.5001627802848816,0.0,0.0
5,encoder.layers.3.blocks.2.output.dense,4.492722034454346,4.1449995040893555,-0.34772300720214844,0.0003494970442261547,1.0,0.0,-5.725744995288551e-05,0.0008099249098449945,0.482421875,0.517578125,1.478800654411316,1.478800654411316,1.4788006930110953e-10,1.4788006930110953e-10,0.0,1.0,1.4787434339523315,1.4787434339523315,0.482421875,0.0,0.0
5,encoder.layers.3.blocks.3.attention.self.continuous_position_bias_mlp.0,7.410121917724609,7.314021587371826,-0.09610036760568619,0.00016009178943932056,0.646484375,0.095703125,2.2702370188198984e-06,0.00024498641141690314,0.375,0.36328125,0.20308305323123932,0.21287812292575836,2.0308305384575398e-11,2.1287811791115274e-11,0.2109375,0.533203125,0.20308533310890198,0.21288375556468964,0.5158730149269104,0.4120734930038452,0.4120734930038452
5,encoder.layers.3.blocks.3.attention.self.continuous_position_bias_mlp.2,7.818374156951904,7.769408702850342,-0.04896599054336548,9.210246935253963e-05,0.5,0.5,0.000187357232789509,0.0007658360409550369,0.375,0.625,0.02510937675833702,0.04359516128897667,2.5109374215265268e-12,4.359516220242554e-12,0.375,0.625,0.025296729058027267,0.04353290796279907,0.375,0.875,0.875
5,encoder.layers.3.blocks.3.attention.self.query,6.142504692077637,5.802000045776367,-0.34050390124320984,0.00034754793159663677,1.0,0.0,-5.580480774369789e-06,0.00023537816014140844,0.4876302182674408,0.5123698115348816,0.7305776476860046,0.7305776476860046,7.305776816846077e-11,7.305776816846077e-11,0.0,1.0,0.7305721044540405,0.7305721044540405,0.4876302182674408,0.0,0.0
5,encoder.layers.3.blocks.3.attention.self.key,6.128055572509766,5.786321640014648,-0.34173402190208435,0.00034788012271746993,1.0,0.0,1.1257683354415349e-06,0.00023200623400043696,0.4986979365348816,0.5013021230697632,0.7396117448806763,0.7396117448806763,7.396117052138607e-11,7.396117052138607e-11,0.0,1.0,0.7396128177642822,0.7396128177642822,0.4986979365348816,0.0,0.0
5,encoder.layers.3.blocks.3.attention.self.value,6.128225326538086,5.785964488983154,-0.34226107597351074,0.00034802244044840336,1.0,0.0,-1.0689090231608134e-05,0.0004282163572497666,0.50390625,0.49609375,0.7410167455673218,0.7410167455673218,7.410166924515238e-11,7.410166924515238e-11,0.0,1.0,0.7410060167312622,0.7410060167312622,0.50390625,0.0,0.0
5,encoder.layers.3.blocks.3.attention.output.dense,4.798678874969482,4.462902545928955,-0.33577629923820496,0.00034602475352585316,1.0,0.0,1.0715564712882042e-05,0.00043593760346993804,0.50390625,0.49609375,1.313161849975586,1.313161849975586,1.3131618015194135e-10,1.3131618015194135e-10,0.0,1.0,1.3131725788116455,1.3131725788116455,0.50390625,0.0,0.0
5,encoder.layers.3.blocks.3.intermediate.dense,5.692638397216797,5.347306728363037,-0.3453318476676941,0.00034870783565565944,1.0,0.0,1.63742861332139e-05,0.0008796073962002993,0.49853515625,0.50146484375,0.9471842050552368,0.9471842050552368,9.471842060682079e-11,9.471842060682079e-11,0.0,1.0,0.9472005367279053,0.9472005367279053,0.49853515625,0.0,0.0
5,encoder.layers.3.blocks.3.output.dense,5.239253044128418,4.889077186584473,-0.35017627477645874,0.00035015965113416314,1.0,0.0,5.1616065320558846e-05,0.0017291996628046036,0.4791666865348816,0.5208333730697632,1.1434884071350098,1.1434884071350098,1.1434882901673049e-10,1.1434882901673049e-10,0.0,1.0,1.1435400247573853,1.1435400247573853,0.4791666865348816,0.0,0.0
5,encoder.layers.3.blocks.4.attention.self.continuous_position_bias_mlp.0,7.4662346839904785,7.338326454162598,-0.12790828943252563,0.00017879760707728565,0.69921875,0.203125,2.392464011791162e-06,0.0003262288519181311,0.470703125,0.43359375,0.22038087248802185,0.23479948937892914,2.2038086633369147e-11,2.3479950622684598e-11,0.318359375,0.587890625,0.22038325667381287,0.2347632795572281,0.47948163747787476,0.5754310488700867,0.5754310488700867
5,encoder.layers.3.blocks.4.attention.self.continuous_position_bias_mlp.2,7.910480499267578,7.822721004486084,-0.08776013553142548,0.00017016060883179307,0.7083333730697632,0.2916666865348816,0.00015791910118423402,0.0009726997814141214,0.4166666865348816,0.5833333730697632,0.011535987257957458,0.034591153264045715,1.1535988093600014e-12,3.459115589452e-12,0.5416666865348816,0.4583333432674408,0.011693907901644707,0.0342637300491333,0.375,0.8333333730697632,0.8333333730697632
5,encoder.layers.3.blocks.4.attention.self.query,6.217734336853027,5.874246597290039,-0.34348738193511963,0.0003483541659079492,1.0,0.0,4.347005415183958e-06,0.00040516717126592994,0.4947916865348816,0.5052083730697632,0.7044843435287476,0.7044843435287476,7.044843874925988e-11,7.044843874925988e-11,0.0,1.0,0.7044887542724609,0.7044887542724609,0.4947916865348816,0.0,0.0
5,encoder.layers.3.blocks.4.attention.self.key,6.231025695800781,5.882793426513672,-0.3482329547405243,0.00034963604412041605,1.0,0.0,1.2113558113924228e-05,0.000406078266678378,0.4759114682674408,0.5240885615348816,0.7069239616394043,0.7069239616394043,7.069239638113345e-11,7.069239638113345e-11,0.0,1.0,0.7069360613822937,0.7069360613822937,0.4759114682674408,0.0,0.0
5,encoder.layers.3.blocks.4.attention.self.value,6.270654201507568,5.929183483123779,-0.34147071838378906,0.0003477967984508723,1.0,0.0,-3.811100759776309e-05,0.0008573782397434115,0.51953125,0.48046875,0.6777107119560242,0.6777107119560242,6.777108041422508e-11,6.777108041422508e-11,0.0,1.0,0.6776727437973022,0.6776727437973022,0.51953125,0.0,0.0
5,encoder.layers.3.blocks.4.attention.output.dense,5.232839584350586,4.896294116973877,-0.3365457057952881,0.00034612425952218473,1.0,0.0,-4.3417749111540616e-05,0.0008533715736120939,0.4895833432674408,0.5104166865348816,1.1252247095108032,1.1252247095108032,1.1252247744675259e-10,1.1252247744675259e-10,0.0,1.0,1.1251811981201172,1.1251811981201172,0.4895833432674408,0.0,0.0
5,encoder.layers.3.blocks.4.intermediate.dense,4.318454742431641,3.973810911178589,-0.3446435332298279,0.00034863874316215515,1.0,0.0,3.603224286052864e-06,0.00018436337995808572,0.498046875,0.501953125,1.5454139709472656,1.5454139709472656,1.5454140744886047e-10,1.5454140744886047e-10,0.0,1.0,1.5454175472259521,1.5454175472259521,0.498046875,0.0,0.0
5,encoder.layers.3.blocks.4.output.dense,2.5423665046691895,2.191650390625,-0.35071617364883423,0.00035030391882173717,1.0,0.0,-2.020988176809624e-05,0.00021608188399113715,0.4895833432674408,0.5104166865348816,2.3524553775787354,2.3524553775787354,2.3524554526588304e-10,2.3524554526588304e-10,0.0,1.0,2.3524351119995117,2.3524351119995117,0.4895833432674408,0.0,0.0
5,encoder.layers.3.blocks.5.attention.self.continuous_position_bias_mlp.0,7.2372026443481445,7.063390731811523,-0.17381244897842407,0.0002108165354002267,0.759765625,0.162109375,-3.078709414694458e-05,0.00018233316950500011,0.4921875,0.421875,-112.2470474243164,112.86949157714844,-1.1224706497614534e-08,1.128694826491028e-08,0.259765625,0.6640625,-112.24708557128906,112.86945343017578,0.48931625485420227,0.45665961503982544,0.45665961503982544
5,encoder.layers.3.blocks.5.attention.self.continuous_position_bias_mlp.2,7.7239532470703125,7.652572154998779,-0.07138077914714813,0.0001424335641786456,0.75,0.25,0.00012365936709102243,0.0006622321670874953,0.5,0.5,0.04912155866622925,0.06235513091087341,4.9121566189636034e-12,6.2355134076985674e-12,0.375,0.625,0.04924521967768669,0.062288474291563034,0.5,0.625,0.625
5,encoder.layers.3.blocks.5.attention.self.query,6.126399040222168,5.782411098480225,-0.343988299369812,0.000348482106346637,1.0,0.0,-1.8192284187534824e-05,0.00027833704371005297,0.5,0.5,0.746045708656311,0.746045708656311,7.460457251973196e-11,7.460457251973196e-11,0.0,1.0,0.7460274696350098,0.7460274696350098,0.5,0.0,0.0
5,encoder.layers.3.blocks.5.attention.self.key,6.127907752990723,5.778647422790527,-0.34926003217697144,0.0003499071463011205,1.0,0.0,9.406379831489176e-06,0.00026556634111329913,0.494140625,0.505859375,0.7554068565368652,0.7554068565368652,7.554068481852028e-11,7.554068481852028e-11,0.0,1.0,0.7554162740707397,0.7554162740707397,0.494140625,0.0,0.0
5,encoder.layers.3.blocks.5.attention.self.value,6.1880202293396,5.8404974937438965,-0.34752291440963745,0.0003494157863315195,1.0,0.0,2.6052939574583434e-05,0.000632456736639142,0.4791666865348816,0.5208333730697632,0.725982666015625,0.725982666015625,7.259826767525013e-11,7.259826767525013e-11,0.0,1.0,0.7260087728500366,0.7260087728500366,0.4791666865348816,0.0,0.0
5,encoder.layers.3.blocks.5.attention.output.dense,5.367330074310303,5.023684501647949,-0.3436459004878998,0.00034831438097171485,1.0,0.0,2.4667729121574666e-06,0.0006770335021428764,0.4921875,0.5078125,1.0829495191574097,1.0829495191574097,1.082949493969032e-10,1.082949493969032e-10,0.0,1.0,1.0829520225524902,1.0829520225524902,0.4921875,0.0,0.0
5,encoder.layers.3.blocks.5.intermediate.dense,5.03230094909668,4.684937477111816,-0.34736308455467224,0.00034939576289616525,1.0,0.0,-2.1398800527094863e-06,0.00035324011696502566,0.5060221552848816,0.4939778745174408,1.2390477657318115,1.2390477657318115,1.2390477532875366e-10,1.2390477532875366e-10,0.0,1.0,1.23904550075531,1.23904550075531,0.5060221552848816,0.0,0.0
5,encoder.layers.3.blocks.5.output.dense,3.742785930633545,3.4003310203552246,-0.3424549102783203,0.0003480737505014986,1.0,0.0,3.380243288120255e-05,0.0006704832194373012,0.4921875,0.5078125,1.7841053009033203,1.7841053009033203,1.7841055022227437e-10,1.7841055022227437e-10,0.0,1.0,1.7841391563415527,1.7841391563415527,0.4921875,0.0,0.0
5,encoder.layers.3.blocks.6.attention.self.continuous_position_bias_mlp.0,7.523855686187744,7.4105119705200195,-0.1133439913392067,0.00016211470938287675,0.673828125,0.201171875,-6.792017302359454e-06,0.0002865694114007056,0.4140625,0.45703125,0.16356316208839417,0.17860183119773865,1.6356315607479743e-11,1.7860182083273557e-11,0.3125,0.564453125,0.16355636715888977,0.17858676612377167,0.4641255736351013,0.5857461094856262,0.5857461094856262
5,encoder.layers.3.blocks.6.attention.self.continuous_position_bias_mlp.2,7.837431907653809,7.7570295333862305,-0.08040235936641693,0.00013753920211456716,0.7083333730697632,0.2916666865348816,0.00025049957912415266,0.0011094018118456006,0.4583333432674408,0.5416666865348816,0.02483369968831539,0.04752387851476669,2.4833700634080413e-12,4.7523877194644015e-12,0.4583333432674408,0.5416666865348816,0.025084201246500015,0.04773235321044922,0.5833333730697632,0.75,0.75
5,encoder.layers.3.blocks.6.attention.self.query,6.289095878601074,5.947540283203125,-0.34155577421188354,0.00034783309092745185,1.0,0.0,-5.1142102108769905e-08,0.00039183185435831547,0.5045573115348816,0.4954427182674408,0.6697292327880859,0.6697292327880859,6.697292720403425e-11,6.697292720403425e-11,0.0,1.0,0.6697291731834412,0.6697291731834412,0.5045573115348816,0.0,0.0
5,encoder.layers.3.blocks.6.attention.self.key,6.278306484222412,5.937453269958496,-0.34085315465927124,0.0003476432466413826,1.0,0.0,-9.963462616724428e-06,0.00035835185553878546,0.5143229365348816,0.4856770932674408,0.6729089021682739,0.6729089021682739,6.729088813939299e-11,6.729088813939299e-11,0.0,1.0,0.6728989481925964,0.6728989481925964,0.5143229365348816,0.0,0.0
5,encoder.layers.3.blocks.6.attention.self.value,6.361428737640381,6.013588905334473,-0.34783992171287537,0.0003494964330457151,1.0,0.0,-8.88510203367332e-06,0.0008811828447505832,0.517578125,0.482421875,0.6505029201507568,0.6505029201507568,6.505029848113963e-11,6.505029848113963e-11,0.0,1.0,0.6504940986633301,0.6504940986633301,0.517578125,0.0,0.0
5,encoder.layers.3.blocks.6.attention.output.dense,5.683312892913818,5.338691234588623,-0.3446210026741028,0.00034834793768823147,1.0,0.0,-4.485976205614861e-06,0.0009524812921881676,0.4921875,0.5078125,0.9465389251708984,0.9465389251708984,9.465389583240835e-11,9.465389583240835e-11,0.0,1.0,0.9465345144271851,0.9465345144271851,0.4921875,0.0,0.0
5,encoder.layers.3.blocks.6.intermediate.dense,6.015266418457031,5.673936367034912,-0.34133046865463257,0.0003470375668257475,1.0,0.0,-2.8111511710449122e-05,0.0014406865229830146,0.5013021230697632,0.4986979365348816,0.7935088872909546,0.7935088872909546,7.935088003341306e-11,7.935088003341306e-11,0.0,1.0,0.7934808135032654,0.7934808135032654,0.5013021230697632,0.0,0.0
5,encoder.layers.3.blocks.6.output.dense,5.246132850646973,4.904876232147217,-0.3412564992904663,0.0003477243590168655,1.0,0.0,0.00021364113490562886,0.0027563306502997875,0.4967448115348816,0.5032552480697632,1.1230425834655762,1.1230425834655762,1.1230426311126251e-10,1.1230426311126251e-10,0.0,1.0,1.1232562065124512,1.1232562065124512,0.4967448115348816,0.0,0.0
5,encoder.layers.3.blocks.7.attention.self.continuous_position_bias_mlp.0,7.496545791625977,7.3479766845703125,-0.1485692411661148,0.00017053019837476313,0.69140625,0.1953125,-3.5624152587843128e-06,0.0003693357575684786,0.462890625,0.396484375,-294.77197265625,295.1685791015625,-2.9477199348093563e-08,2.9516858290890013e-08,0.2421875,0.646484375,-294.77197265625,295.1685791015625,0.5363636016845703,0.49230772256851196,0.49230772256851196
5,encoder.layers.3.blocks.7.attention.self.continuous_position_bias_mlp.2,7.795047283172607,7.659415245056152,-0.13563254475593567,0.00020622654119506478,0.8333333730697632,0.1666666716337204,-9.390385821461678e-05,0.0011335858143866062,0.5833333730697632,0.4166666865348816,0.043987374752759933,0.05811948701739311,4.398737450672652e-12,5.8119490123353934e-12,0.3333333432674408,0.6666666865348816,0.043893471360206604,0.05837840586900711,0.5833333730697632,0.5,0.5
5,encoder.layers.3.blocks.7.attention.self.query,6.146324157714844,5.806699275970459,-0.3396253287792206,0.00034731076448224485,1.0,0.0,4.589003765431698e-06,0.00031596454209648073,0.4973958432674408,0.5026041865348816,0.7273704409599304,0.7273704409599304,7.273703861443437e-11,7.273703861443437e-11,0.0,1.0,0.7273750305175781,0.7273750305175781,0.4973958432674408,0.0,0.0
5,encoder.layers.3.blocks.7.attention.self.key,6.110875606536865,5.771249294281006,-0.33962592482566833,0.0003473106771707535,1.0,0.0,1.1606054613366723e-05,0.0003045625053346157,0.49609375,0.50390625,0.7434735298156738,0.7434735298156738,7.434735466160802e-11,7.434735466160802e-11,0.0,1.0,0.743485152721405,0.743485152721405,0.49609375,0.0,0.0
5,encoder.layers.3.blocks.7.attention.self.value,6.219022750854492,5.87024450302124,-0.3487788140773773,0.0003496292920317501,1.0,0.0,-5.245371426099155e-07,0.0007559881778433919,0.51171875,0.48828125,0.7132734060287476,0.7132734060287476,7.132734680670438e-11,7.132734680670438e-11,0.0,1.0,0.7132729291915894,0.7132729291915894,0.51171875,0.0,0.0
5,encoder.layers.3.blocks.7.attention.output.dense,5.373448371887207,5.028419494628906,-0.345028281211853,0.0003485651104710996,1.0,0.0,-9.440522262593731e-05,0.0008562145521864295,0.5065104365348816,0.4934895932674408,1.0761990547180176,1.0761990547180176,1.0761989910346159e-10,1.0761989910346159e-10,0.0,1.0,1.0761045217514038,1.0761045217514038,0.5065104365348816,0.0,0.0
5,encoder.layers.3.blocks.7.intermediate.dense,5.221193313598633,4.876767158508301,-0.34442636370658875,0.00034758783294819295,0.9970703125,0.0,2.447464567012503e-06,0.0003055802662856877,0.4889323115348816,0.5110677480697632,1.1506216526031494,1.1506216526031494,1.1506216812673387e-10,1.1506216812673387e-10,0.0,1.0,1.15062415599823,1.15062415599823,0.4873046875,0.0,0.0
5,encoder.layers.3.blocks.7.output.dense,4.01447868347168,3.665170669555664,-0.34930795431137085,0.00034983817022293806,1.0,0.0,-1.1454168088675942e-05,0.00047982935211621225,0.5130208730697632,0.4869791865348816,1.6966607570648193,1.6966607570648193,1.6966608673563144e-10,1.6966608673563144e-10,0.0,1.0,1.6966493129730225,1.6966493129730225,0.5130208730697632,0.0,0.0
5,decoder.layers.0.blocks.0.attention.self.continuous_position_bias_mlp.0,7.302542686462402,7.149643898010254,-0.15289846062660217,0.00021286318951752037,0.798828125,0.15234375,6.425800529541448e-05,0.0004358302685432136,0.44140625,0.498046875,0.2581518888473511,0.2725570797920227,2.58151902632342e-11,2.7255708107132293e-11,0.33984375,0.61328125,0.25821614265441895,0.27253487706184387,0.5031185150146484,0.5122950673103333,0.5143442153930664
5,decoder.layers.0.blocks.0.attention.self.continuous_position_bias_mlp.2,7.658553600311279,7.5433268547058105,-0.11522658914327621,0.00015684330719523132,0.875,0.125,-0.0005823385436087847,0.0011432459577918053,0.5416666865348816,0.4583333432674408,0.0699692815542221,0.07889962196350098,6.9969282104342945e-12,7.889962988505417e-12,0.3333333432674408,0.6666666865348816,0.06938694417476654,0.07854470610618591,0.6666666865348816,0.4583333432674408,0.4583333432674408
5,decoder.layers.0.blocks.0.attention.self.query,6.108637809753418,5.7644500732421875,-0.3441872000694275,0.0003485420602373779,1.0,0.0,1.9900409824913368e-05,0.0003391299396753311,0.4830729365348816,0.5169271230697632,0.7538466453552246,0.7538466453552246,7.538467072798483e-11,7.538467072798483e-11,0.0,1.0,0.7538665533065796,0.7538665533065796,0.4830729365348816,0.0,0.0
5,decoder.layers.0.blocks.0.attention.self.key,6.050473690032959,5.709792137145996,-0.3406810164451599,0.0003475952835287899,1.0,0.0,1.114905535359867e-05,0.0003114151186309755,0.501953125,0.498046875,0.7729300856590271,0.7729300856590271,7.729300532943739e-11,7.729300532943739e-11,0.0,1.0,0.7729411125183105,0.7729411125183105,0.501953125,0.0,0.0
5,decoder.layers.0.blocks.0.attention.self.value,6.198250770568848,5.849946022033691,-0.3483050763607025,0.0003494926495477557,1.0,0.0,-8.249647180491593e-06,0.0009026633342728019,0.509765625,0.490234375,0.7243614196777344,0.7243614196777344,7.243615429697314e-11,7.243615429697314e-11,0.0,1.0,0.7243531942367554,0.7243531942367554,0.509765625,0.0,0.0
5,decoder.layers.0.blocks.0.attention.output.dense,5.397930145263672,5.0501861572265625,-0.3477439284324646,0.0003494614502415061,1.0,0.0,-2.556540675868746e-05,0.0009059751173481345,0.5110677480697632,0.4889323115348816,1.080869436264038,1.080869436264038,1.0808692829655797e-10,1.0808692829655797e-10,0.0,1.0,1.0808438062667847,1.0808438062667847,0.5110677480697632,0.0,0.0
5,decoder.layers.0.blocks.0.intermediate.dense,4.853526592254639,4.5103654861450195,-0.3431609869003296,0.00034565594978630543,0.99267578125,0.0,-6.294161721598357e-06,0.00025327096227556467,0.4969075620174408,0.5030924677848816,1.3132754564285278,1.3132754564285278,1.3132754606015595e-10,1.3132754606015595e-10,0.0,1.0,1.3132691383361816,1.3132691383361816,0.49267578125,0.0,0.0
5,decoder.layers.0.blocks.0.output.dense,3.407132625579834,3.0660815238952637,-0.34105104207992554,0.00034769423655234277,1.0,0.0,1.8278878997080028e-06,0.0003649697173386812,0.4973958432674408,0.5026041865348816,1.9390897750854492,1.9390897750854492,1.939089722124976e-10,1.939089722124976e-10,0.0,1.0,1.9390915632247925,1.9390915632247925,0.4973958432674408,0.0,0.0
5,decoder.layers.0.blocks.1.attention.self.continuous_position_bias_mlp.0,7.566938400268555,7.409828186035156,-0.15711046755313873,0.0001748772629071027,0.6875,0.1328125,3.2977717637550086e-05,0.00027243816293776035,0.38671875,0.412109375,-163.91647338867188,164.26698303222656,-1.6391647150726385e-08,1.642669822388143e-08,0.28515625,0.53515625,-163.91647338867188,164.26699829101562,0.4987775385379791,0.5095238089561462,0.5095238089561462
5,decoder.layers.0.blocks.1.attention.self.continuous_position_bias_mlp.2,7.9473795890808105,7.844121932983398,-0.10325752198696136,0.0001992348989006132,0.75,0.25,9.654252062318847e-05,0.0008735653827898204,0.5833333730697632,0.4166666865348816,0.005492587573826313,0.0312209390103817,5.49258772145067e-13,3.1220941630605292e-12,0.5833333730697632,0.4166666865348816,0.005589129403233528,0.031070362776517868,0.5,0.8333333730697632,0.8333333730697632
5,decoder.layers.0.blocks.1.attention.self.query,6.327593803405762,5.9849853515625,-0.3426078259944916,0.00034811755176633596,1.0,0.0,-1.3379855772654992e-05,0.0004759800503961742,0.5169271230697632,0.4830729365348816,0.6549310088157654,0.6549310088157654,6.549310399561747e-11,6.549310399561747e-11,0.0,1.0,0.6549176573753357,0.6549176573753357,0.5169271230697632,0.0,0.0
5,decoder.layers.0.blocks.1.attention.self.key,6.314436912536621,5.972358226776123,-0.34207868576049805,0.0003479743027128279,1.0,0.0,9.51694062223396e-07,0.0004194095672573894,0.5,0.5,0.6587460041046143,0.6587460041046143,6.58746043824543e-11,6.58746043824543e-11,0.0,1.0,0.6587469577789307,0.6587469577789307,0.5,0.0,0.0
5,decoder.layers.0.blocks.1.attention.self.value,6.349416732788086,6.013485908508301,-0.33593159914016724,0.00034615627373568714,1.0,0.0,-1.5896139302640222e-05,0.0009542702464386821,0.5104166865348816,0.4895833432674408,0.6342164278030396,0.6342164278030396,6.342164293737795e-11,6.342164293737795e-11,0.0,1.0,0.6342005133628845,0.6342005133628845,0.5104166865348816,0.0,0.0
5,decoder.layers.0.blocks.1.attention.output.dense,5.709925651550293,5.367245674133301,-0.3426799774169922,0.00034771463833749294,1.0,0.0,-7.261589053086936e-05,0.0009112352272495627,0.52734375,0.47265625,0.924238383769989,0.924238383769989,9.242384635399503e-11,9.242384635399503e-11,0.0,1.0,0.9241658449172974,0.9241658449172974,0.52734375,0.0,0.0
5,decoder.layers.0.blocks.1.intermediate.dense,6.200959205627441,5.870030879974365,-0.33092838525772095,0.00034231942845508456,1.0,0.0,6.743033736711368e-05,0.0019452431006357074,0.48095703125,0.51904296875,0.7065646052360535,0.7065646052360535,7.065645291071121e-11,7.065645291071121e-11,0.0,1.0,0.7066320180892944,0.7066320180892944,0.48095703125,0.0,0.0
5,decoder.layers.0.blocks.1.output.dense,5.709353446960449,5.3708600997924805,-0.33849287033081055,0.0003468859358690679,1.0,0.0,-0.00011445581912994385,0.003163145389407873,0.4830729365348816,0.5169271230697632,0.9165803790092468,0.9165803790092468,9.165803532829031e-11,9.165803532829031e-11,0.0,1.0,0.9164659380912781,0.9164659380912781,0.4830729365348816,0.0,0.0
5,decoder.layers.0.blocks.2.attention.self.continuous_position_bias_mlp.0,7.461806297302246,7.345615863800049,-0.11619040369987488,0.00017040081729646772,0.705078125,0.283203125,-3.220794314984232e-05,0.0006130788242444396,0.50390625,0.484375,0.18749555945396423,0.20047993957996368,1.8749553992725154e-11,2.0047994514493794e-11,0.3515625,0.63671875,0.18746334314346313,0.20042631030082703,0.48814231157302856,0.6422924995422363,0.6422924995422363
5,decoder.layers.0.blocks.2.attention.self.continuous_position_bias_mlp.2,7.648471832275391,7.546207427978516,-0.10226434469223022,0.00014154607197269797,0.7916666865348816,0.2083333432674408,-0.0005239917663857341,0.001866108737885952,0.5416666865348816,0.4583333432674408,0.08178339898586273,0.0856538638472557,8.17833994970485e-12,8.565387114856104e-12,0.1666666716337204,0.8333333730697632,0.08125940710306168,0.0856756791472435,0.6666666865348816,0.2916666865348816,0.375
5,decoder.layers.0.blocks.2.attention.self.query,6.220974922180176,5.884212017059326,-0.33676302433013916,0.00034652891918085515,1.0,0.0,3.972421836806461e-06,0.00042818428482860327,0.4928385615348816,0.5071614980697632,0.6895443797111511,0.6895443797111511,6.895443938059742e-11,6.895443938059742e-11,0.0,1.0,0.6895483732223511,0.6895483732223511,0.4928385615348816,0.0,0.0
5,decoder.layers.0.blocks.2.attention.self.key,6.2275800704956055,5.881319999694824,-0.34625953435897827,0.00034909448004327714,1.0,0.0,-1.553045876789838e-05,0.00039069767808541656,0.501953125,0.498046875,0.7054235339164734,0.7054235339164734,7.054234973935536e-11,7.054234973935536e-11,0.0,1.0,0.705407977104187,0.705407977104187,0.501953125,0.0,0.0
5,decoder.layers.0.blocks.2.attention.self.value,6.2683563232421875,5.926749229431152,-0.34160780906677246,0.00034758224501274526,1.0,0.0,-8.810953659121878e-06,0.001357881585136056,0.48828125,0.51171875,0.6802811622619629,0.6802811622619629,6.802812480000142e-11,6.802812480000142e-11,0.0,1.0,0.6802724599838257,0.6802724599838257,0.48828125,0.0,0.0
5,decoder.layers.0.blocks.2.attention.output.dense,5.615315914154053,5.2673444747924805,-0.34797152876853943,0.00034950984991155565,1.0,0.0,9.306787978857756e-05,0.0011479665990918875,0.4928385615348816,0.5071614980697632,0.9805581569671631,0.9805581569671631,9.805581346888914e-11,9.805581346888914e-11,0.0,1.0,0.9806512594223022,0.9806512594223022,0.4928385615348816,0.0,0.0
5,decoder.layers.0.blocks.2.intermediate.dense,5.677420616149902,5.334537506103516,-0.34288355708122253,0.00034810727811418474,1.0,0.0,3.975058461946901e-06,0.0007342786411754787,0.5011393427848816,0.4988606870174408,0.9413818120956421,0.9413818120956421,9.413818335968216e-11,9.413818335968216e-11,0.0,1.0,0.9413856863975525,0.9413856863975525,0.5011393427848816,0.0,0.0
5,decoder.layers.0.blocks.2.output.dense,4.715516567230225,4.37152099609375,-0.3439956605434418,0.0003484805056359619,1.0,0.0,-4.3259183257760014e-06,0.0016174714546650648,0.4967448115348816,0.5032552480697632,1.3645293712615967,1.3645293712615967,1.364529322867014e-10,1.364529322867014e-10,0.0,1.0,1.3645248413085938,1.3645248413085938,0.4967448115348816,0.0,0.0
5,decoder.layers.0.blocks.3.attention.self.continuous_position_bias_mlp.0,7.326131343841553,7.163323879241943,-0.162807434797287,0.00021043047308921814,0.759765625,0.1328125,-6.328792551357765e-06,0.0002553538070060313,0.427734375,0.453125,-124.79610443115234,125.30976867675781,-1.2479611122273582e-08,1.2530978032998519e-08,0.28515625,0.607421875,-124.79610443115234,125.30976867675781,0.4878048598766327,0.4682713449001312,0.4682713449001312
5,decoder.layers.0.blocks.3.attention.self.continuous_position_bias_mlp.2,7.781024932861328,7.7204413414001465,-0.06058381125330925,0.00011651002569124103,0.625,0.375,-2.8179891160107218e-05,0.0009308084845542908,0.5,0.5,0.03530041128396988,0.05221829563379288,3.530040842969484e-12,5.221829479234996e-12,0.375,0.625,0.03527223318815231,0.05192505568265915,0.4583333432674408,0.75,0.75
5,decoder.layers.0.blocks.3.attention.self.query,6.190768241882324,5.839410781860352,-0.35135746002197266,0.0003504701307974756,1.0,0.0,-6.794144610466901e-06,0.0005001173121854663,0.4895833432674408,0.5104166865348816,0.7325601577758789,0.7325601577758789,7.32560123672954e-11,7.32560123672954e-11,0.0,1.0,0.7325533628463745,0.7325533628463745,0.4895833432674408,0.0,0.0
5,decoder.layers.0.blocks.3.attention.self.key,6.124570369720459,5.780817985534668,-0.3437529504299164,0.00034833664540201426,1.0,0.0,1.7564030713401735e-05,0.0005013535264879465,0.4850260615348816,0.5149739980697632,0.7469393610954285,0.7469393610954285,7.469393853432038e-11,7.469393853432038e-11,0.0,1.0,0.7469568252563477,0.7469568252563477,0.4850260615348816,0.0,0.0
5,decoder.layers.0.blocks.3.attention.self.value,6.245566368103027,5.900115013122559,-0.34545159339904785,0.00034886045614257455,1.0,0.0,5.120135756442323e-05,0.00135620532091707,0.501953125,0.498046875,0.6971176862716675,0.6971176862716675,6.971175720016376e-11,6.971175720016376e-11,0.0,1.0,0.6971688270568848,0.6971688270568848,0.501953125,0.0,0.0
5,decoder.layers.0.blocks.3.attention.output.dense,5.6505889892578125,5.303407669067383,-0.34718093276023865,0.00034922390477731824,1.0,0.0,9.917344141285866e-05,0.0010064372327178717,0.501953125,0.498046875,0.9658961296081543,0.9658961296081543,9.658962518699354e-11,9.658962518699354e-11,0.0,1.0,0.9659953117370605,0.9659953117370605,0.501953125,0.0,0.0
5,decoder.layers.0.blocks.3.intermediate.dense,6.481437683105469,6.151086330413818,-0.33035171031951904,0.00034125306410714984,1.0,0.0,6.184526137076318e-05,0.0029093220364302397,0.48876953125,0.51123046875,0.5870462656021118,0.5870462656021118,5.870461755597134e-11,5.870461755597134e-11,0.0,1.0,0.5871080756187439,0.5871080756187439,0.48876953125,0.0,0.0
5,decoder.layers.0.blocks.3.output.dense,6.051766872406006,5.699273586273193,-0.35249340534210205,0.00035027595004066825,1.0,0.0,0.0001897530019050464,0.00422958517447114,0.478515625,0.521484375,0.8028930425643921,0.8028930425643921,8.028929604497748e-11,8.028929604497748e-11,0.0,1.0,0.8030827045440674,0.8030827045440674,0.478515625,0.0,0.0
5,decoder.layers.0.blocks.4.attention.self.continuous_position_bias_mlp.0,7.427619457244873,7.290278434753418,-0.13734090328216553,0.00019013177370652556,0.705078125,0.201171875,6.760610267519951e-05,0.0005197126884013414,0.458984375,0.443359375,0.2398718148469925,0.2552914619445801,2.3987180297613264e-11,2.5529146505109956e-11,0.326171875,0.578125,0.23993942141532898,0.2553514242172241,0.5216450095176697,0.5809935331344604,0.5827957391738892
5,decoder.layers.0.blocks.4.attention.self.continuous_position_bias_mlp.2,7.787406921386719,7.725635528564453,-0.0617714524269104,0.0001043051015585661,0.6666666865348816,0.3333333432674408,-6.604645022889599e-05,0.0012211157009005547,0.4583333432674408,0.5416666865348816,0.034981660544872284,0.04557148739695549,3.4981666001410172e-12,4.557148929051902e-12,0.2916666865348816,0.7083333730697632,0.03491561487317085,0.04597242921590805,0.5416666865348816,0.625,0.6666666865348816
5,decoder.layers.0.blocks.4.attention.self.query,6.2235260009765625,5.878807067871094,-0.3447191119194031,0.00034868711372837424,1.0,0.0,5.552204129344318e-06,0.00043822452425956726,0.4915364682674408,0.5084635615348816,0.7026068568229675,0.7026068568229675,7.026068615800796e-11,7.026068615800796e-11,0.0,1.0,0.7026124000549316,0.7026124000549316,0.4915364682674408,0.0,0.0
5,decoder.layers.0.blocks.4.attention.self.key,6.193037986755371,5.8535895347595215,-0.3394488990306854,0.0003472634998615831,1.0,0.0,1.0320385399609222e-06,0.00041992319165728986,0.48828125,0.51171875,0.7068090438842773,0.7068090438842773,7.068090557282858e-11,7.068090557282858e-11,0.0,1.0,0.7068101167678833,0.7068101167678833,0.48828125,0.0,0.0
5,decoder.layers.0.blocks.4.attention.self.value,6.367645263671875,6.025917053222656,-0.3417285084724426,0.0003477334976196289,1.0,0.0,-1.1853007890749723e-06,0.001431377837434411,0.4791666865348816,0.5208333730697632,0.635303258895874,0.635303258895874,6.353031989370095e-11,6.353031989370095e-11,0.0,1.0,0.6353020668029785,0.6353020668029785,0.4791666865348816,0.0,0.0
5,decoder.layers.0.blocks.4.attention.output.dense,5.665436744689941,5.317330360412598,-0.3481059968471527,0.00034954468719661236,1.0,0.0,5.3336854762164876e-05,0.001062054536305368,0.4778645932674408,0.5221354365348816,0.9596816897392273,0.9596816897392273,9.596817784895961e-11,9.596817784895961e-11,0.0,1.0,0.959735095500946,0.959735095500946,0.4778645932674408,0.0,0.0
5,decoder.layers.0.blocks.4.intermediate.dense,6.525545120239258,6.193202018737793,-0.3323426842689514,0.00034237871295772493,1.0,0.0,-8.283519855467603e-05,0.0033553566318005323,0.498046875,0.501953125,0.5688643455505371,0.5688643455505371,5.688644000301224e-11,5.688644000301224e-11,0.0,1.0,0.5687815546989441,0.5687815546989441,0.498046875,0.0,0.0
5,decoder.layers.0.blocks.4.output.dense,5.865846157073975,5.528822898864746,-0.33702367544174194,0.0003460306324996054,1.0,0.0,-0.00013890376430936158,0.00436586607247591,0.4986979365348816,0.5013021230697632,0.8484928011894226,0.8484928011894226,8.484928037955086e-11,8.484928037955086e-11,0.0,1.0,0.8483538627624512,0.8483538627624512,0.4986979365348816,0.0,0.0
5,decoder.layers.0.blocks.5.attention.self.continuous_position_bias_mlp.0,7.4235663414001465,7.323483467102051,-0.10008254647254944,0.00016900122864171863,0.70703125,0.185546875,-1.328796315647196e-06,0.0004761741729453206,0.451171875,0.439453125,0.2917073369026184,0.30445680022239685,2.917073527175518e-11,3.044568069876519e-11,0.259765625,0.63671875,0.29170599579811096,0.3044622540473938,0.5219298005104065,0.49673202633857727,0.49673202633857727
5,decoder.layers.0.blocks.5.attention.self.continuous_position_bias_mlp.2,7.883533477783203,7.818206787109375,-0.0653267353773117,0.00015137679292820394,0.7083333730697632,0.2916666865348816,0.0004765989142470062,0.0015606259694322944,0.375,0.625,0.020018644630908966,0.037368640303611755,2.0018643860642005e-12,3.736864116754557e-12,0.5,0.5,0.02049524337053299,0.03746264800429344,0.5,0.7916666865348816,0.7916666865348816
5,decoder.layers.0.blocks.5.attention.self.query,6.387807369232178,6.038698196411133,-0.3491087853908539,0.0003498737933114171,1.0,0.0,-6.363621650962159e-06,0.0006680625374428928,0.4973958432674408,0.5026041865348816,0.639603316783905,0.639603316783905,6.396033008781998e-11,6.396033008781998e-11,0.0,1.0,0.6395969390869141,0.6395969390869141,0.4973958432674408,0.0,0.0
5,decoder.layers.0.blocks.5.attention.self.key,6.378297328948975,6.028310298919678,-0.3499874472618103,0.00035011101863346994,1.0,0.0,-4.1810253605945036e-05,0.0006724682170897722,0.5110677480697632,0.4889323115348816,0.6459714770317078,0.6459714770317078,6.459714707585107e-11,6.459714707585107e-11,0.0,1.0,0.6459296345710754,0.6459296345710754,0.5110677480697632,0.0,0.0
5,decoder.layers.0.blocks.5.attention.self.value,6.348605155944824,6.0021162033081055,-0.3464891314506531,0.0003491041425149888,1.0,0.0,1.7458991351304576e-05,0.0020182908046990633,0.505859375,0.494140625,0.652656078338623,0.652656078338623,6.526561235897788e-11,6.526561235897788e-11,0.0,1.0,0.652673602104187,0.652673602104187,0.505859375,0.0,0.0
5,decoder.layers.0.blocks.5.attention.output.dense,5.717902183532715,5.375469207763672,-0.34243354201316833,0.0003479421138763428,1.0,0.0,6.05474051553756e-05,0.0011241501197218895,0.4837239682674408,0.5162760615348816,0.9194614291191101,0.9194614291191101,9.194613820318054e-11,9.194613820318054e-11,0.0,1.0,0.9195219874382019,0.9195219874382019,0.4837239682674408,0.0,0.0
5,decoder.layers.0.blocks.5.intermediate.dense,6.416969299316406,6.078084468841553,-0.3388845920562744,0.00034624035470187664,1.0,0.0,0.00012524175690487027,0.004365032073110342,0.4920247495174408,0.5079752802848816,0.6154990792274475,0.6154990792274475,6.15499040623746e-11,6.15499040623746e-11,0.0,1.0,0.6156243085861206,0.6156243085861206,0.4920247495174408,0.0,0.0
5,decoder.layers.0.blocks.5.output.dense,5.634585380554199,5.288875102996826,-0.34570980072021484,0.00034868306829594076,1.0,0.0,0.0004364092310424894,0.0051621487364172935,0.46875,0.53125,0.9718072414398193,0.9718072414398193,9.718072874198569e-11,9.718072874198569e-11,0.0,1.0,0.9722436666488647,0.9722436666488647,0.46875,0.0,0.0
5,decoder.layers.0.blocks.6.attention.self.continuous_position_bias_mlp.0,7.341736316680908,7.198685646057129,-0.14305049180984497,0.0001823560451157391,0.732421875,0.1875,8.372076990781352e-06,0.0004972850438207388,0.443359375,0.470703125,0.24007633328437805,0.25111550092697144,2.400763268739503e-11,2.5111551726908488e-11,0.255859375,0.6640625,0.240084707736969,0.2510873079299927,0.5235043168067932,0.48195332288742065,0.48516950011253357
5,decoder.layers.0.blocks.6.attention.self.continuous_position_bias_mlp.2,7.913756370544434,7.846090316772461,-0.06766617298126221,0.00013138158828951418,0.625,0.375,0.00043461922905407846,0.001497049699537456,0.4583333432674408,0.5416666865348816,0.010065284557640553,0.028536101803183556,1.0065284109656014e-12,2.8536103601622953e-12,0.5416666865348816,0.4583333432674408,0.010499903932213783,0.028430309146642685,0.4166666865348816,0.9166666865348816,0.9166666865348816
5,decoder.layers.0.blocks.6.attention.self.query,6.235999584197998,5.894794464111328,-0.3412052094936371,0.0003477380087133497,1.0,0.0,1.5233503290801309e-05,0.0005090825143270195,0.5065104365348816,0.4934895932674408,0.6923179626464844,0.6923179626464844,6.92318008477244e-11,6.92318008477244e-11,0.0,1.0,0.6923332214355469,0.6923332214355469,0.5065104365348816,0.0,0.0
5,decoder.layers.0.blocks.6.attention.self.key,6.255147933959961,5.908145427703857,-0.3470027446746826,0.00034930388210341334,1.0,0.0,8.892857294995338e-07,0.0005202530883252621,0.486328125,0.513671875,0.6947328448295593,0.6947328448295593,6.947328823336818e-11,6.947328823336818e-11,0.0,1.0,0.694733738899231,0.694733738899231,0.486328125,0.0,0.0
5,decoder.layers.0.blocks.6.attention.self.value,6.3411383628845215,5.992793560028076,-0.3483450412750244,0.0003496235585771501,1.0,0.0,-8.15441453596577e-05,0.001564366277307272,0.5078125,0.4921875,0.6592190265655518,0.6592190265655518,6.592190682219723e-11,6.592190682219723e-11,0.0,1.0,0.659137487411499,0.659137487411499,0.5078125,0.0,0.0
5,decoder.layers.0.blocks.6.attention.output.dense,5.520977973937988,5.171826362609863,-0.34915146231651306,0.0003497554862406105,1.0,0.0,-2.910836337832734e-05,0.0007549446308985353,0.4635416865348816,0.5364583730697632,1.0278353691101074,1.0278353691101074,1.0278354556358948e-10,1.0278354556358948e-10,0.0,1.0,1.0278064012527466,1.0278064012527466,0.4635416865348816,0.0,0.0
5,decoder.layers.0.blocks.6.intermediate.dense,6.476062774658203,6.133519649505615,-0.3425433039665222,0.00034762959694489837,1.0,0.0,6.999501056270674e-05,0.0035811676643788815,0.4998372495174408,0.5001627802848816,0.5927588939666748,0.5927588939666748,5.927589669108002e-11,5.927589669108002e-11,0.0,1.0,0.5928289294242859,0.5928289294242859,0.4998372495174408,0.0,0.0
5,decoder.layers.0.blocks.6.output.dense,5.093323707580566,4.755166530609131,-0.33815690875053406,0.00034635630436241627,1.0,0.0,-0.00017165215103887022,0.003078934270888567,0.5247396230697632,0.4752604365348816,1.1878126859664917,1.1878126859664917,1.1878126260356225e-10,1.1878126260356225e-10,0.0,1.0,1.1876410245895386,1.1876410245895386,0.5247396230697632,0.0,0.0
5,decoder.layers.0.blocks.7.attention.self.continuous_position_bias_mlp.0,7.382926940917969,7.202683925628662,-0.18024307489395142,0.00019174374756403267,0.74609375,0.169921875,-1.5135084140638355e-05,0.00034911464899778366,0.45703125,0.458984375,-1295.6199951171875,1300.102783203125,-1.2956201089764363e-07,1.3001029230963468e-07,0.333984375,0.58203125,-1295.6201171875,1300.102783203125,0.5159915089607239,0.5479744076728821,0.549893856048584
5,decoder.layers.0.blocks.7.attention.self.continuous_position_bias_mlp.2,7.903202056884766,7.849216461181641,-0.05398593470454216,0.00014084915164858103,0.7083333730697632,0.2916666865348816,0.00018741939857136458,0.0009000100544653833,0.4166666865348816,0.5833333730697632,0.015063132159411907,0.030879732221364975,1.5063133032566789e-12,3.087973236490238e-12,0.5416666865348816,0.4583333432674408,0.015250550583004951,0.03074537217617035,0.2916666865348816,0.8333333730697632,0.8333333730697632
5,decoder.layers.0.blocks.7.attention.self.query,6.074601650238037,5.7307586669921875,-0.34384310245513916,0.00034844945184886456,1.0,0.0,1.4495267350866925e-05,0.0003717595827765763,0.4869791865348816,0.5130208730697632,0.7676159739494324,0.7676159739494324,7.676159013980666e-11,7.676159013980666e-11,0.0,1.0,0.7676304578781128,0.7676304578781128,0.4869791865348816,0.0,0.0
5,decoder.layers.0.blocks.7.attention.self.key,6.108153820037842,5.768704414367676,-0.3394502103328705,0.00034726326703093946,1.0,0.0,-1.0793017281685024e-05,0.0003929960948880762,0.5130208730697632,0.4869791865348816,0.743684709072113,0.743684709072113,7.436846971575761e-11,7.436846971575761e-11,0.0,1.0,0.7436738014221191,0.7436738014221191,0.5130208730697632,0.0,0.0
5,decoder.layers.0.blocks.7.attention.self.value,6.349720001220703,6.007559776306152,-0.3421609401702881,0.0003479842562228441,1.0,0.0,-4.991854802938178e-05,0.001813054084777832,0.5013021230697632,0.4986979365348816,0.6441358327865601,0.6441358327865601,6.441358557651711e-11,6.441358557651711e-11,0.0,1.0,0.6440858840942383,0.6440858840942383,0.5013021230697632,0.0,0.0
5,decoder.layers.0.blocks.7.attention.output.dense,5.461185455322266,5.118195533752441,-0.3429896831512451,0.0003481381281744689,1.0,0.0,1.1223683941352647e-05,0.0006473397370427847,0.4837239682674408,0.5162760615348816,1.036022424697876,1.036022424697876,1.0360223789973588e-10,1.0360223789973588e-10,0.0,1.0,1.0360336303710938,1.0360336303710938,0.4837239682674408,0.0,0.0
5,decoder.layers.0.blocks.7.intermediate.dense,6.526518821716309,6.185301780700684,-0.3412177562713623,0.0003473935357760638,1.0,0.0,6.738160300301388e-05,0.0043855528347194195,0.498046875,0.501953125,0.5679014921188354,0.5679014921188354,5.679014897230772e-11,5.679014897230772e-11,0.0,1.0,0.5679688453674316,0.5679688453674316,0.498046875,0.0,0.0
5,decoder.layers.0.blocks.7.output.dense,4.969905853271484,4.626899719238281,-0.3430062234401703,0.0003475377452559769,1.0,0.0,6.825612217653543e-05,0.0029257095884531736,0.521484375,0.478515625,1.254312515258789,1.254312515258789,1.254312487208864e-10,1.254312487208864e-10,0.0,1.0,1.254380702972412,1.254380702972412,0.521484375,0.0,0.0
5,decoder.layers.0.upsample.upsample,5.889533996582031,5.549171447753906,-0.3403629660606384,0.0003469014773145318,1.0,0.0,-3.917321373592131e-05,0.004074497614055872,0.5091146230697632,0.4908854365348816,0.8452216982841492,0.8452216982841492,8.452216704313287e-11,8.452216704313287e-11,0.0,1.0,0.8451825380325317,0.8451825380325317,0.5091146230697632,0.0,0.0
5,decoder.layers.0.upsample.mixup,6.206054210662842,5.869227409362793,-0.33682721853256226,0.0003461227170191705,1.0,0.0,0.0010659159161150455,0.010653546079993248,0.4635416865348816,0.5364583730697632,0.6986169219017029,0.6986169219017029,6.986169281963939e-11,6.986169281963939e-11,0.0,1.0,0.699682891368866,0.699682891368866,0.4635416865348816,0.0,0.0
5,decoder.layers.1.blocks.0.attention.self.continuous_position_bias_mlp.0,7.689169883728027,7.5912370681762695,-0.09793296456336975,0.0001545172999612987,0.658203125,0.302734375,-5.999732093187049e-05,0.0019794709514826536,0.478515625,0.478515625,0.10576891154050827,0.12417260557413101,1.0576890925595439e-11,1.241726079598271e-11,0.41015625,0.55078125,0.10570891201496124,0.12441253662109375,0.497959166765213,0.7337397933006287,0.7317072749137878
5,decoder.layers.1.blocks.0.attention.self.continuous_position_bias_mlp.2,7.886128902435303,7.821025848388672,-0.06510257720947266,6.606799433939159e-05,0.5833333730697632,0.4166666865348816,-0.002058002632111311,0.006052081473171711,0.4166666865348816,0.5833333730697632,0.01829727366566658,0.04557231813669205,1.829727341862153e-12,4.557232195778749e-12,0.5833333730697632,0.4166666865348816,0.016239270567893982,0.048033397644758224,0.5,0.5,0.5833333730697632
5,decoder.layers.1.blocks.0.attention.self.query,6.513769149780273,6.167166709899902,-0.3466026186943054,0.0003480756131466478,1.0,0.0,0.00013756226690020412,0.0009863721206784248,0.4622395932674408,0.5377604365348816,0.5867592096328735,0.5867592096328735,5.867592522967868e-11,5.867592522967868e-11,0.0,1.0,0.5868967771530151,0.5868967771530151,0.4622395932674408,0.0,0.0
5,decoder.layers.1.blocks.0.attention.self.key,6.387998104095459,6.048369407653809,-0.3396283984184265,0.0003457452985458076,1.0,0.0,1.0818121154443361e-05,0.0009598840842954814,0.48828125,0.51171875,0.6312025785446167,0.6312025785446167,6.312025901955565e-11,6.312025901955565e-11,0.0,1.0,0.631213366985321,0.631213366985321,0.48828125,0.0,0.0
5,decoder.layers.1.blocks.0.attention.self.value,6.3639631271362305,6.019583702087402,-0.34437960386276245,0.00034853321267291903,1.0,0.0,0.00013825614587403834,0.004408377222716808,0.484375,0.515625,0.643047034740448,0.643047034740448,6.43047143311648e-11,6.43047143311648e-11,0.0,1.0,0.6431853175163269,0.6431853175163269,0.484375,0.0,0.0
5,decoder.layers.1.blocks.0.attention.output.dense,5.908588409423828,5.559679985046387,-0.3489089608192444,0.0003496966673992574,1.0,0.0,0.0003777769743464887,0.003930660896003246,0.5052083730697632,0.4947916865348816,0.8556570410728455,0.8556570410728455,8.556570729734148e-11,8.556570729734148e-11,0.0,1.0,0.8560348749160767,0.8560348749160767,0.5052083730697632,0.0,0.0
5,decoder.layers.1.blocks.0.intermediate.dense,5.302512168884277,4.967597961425781,-0.33491426706314087,0.0003432415542192757,1.0,0.0,1.609849277883768e-05,0.0016010369872674346,0.5120443105697632,0.4879557490348816,1.102027177810669,1.102027177810669,1.1020272194794956e-10,1.1020272194794956e-10,0.0,1.0,1.1020433902740479,1.1020433902740479,0.5120443105697632,0.0,0.0
5,decoder.layers.1.blocks.0.output.dense,5.746940612792969,5.399404048919678,-0.34753626585006714,0.0003494465199764818,1.0,0.0,7.775493577355519e-05,0.0026471875607967377,0.5052083730697632,0.4947916865348816,0.9196295738220215,0.9196295738220215,9.196295808200361e-11,9.196295808200361e-11,0.0,1.0,0.9197072982788086,0.9197072982788086,0.5052083730697632,0.0,0.0
5,decoder.layers.1.blocks.1.attention.self.continuous_position_bias_mlp.0,7.587680816650391,7.504777908325195,-0.08290266990661621,0.00013003159256186336,0.556640625,0.390625,-2.974677045131102e-06,0.00095629837596789,0.462890625,0.482421875,0.15331345796585083,0.1696145236492157,1.5331345568081467e-11,1.696145307539254e-11,0.40234375,0.544921875,0.15331047773361206,0.1697077751159668,0.49793386459350586,0.8288660049438477,0.8288660049438477
5,decoder.layers.1.blocks.1.attention.self.continuous_position_bias_mlp.2,7.902932167053223,7.844362258911133,-0.058569394052028656,0.00015093675756361336,0.6666666865348816,0.3333333432674408,-0.0007865303196012974,0.0035595735535025597,0.5833333730697632,0.4166666865348816,0.015095147304236889,0.036226361989974976,1.509514735431594e-12,3.622636478989305e-12,0.5833333730697632,0.4166666865348816,0.014308618381619453,0.03734500706195831,0.5833333730697632,0.9166666865348816,0.9166666865348816
5,decoder.layers.1.blocks.1.attention.self.query,6.494095802307129,6.158565044403076,-0.3355306088924408,0.0003450357762631029,1.0,0.0,-2.8012964321533218e-05,0.0007168719894252717,0.5208333730697632,0.4791666865348816,0.5770419836044312,0.5770419836044312,5.7704202527375514e-11,5.7704202527375514e-11,0.0,1.0,0.5770139694213867,0.5770139694213867,0.5208333730697632,0.0,0.0
5,decoder.layers.1.blocks.1.attention.self.key,6.434447765350342,6.093209743499756,-0.3412381410598755,0.00034620572114363313,1.0,0.0,1.3668517567566596e-05,0.0007383081829175353,0.4856770932674408,0.5143229365348816,0.6122711896896362,0.6122711896896362,6.122712059575264e-11,6.122712059575264e-11,0.0,1.0,0.6122848987579346,0.6122848987579346,0.4856770932674408,0.0,0.0
5,decoder.layers.1.blocks.1.attention.self.value,6.44796895980835,6.115945339202881,-0.3320237994194031,0.00034481240436434746,1.0,0.0,-0.000123955134768039,0.0033461402636021376,0.4947916865348816,0.5052083730697632,0.5872305631637573,0.5872305631637573,5.872305419707402e-11,5.872305419707402e-11,0.0,1.0,0.5871065855026245,0.5871065855026245,0.4947916865348816,0.0,0.0
5,decoder.layers.1.blocks.1.attention.output.dense,6.226674556732178,5.879952907562256,-0.34672194719314575,0.000348972826031968,1.0,0.0,-0.00014251386164687574,0.0033493624068796635,0.4947916865348816,0.5052083730697632,0.707504153251648,0.707504153251648,7.075041941195792e-11,7.075041941195792e-11,0.0,1.0,0.70736163854599,0.70736163854599,0.4947916865348816,0.0,0.0
5,decoder.layers.1.blocks.1.intermediate.dense,5.214312553405762,4.880668640136719,-0.3336433172225952,0.00034352950751781464,1.0,0.0,1.1738338798750192e-05,0.0016248509055003524,0.4889323115348816,0.5110677480697632,1.1317453384399414,1.1317453384399414,1.1317453918469056e-10,1.1317453918469056e-10,0.0,1.0,1.1317570209503174,1.1317570209503174,0.4889323115348816,0.0,0.0
5,decoder.layers.1.blocks.1.output.dense,5.707793235778809,5.35709285736084,-0.35069942474365234,0.00035030068829655647,1.0,0.0,-0.0004690610512625426,0.003138721687719226,0.5377604365348816,0.4622395932674408,0.9510065317153931,0.9510065317153931,9.510064263862361e-11,9.510064263862361e-11,0.0,1.0,0.950537383556366,0.950537383556366,0.5377604365348816,0.0,0.0
5,decoder.layers.1.blocks.2.attention.self.continuous_position_bias_mlp.0,7.63141393661499,7.506270885467529,-0.1251431703567505,0.0001519851794000715,0.6484375,0.2734375,-1.7984204532695003e-05,0.0003522877232171595,0.466796875,0.453125,-1325.20166015625,1325.477294921875,-1.325201708368695e-07,1.32547739895017e-07,0.373046875,0.548828125,-1325.20166015625,1325.477294921875,0.4904458820819855,0.7012711763381958,0.7012711763381958
5,decoder.layers.1.blocks.2.attention.self.continuous_position_bias_mlp.2,7.7375335693359375,7.673728942871094,-0.06380510330200195,0.0001422543136868626,0.8333333730697632,0.1666666716337204,0.0010914341546595097,0.0027040019631385803,0.5,0.5,0.04412632808089256,0.056926123797893524,4.412632585715226e-12,5.692612180252521e-12,0.3333333432674408,0.6666666865348816,0.045217763632535934,0.05859528109431267,0.5,0.5,0.5833333730697632
5,decoder.layers.1.blocks.2.attention.self.query,6.520890235900879,6.185969352722168,-0.334920734167099,0.00034414551919326186,1.0,0.0,3.8322807085933164e-05,0.0006300570676103234,0.5065104365348816,0.4934895932674408,0.5675625801086426,0.5675625801086426,5.675625247558713e-11,5.675625247558713e-11,0.0,1.0,0.5676009058952332,0.5676009058952332,0.5065104365348816,0.0,0.0
5,decoder.layers.1.blocks.2.attention.self.key,6.447676658630371,6.107255458831787,-0.3404216170310974,0.0003452033270150423,1.0,0.0,6.719453722325852e-06,0.0005556634278036654,0.48828125,0.51171875,0.6110952496528625,0.6110952496528625,6.110952716076312e-11,6.110952716076312e-11,0.0,1.0,0.6111019849777222,0.6111019849777222,0.48828125,0.0,0.0
5,decoder.layers.1.blocks.2.attention.self.value,6.5422773361206055,6.203455924987793,-0.3388216495513916,0.0003459753352217376,1.0,0.0,0.00028692474006675184,0.004220596048980951,0.4973958432674408,0.5026041865348816,0.5571228861808777,0.5571228861808777,5.5712288948850386e-11,5.5712288948850386e-11,0.0,1.0,0.5574097633361816,0.5574097633361816,0.4973958432674408,0.0,0.0
5,decoder.layers.1.blocks.2.attention.output.dense,6.140366554260254,5.798347473144531,-0.3420189321041107,0.00034759531263262033,1.0,0.0,0.00018698920030146837,0.0039430055767297745,0.4986979365348816,0.5013021230697632,0.7385162115097046,0.7385162115097046,7.385161926443118e-11,7.385161926443118e-11,0.0,1.0,0.738703191280365,0.738703191280365,0.4986979365348816,0.0,0.0
5,decoder.layers.1.blocks.2.intermediate.dense,5.010238170623779,4.674760818481445,-0.33547744154930115,0.0003436902479734272,1.0,0.0,5.914899520576e-05,0.0019145736005157232,0.5042318105697632,0.4957682490348816,1.2355825901031494,1.2355825901031494,1.2355826084498034e-10,1.2355826084498034e-10,0.0,1.0,1.2356417179107666,1.2356417179107666,0.5042318105697632,0.0,0.0
5,decoder.layers.1.blocks.2.output.dense,5.819328308105469,5.479172706604004,-0.3401564061641693,0.0003474534023553133,1.0,0.0,-0.0002308341790921986,0.00356542831286788,0.5286458730697632,0.4713541865348816,0.8716089129447937,0.8716089129447937,8.71608826780168e-11,8.71608826780168e-11,0.0,1.0,0.8713781237602234,0.8713781237602234,0.5286458730697632,0.0,0.0
5,decoder.layers.1.blocks.3.attention.self.continuous_position_bias_mlp.0,7.851363658905029,7.786639213562012,-0.06472495198249817,0.00012459084973670542,0.6171875,0.380859375,3.7603687815135345e-05,0.0015794939827173948,0.47265625,0.525390625,0.030693579465150833,0.0494074821472168,3.0693581357099653e-12,4.940748331294653e-12,0.462890625,0.53515625,0.030731186270713806,0.04941476881504059,0.5029354095458984,0.8375734090805054,0.8375734090805054
5,decoder.layers.1.blocks.3.attention.self.continuous_position_bias_mlp.2,7.868406295776367,7.7655768394470215,-0.10282957553863525,0.00019511461141519248,0.75,0.25,0.0028730295598506927,0.016895968466997147,0.5833333730697632,0.4166666865348816,0.03857767581939697,0.061764977872371674,3.8577682714979744e-12,6.1764985487267055e-12,0.4166666865348816,0.5833333730697632,0.041450709104537964,0.07498248666524887,0.8333333730697632,0.5,0.75
5,decoder.layers.1.blocks.3.attention.self.query,6.553918838500977,6.213563442230225,-0.3403557240962982,0.0003459530125837773,1.0,0.0,0.00010947757255053148,0.0010637863306328654,0.4713541865348816,0.5286458730697632,0.5604159832000732,0.5604159832000732,5.604160191463592e-11,5.604160191463592e-11,0.0,1.0,0.5605255365371704,0.5605255365371704,0.4713541865348816,0.0,0.0
5,decoder.layers.1.blocks.3.attention.self.key,6.534045219421387,6.190309047698975,-0.3437359035015106,0.0003473998513072729,1.0,0.0,9.179106564261019e-05,0.0010694947559386492,0.4752604365348816,0.5247396230697632,0.5726490616798401,0.5726490616798401,5.726490809321305e-11,5.726490809321305e-11,0.0,1.0,0.5727408528327942,0.5727408528327942,0.4752604365348816,0.0,0.0
5,decoder.layers.1.blocks.3.attention.self.value,6.411125183105469,6.076827049255371,-0.3342991769313812,0.0003454246907494962,1.0,0.0,6.722737452946603e-05,0.006261736154556274,0.5169271230697632,0.4830729365348816,0.6061321496963501,0.6061321496963501,6.061322277428616e-11,6.061322277428616e-11,0.0,1.0,0.6061993837356567,0.6061993837356567,0.5169271230697632,0.0,0.0
5,decoder.layers.1.blocks.3.attention.output.dense,6.309150218963623,5.965776443481445,-0.34337353706359863,0.00034795718966051936,1.0,0.0,-0.00022144577815197408,0.005488517694175243,0.48828125,0.51171875,0.6692508459091187,0.6692508459091187,6.692508353056681e-11,6.692508353056681e-11,0.0,1.0,0.6690294146537781,0.6690294146537781,0.48828125,0.0,0.0
5,decoder.layers.1.blocks.3.intermediate.dense,4.359491348266602,4.029458522796631,-0.3300327658653259,0.000342540763085708,1.0,0.0,9.74925933405757e-05,0.0019830195233225822,0.4886067807674408,0.5113932490348816,1.4940890073776245,1.4940890073776245,1.494089019171696e-10,1.494089019171696e-10,0.0,1.0,1.4941866397857666,1.4941866397857666,0.4886067807674408,0.0,0.0
5,decoder.layers.1.blocks.3.output.dense,5.8215532302856445,5.470151424407959,-0.35140082240104675,0.0003504902124404907,1.0,0.0,7.233679752971511e-06,0.00412767194211483,0.484375,0.515625,0.8966858386993408,0.8966858386993408,8.966859199599497e-11,8.966859199599497e-11,0.0,1.0,0.8966931104660034,0.8966931104660034,0.484375,0.0,0.0
5,decoder.layers.1.blocks.4.attention.self.continuous_position_bias_mlp.0,7.640967845916748,7.54049015045166,-0.10047781467437744,0.00016093236627057195,0.6953125,0.279296875,0.00014215047121979296,0.0011182422749698162,0.455078125,0.53125,0.2677410840988159,0.2840854525566101,2.677411070628466e-11,2.8408549818115247e-11,0.3984375,0.587890625,0.2678832411766052,0.28406473994255066,0.4831683337688446,0.6871287226676941,0.6851485371589661
5,decoder.layers.1.blocks.4.attention.self.continuous_position_bias_mlp.2,7.769608974456787,7.692269802093506,-0.07733862102031708,0.00017098835087381303,0.8333333730697632,0.1666666716337204,-0.0032206817995756865,0.008396092802286148,0.5833333730697632,0.4166666865348816,0.04859653115272522,0.0591040775179863,4.8596534782396894e-12,5.910408447384885e-12,0.3333333432674408,0.6666666865348816,0.04537585377693176,0.057359904050827026,0.4166666865348816,0.3333333432674408,0.4166666865348816
5,decoder.layers.1.blocks.4.attention.self.query,6.575295448303223,6.237390041351318,-0.3379053473472595,0.0003447707276791334,1.0,0.0,-3.063906842726283e-05,0.0011659295996651053,0.5169271230697632,0.4830729365348816,0.5478085279464722,0.5478085279464722,5.4780856934000255e-11,5.4780856934000255e-11,0.0,1.0,0.5477778911590576,0.5477778911590576,0.5169271230697632,0.0,0.0
5,decoder.layers.1.blocks.4.attention.self.key,6.510262966156006,6.177006721496582,-0.33325645327568054,0.0003436370170675218,1.0,0.0,-4.7565463319187984e-05,0.0012436490505933762,0.5286458730697632,0.4713541865348816,0.5694529414176941,0.5694529414176941,5.694529223165823e-11,5.694529223165823e-11,0.0,1.0,0.5694053173065186,0.5694053173065186,0.5286458730697632,0.0,0.0
5,decoder.layers.1.blocks.4.attention.self.value,6.594851970672607,6.246723175048828,-0.3481292128562927,0.00034774906816892326,1.0,0.0,5.352833977667615e-05,0.005632538348436356,0.4791666865348816,0.5208333730697632,0.5555922389030457,0.5555922389030457,5.5559220418777144e-11,5.5559220418777144e-11,0.0,1.0,0.5556457042694092,0.5556457042694092,0.4791666865348816,0.0,0.0
5,decoder.layers.1.blocks.4.attention.output.dense,6.230833053588867,5.89267635345459,-0.33815717697143555,0.000346380373230204,1.0,0.0,-0.00016117059567477554,0.003980847075581551,0.4973958432674408,0.5026041865348816,0.6953095197677612,0.6953095197677612,6.953095044170965e-11,6.953095044170965e-11,0.0,1.0,0.6951483488082886,0.6951483488082886,0.4973958432674408,0.0,0.0
5,decoder.layers.1.blocks.4.intermediate.dense,4.8619914054870605,4.524578094482422,-0.33741307258605957,0.0003442277666181326,1.0,0.0,7.06026257830672e-05,0.0023183636367321014,0.5006510615348816,0.4993489682674408,1.3012988567352295,1.3012988567352295,1.3012989297234157e-10,1.3012989297234157e-10,0.0,1.0,1.3013694286346436,1.3013694286346436,0.5006510615348816,0.0,0.0
5,decoder.layers.1.blocks.4.output.dense,5.788414001464844,5.447554588317871,-0.3408593535423279,0.00034764339216053486,1.0,0.0,-5.848514774697833e-05,0.004366378765553236,0.484375,0.515625,0.8848838806152344,0.8848838806152344,8.848839716524282e-11,8.848839716524282e-11,0.0,1.0,0.8848254084587097,0.8848254084587097,0.484375,0.0,0.0
5,decoder.layers.1.blocks.5.attention.self.continuous_position_bias_mlp.0,7.750218868255615,7.676159858703613,-0.07405924052000046,0.000126899394672364,0.580078125,0.41015625,-2.5881461624521762e-05,0.0006990486290305853,0.501953125,0.48828125,0.07908233255147934,0.09244197607040405,7.908233096154405e-12,9.244197421431899e-12,0.4296875,0.560546875,0.07905645668506622,0.09245065599679947,0.506903350353241,0.844181478023529,0.844181478023529
5,decoder.layers.1.blocks.5.attention.self.continuous_position_bias_mlp.2,7.952609062194824,7.916186809539795,-0.03642173856496811,0.00013850639516022056,0.6666666865348816,0.3333333432674408,-0.005336233880370855,0.008629865013062954,0.6666666865348816,0.3333333432674408,0.0043537612073123455,0.016643643379211426,4.353761275111001e-13,1.6643643928337948e-12,0.5,0.5,-0.0009824724402278662,0.022316981106996536,0.8333333730697632,0.8333333730697632,0.8333333730697632
5,decoder.layers.1.blocks.5.attention.self.query,6.583403587341309,6.23944091796875,-0.3439628779888153,0.0003476335550658405,1.0,0.0,-8.065568181336857e-06,0.0009959200397133827,0.4869791865348816,0.5130208730697632,0.5505902767181396,0.5505902767181396,5.505902331282009e-11,5.505902331282009e-11,0.0,1.0,0.5505821704864502,0.5505821704864502,0.4869791865348816,0.0,0.0
5,decoder.layers.1.blocks.5.attention.self.key,6.5767621994018555,6.233373641967773,-0.3433881998062134,0.0003473942633718252,1.0,0.0,5.058818260295084e-06,0.0009812606731429696,0.5013021230697632,0.4986979365348816,0.552100419998169,0.552100419998169,5.5210044869191677e-11,5.5210044869191677e-11,0.0,1.0,0.5521055459976196,0.5521055459976196,0.5013021230697632,0.0,0.0
5,decoder.layers.1.blocks.5.attention.self.value,6.491485595703125,6.1447906494140625,-0.34669455885887146,0.00034822229645214975,1.0,0.0,-0.0003965847135987133,0.0075022014789283276,0.54296875,0.45703125,0.5948662757873535,0.5948662757873535,5.948663089894168e-11,5.948663089894168e-11,0.0,1.0,0.5944696664810181,0.5944696664810181,0.54296875,0.0,0.0
5,decoder.layers.1.blocks.5.attention.output.dense,6.27646017074585,5.941670894622803,-0.33478885889053345,0.00034489476820454,1.0,0.0,6.816943641752005e-05,0.006178145296871662,0.4752604365348816,0.5247396230697632,0.6650550365447998,0.6650550365447998,6.650550249398535e-11,6.650550249398535e-11,0.0,1.0,0.6651231646537781,0.6651231646537781,0.4752604365348816,0.0,0.0
5,decoder.layers.1.blocks.5.intermediate.dense,4.982043743133545,4.648639678955078,-0.33340367674827576,0.0003426545299589634,1.0,0.0,9.545907232677564e-05,0.0024123454932123423,0.4847005307674408,0.5152994990348816,1.236228346824646,1.236228346824646,1.236228341916501e-10,1.236228341916501e-10,0.0,1.0,1.2363238334655762,1.2363238334655762,0.4847005307674408,0.0,0.0
5,decoder.layers.1.blocks.5.output.dense,5.831305503845215,5.485881805419922,-0.3454241156578064,0.00034887620131485164,1.0,0.0,0.0002156788104912266,0.00439470075070858,0.48046875,0.51953125,0.875133752822876,0.875133752822876,8.751337154944139e-11,8.751337154944139e-11,0.0,1.0,0.8753494024276733,0.8753494024276733,0.48046875,0.0,0.0
5,decoder.layers.1.blocks.6.attention.self.continuous_position_bias_mlp.0,7.7145891189575195,7.641246318817139,-0.07334303110837936,0.00012528097431641072,0.583984375,0.4140625,5.569252971326932e-05,0.0008817259222269058,0.494140625,0.505859375,0.10256777703762054,0.11844874918460846,1.0256777198403011e-11,1.1844874039934616e-11,0.43359375,0.56640625,0.10262346267700195,0.11841905117034912,0.498046875,0.84375,0.84375
5,decoder.layers.1.blocks.6.attention.self.continuous_position_bias_mlp.2,7.903003692626953,7.875052452087402,-0.027952155098319054,4.43608732894063e-05,0.5,0.5,0.0025839773006737232,0.007029117550700903,0.5833333730697632,0.4166666865348816,0.010166727937757969,0.019987735897302628,1.0166728570126793e-12,1.9987735425108788e-12,0.25,0.75,0.01275070570409298,0.02467549592256546,0.9166666865348816,0.75,0.8333333730697632
5,decoder.layers.1.blocks.6.attention.self.query,6.600732326507568,6.266490459442139,-0.334242045879364,0.0003439448191784322,1.0,0.0,7.472420111298561e-05,0.0010868767276406288,0.4869791865348816,0.5130208730697632,0.5307814478874207,0.5307814478874207,5.3078146045049124e-11,5.3078146045049124e-11,0.0,1.0,0.5308561325073242,0.5308561325073242,0.4869791865348816,0.0,0.0
5,decoder.layers.1.blocks.6.attention.self.key,6.5796356201171875,6.244226455688477,-0.33540964126586914,0.0003448488423600793,1.0,0.0,8.29342461656779e-05,0.0011558362748473883,0.5013021230697632,0.4986979365348816,0.5401188731193542,0.5401188731193542,5.4011885242122304e-11,5.4011885242122304e-11,0.0,1.0,0.5402017831802368,0.5402017831802368,0.5013021230697632,0.0,0.0
5,decoder.layers.1.blocks.6.attention.self.value,6.486287593841553,6.147006511688232,-0.33928102254867554,0.00034683331614360213,1.0,0.0,0.00037766070454381406,0.006787033285945654,0.4921875,0.5078125,0.5821050405502319,0.5821050405502319,5.821050585996801e-11,5.821050585996801e-11,0.0,1.0,0.5824827551841736,0.5824827551841736,0.4921875,0.0,0.0
5,decoder.layers.1.blocks.6.attention.output.dense,6.1078643798828125,5.760037899017334,-0.34782761335372925,0.0003491090319585055,1.0,0.0,0.0002588927745819092,0.004325042478740215,0.5091146230697632,0.4908854365348816,0.7652670741081238,0.7652670741081238,7.65267155200533e-11,7.65267155200533e-11,0.0,1.0,0.7655259966850281,0.7655259966850281,0.5091146230697632,0.0,0.0
5,decoder.layers.1.blocks.6.intermediate.dense,4.907942771911621,4.570331573486328,-0.33761078119277954,0.00034304740256629884,1.0,0.0,0.00010783495963551104,0.002577043604105711,0.4847005307674408,0.5152994990348816,1.2993199825286865,1.2993199825286865,1.2993199571820213e-10,1.2993199571820213e-10,0.0,1.0,1.2994277477264404,1.2994277477264404,0.4847005307674408,0.0,0.0
5,decoder.layers.1.blocks.6.output.dense,5.798429012298584,5.453032493591309,-0.34539711475372314,0.00034885917557403445,1.0,0.0,-7.67079764045775e-05,0.0046005165204405785,0.5078125,0.4921875,0.8934590220451355,0.8934590220451355,8.934591261278158e-11,8.934591261278158e-11,0.0,1.0,0.8933824300765991,0.8933824300765991,0.5078125,0.0,0.0
5,decoder.layers.1.blocks.7.attention.self.continuous_position_bias_mlp.0,7.522818565368652,7.44523811340332,-0.07758058607578278,0.00012156020966358483,0.580078125,0.412109375,0.0003570513508748263,0.001583781442604959,0.435546875,0.55859375,0.2018674910068512,0.2150765210390091,2.0186748106443275e-11,2.150765156250234e-11,0.4140625,0.580078125,0.20222453773021698,0.21514996886253357,0.5324165225028992,0.8231827616691589,0.8290766477584839
5,decoder.layers.1.blocks.7.attention.self.continuous_position_bias_mlp.2,7.962272644042969,7.932851791381836,-0.029420655220746994,5.566331674344838e-05,0.6666666865348816,0.3333333432674408,-0.003145485185086727,0.008412947878241539,0.4166666865348816,0.5833333730697632,0.0011988929472863674,0.0194129329174757,1.1988928729986248e-13,1.9412932632939528e-12,0.5,0.5,-0.0019465925870463252,0.021675661206245422,0.5833333730697632,0.5,0.8333333730697632
5,decoder.layers.1.blocks.7.attention.self.query,6.603539943695068,6.270098686218262,-0.33344197273254395,0.0003437305276747793,1.0,0.0,-7.984958938322961e-05,0.001237897900864482,0.53125,0.46875,0.5296513438224792,0.5296513438224792,5.296513228003619e-11,5.296513228003619e-11,0.0,1.0,0.5295714735984802,0.5295714735984802,0.53125,0.0,0.0
5,decoder.layers.1.blocks.7.attention.self.key,6.600911617279053,6.260055065155029,-0.34085655212402344,0.0003460875595919788,1.0,0.0,-2.7381964173400775e-05,0.0013380739837884903,0.4973958432674408,0.5026041865348816,0.5400083065032959,0.5400083065032959,5.400083158413338e-11,5.400083158413338e-11,0.0,1.0,0.539980947971344,0.539980947971344,0.4973958432674408,0.0,0.0
5,decoder.layers.1.blocks.7.attention.self.value,6.3634748458862305,6.023554801940918,-0.3399197459220886,0.0003468759823590517,1.0,0.0,0.00027417074306868017,0.015635428950190544,0.4921875,0.5078125,0.6370103359222412,0.6370103359222412,6.370103750041878e-11,6.370103750041878e-11,0.0,1.0,0.637284517288208,0.637284517288208,0.4921875,0.0,0.0
5,decoder.layers.1.blocks.7.attention.output.dense,5.92481803894043,5.5811767578125,-0.343641459941864,0.00034724263241514564,1.0,0.0,0.0009626231039874256,0.010324066504836082,0.5130208730697632,0.4869791865348816,0.8436374664306641,0.8436374664306641,8.436375209530667e-11,8.436375209530667e-11,0.0,1.0,0.8446000814437866,0.8446000814437866,0.5130208730697632,0.0,0.0
5,decoder.layers.1.blocks.7.intermediate.dense,4.494748592376709,4.165771484375,-0.32897716760635376,0.0003418463165871799,1.0,0.0,0.00011546815949259326,0.003308546729385853,0.4918619990348816,0.5081380605697632,1.43646240234375,1.43646240234375,1.436462615522771e-10,1.436462615522771e-10,0.0,1.0,1.4365780353546143,1.4365780353546143,0.4918619990348816,0.0,0.0
5,decoder.layers.1.blocks.7.output.dense,5.703301906585693,5.35787296295166,-0.3454288840293884,0.0003488768998067826,1.0,0.0,0.000930934096686542,0.005227850750088692,0.46875,0.53125,0.933505654335022,0.933505654335022,9.335057032933136e-11,9.335057032933136e-11,0.0,1.0,0.9344366788864136,0.9344366788864136,0.46875,0.0,0.0
5,decoder.layers.1.upsample.upsample,6.344352722167969,6.006009578704834,-0.33834385871887207,0.0003463148605078459,1.0,0.0,0.00225103460252285,0.024401044473052025,0.482421875,0.517578125,0.642038106918335,0.642038106918335,6.420380893601418e-11,6.420380893601418e-11,0.0,1.0,0.6442891359329224,0.6442891359329224,0.482421875,0.0,0.0
5,decoder.layers.1.upsample.mixup,6.770715236663818,6.486900329589844,-0.2838144898414612,0.00030259983032010496,1.0,0.0,0.010753892362117767,0.09113824367523193,0.4166666865348816,0.5833333730697632,0.43656012415885925,0.4546619653701782,4.365601630196281e-11,4.5466196779697654e-11,0.0078125,0.9921875,0.4473140239715576,0.46966585516929626,0.4166666865348816,0.0078125,0.01302083395421505
5,decoder.layers.2.blocks.0.attention.self.continuous_position_bias_mlp.0,7.441694259643555,7.324051856994629,-0.11764252930879593,0.000191446888493374,0.84765625,0.1171875,0.0005252024275250733,0.007059201598167419,0.4765625,0.48828125,0.19990701973438263,0.22185516357421875,1.9990703536976184e-11,2.2185517312145464e-11,0.400390625,0.5625,0.20043222606182098,0.22252029180526733,0.5506073236465454,0.5152129530906677,0.5202429294586182
5,decoder.layers.2.blocks.0.attention.self.continuous_position_bias_mlp.2,8.06611156463623,8.013876914978027,-0.05223512649536133,5.908108869334683e-05,0.6666666865348816,0.3333333432674408,-0.008176041767001152,0.03638729825615883,0.6666666865348816,0.3333333432674408,-0.005077069159597158,0.03267250582575798,-5.077071033553204e-13,3.2672506193598405e-12,0.8333333730697632,0.1666666716337204,-0.013253110460937023,0.06545233726501465,0.6666666865348816,0.5,0.6666666865348816
5,decoder.layers.2.blocks.0.attention.self.query,6.585935115814209,6.255015850067139,-0.3309193253517151,0.0003392798244021833,1.0,0.0,0.00021849805489182472,0.027705591171979904,0.5130208730697632,0.4869791865348816,0.5483835935592651,0.5483835935592651,5.483835607833498e-11,5.483835607833498e-11,0.0,1.0,0.5486020445823669,0.5486020445823669,0.5130208730697632,0.0,0.0
5,decoder.layers.2.blocks.0.attention.self.key,6.3649091720581055,6.035068511962891,-0.3298399746417999,0.0003408234042581171,1.0,0.0,0.00022709036420565099,0.03543439134955406,0.484375,0.515625,0.6309484839439392,0.6309484839439392,6.309484879007954e-11,6.309484879007954e-11,0.0,1.0,0.6311755180358887,0.6311755180358887,0.484375,0.0,0.0
5,decoder.layers.2.blocks.0.attention.self.value,6.481478691101074,6.155879974365234,-0.3255983591079712,0.0003338207025080919,0.9947916865348816,0.0052083334885537624,0.009597321040928364,0.1330382078886032,0.4895833432674408,0.5104166865348816,0.5824146270751953,0.5824766159057617,5.824146026567334e-11,5.824765669792953e-11,0.0026041667442768812,0.9973958730697632,0.5920119285583496,0.5969982147216797,0.4947916865348816,0.0078125,0.0182291679084301
5,decoder.layers.2.blocks.0.attention.output.dense,6.421260833740234,6.082038879394531,-0.3392218053340912,0.0003429810458328575,1.0,0.0,0.0018676909385249019,0.09093528240919113,0.4739583432674408,0.5260416865348816,0.6233019828796387,0.6233019828796387,6.233020349855067e-11,6.233020349855067e-11,0.0,1.0,0.6251696944236755,0.6263720989227295,0.4739583432674408,0.0,0.0026041667442768812
5,decoder.layers.2.blocks.0.intermediate.dense,2.734799861907959,2.609699249267578,-0.12510043382644653,0.00013049671542830765,0.4075520932674408,0.0,0.001633194973692298,0.020961962640285492,0.4856770932674408,0.5143229365348816,16.123004913330078,16.123004913330078,1.6123002932744157e-09,1.6123002932744157e-09,0.0,1.0,16.124637603759766,16.124637603759766,0.19921875,0.0,0.0
5,decoder.layers.2.blocks.0.output.dense,5.467793941497803,5.130443572998047,-0.3373502194881439,0.0003466939670033753,1.0,0.0,0.004597484599798918,0.07882038503885269,0.5026041865348816,0.4973958432674408,1.0187063217163086,1.0187063217163086,1.0187062304822803e-10,1.0187062304822803e-10,0.0,1.0,1.023303747177124,1.023303747177124,0.5026041865348816,0.0,0.0
5,decoder.layers.2.blocks.1.attention.self.continuous_position_bias_mlp.0,7.626049995422363,7.55661678314209,-0.06943392753601074,0.00015145158977247775,0.640625,0.3359375,7.344130426645279e-05,0.004604656249284744,0.47265625,0.501953125,0.12918595969676971,0.1503790020942688,1.2918596747901745e-11,1.503789974488523e-11,0.439453125,0.537109375,0.1292594075202942,0.15082691609859467,0.52304607629776,0.7660000324249268,0.7720000147819519
5,decoder.layers.2.blocks.1.attention.self.continuous_position_bias_mlp.2,8.094040870666504,8.123249053955078,0.029207786545157433,-0.00021058785205241293,0.1666666716337204,0.8333333730697632,0.04951336234807968,0.07514122128486633,0.1666666716337204,0.8333333730697632,0.013559936545789242,0.05201086401939392,1.3559937677917744e-12,5.2010860895901345e-12,0.3333333432674408,0.6666666865348816,0.0630732998251915,0.107930026948452,0.6666666865348816,0.5,0.6666666865348816
5,decoder.layers.2.blocks.1.attention.self.query,6.552867889404297,6.221646308898926,-0.33122187852859497,0.00034232332836836576,1.0,0.0,-0.0015822057612240314,0.016050852835178375,0.5078125,0.4921875,0.5510022640228271,0.5510022640228271,5.510022299537454e-11,5.510022299537454e-11,0.0,1.0,0.5494200587272644,0.5494200587272644,0.5078125,0.0,0.0
5,decoder.layers.2.blocks.1.attention.self.key,6.3972296714782715,6.066171169281006,-0.33105823397636414,0.0003435445833019912,1.0,0.0,-0.0008385960827581584,0.017827128991484642,0.4947916865348816,0.5052083730697632,0.6128193140029907,0.6128193140029907,6.12819239798057e-11,6.12819239798057e-11,0.0,1.0,0.611980676651001,0.611980676651001,0.4947916865348816,0.0,0.0
5,decoder.layers.2.blocks.1.attention.self.value,6.39197301864624,6.080818176269531,-0.31115424633026123,0.00032926371204666793,0.9947916865348816,0.0052083334885537624,0.02695097029209137,0.13862895965576172,0.4479166865348816,0.5520833730697632,0.6197584867477417,0.6265839338302612,6.197585500355984e-11,6.265839236352377e-11,0.0026041667442768812,0.9973958730697632,0.6467094421386719,0.6514515280723572,0.4479166865348816,0.0078125,0.0078125
5,decoder.layers.2.blocks.1.attention.output.dense,6.2141852378845215,5.882640838623047,-0.3315439522266388,0.000339062768034637,1.0,0.0,0.0013921301579102874,0.12051479518413544,0.4895833432674408,0.5104166865348816,0.6961225271224976,0.6961225271224976,6.961225346158173e-11,6.961225346158173e-11,0.0,1.0,0.6975147128105164,0.7008041143417358,0.4895833432674408,0.0,0.010416666977107525
5,decoder.layers.2.blocks.1.intermediate.dense,2.9699807167053223,2.8279426097869873,-0.14203821122646332,0.00014912040205672383,0.4498698115348816,0.0,0.0012236122274771333,0.023035353049635887,0.4765625,0.5234375,16.490943908691406,16.490943908691406,1.6490945276004254e-09,1.6490945276004254e-09,0.0,1.0,16.492168426513672,16.4921932220459,0.212890625,0.0,0.0006510416860692203
5,decoder.layers.2.blocks.1.output.dense,5.640046119689941,5.291452884674072,-0.34859296679496765,0.0003497303114272654,1.0,0.0,0.011398933827877045,0.08132199943065643,0.4791666865348816,0.5208333730697632,0.9746235609054565,0.9746235609054565,9.746235762886357e-11,9.746235762886357e-11,0.0,1.0,0.9860224723815918,0.9860224723815918,0.4791666865348816,0.0,0.0
5,decoder.layers.2.blocks.2.attention.self.continuous_position_bias_mlp.0,7.757959365844727,7.687633514404297,-0.07032588869333267,0.00012557482114061713,0.685546875,0.3046875,-0.00014583382289856672,0.008980261161923409,0.54296875,0.44921875,0.09224168211221695,0.12288089096546173,9.22416830417827e-12,1.2288088949152787e-11,0.494140625,0.498046875,0.09209585189819336,0.12444957345724106,0.6122047305107117,0.7145669460296631,0.7185039520263672
5,decoder.layers.2.blocks.2.attention.self.continuous_position_bias_mlp.2,8.07728099822998,8.075786590576172,-0.001495361328125,6.319722160696983e-06,0.3333333432674408,0.6666666865348816,-0.05215464532375336,0.09399738907814026,0.6666666865348816,0.3333333432674408,-0.001412431476637721,0.06264084577560425,-1.4124321829310504e-13,6.2640856043905124e-12,0.6666666865348816,0.3333333432674408,-0.053567074239254,0.07786449790000916,0.6666666865348816,0.3333333432674408,0.6666666865348816
5,decoder.layers.2.blocks.2.attention.self.query,6.55066442489624,6.202334403991699,-0.34832990169525146,0.0003467243514023721,1.0,0.0,0.0004715119721367955,0.022909296676516533,0.4635416865348816,0.5364583730697632,0.5779725909233093,0.5779725909233093,5.7797260033520814e-11,5.7797260033520814e-11,0.0,1.0,0.5784441232681274,0.5784441232681274,0.4635416865348816,0.0,0.0
5,decoder.layers.2.blocks.2.attention.self.key,6.390481948852539,6.053058624267578,-0.33742353320121765,0.0003445470938459039,1.0,0.0,0.0003736155922524631,0.02251332625746727,0.5260416865348816,0.4739583432674408,0.6240441203117371,0.6240441203117371,6.240441496885296e-11,6.240441496885296e-11,0.0,1.0,0.6244177222251892,0.6244177222251892,0.5260416865348816,0.0,0.0
5,decoder.layers.2.blocks.2.attention.self.value,6.465039253234863,6.115212440490723,-0.3498268723487854,0.0003288844309281558,0.9973958730697632,0.0026041667442768812,-0.0020947579760104418,0.17067518830299377,0.484375,0.515625,-128.90672302246094,130.12109375,-1.2890668088516577e-08,1.3012111388377434e-08,0.0078125,0.9921875,-128.90878295898438,130.1244354248047,0.4869791865348816,0.010416666977107525,0.0338541679084301
5,decoder.layers.2.blocks.2.attention.output.dense,6.340212821960449,6.007316589355469,-0.33289626240730286,0.0003277413488831371,0.9895833730697632,0.010416666977107525,0.030786525458097458,0.1723443865776062,0.5026041865348816,0.4973958432674408,-234.53396606445312,235.84613037109375,-2.3453399222717053e-08,2.3584611597016192e-08,0.0026041667442768812,0.9973958730697632,-234.5032196044922,235.87466430664062,0.5130208730697632,0.01302083395421505,0.0338541679084301
5,decoder.layers.2.blocks.2.intermediate.dense,3.4464921951293945,3.2874045372009277,-0.15908770263195038,0.00016999202489387244,0.521484375,0.0,0.0005380488582886755,0.023178501054644585,0.49609375,0.50390625,12.470423698425293,12.470423698425293,1.2470424692878623e-09,1.2470424692878623e-09,0.0,1.0,12.470962524414062,12.470988273620605,0.248046875,0.0,0.0006510416860692203
5,decoder.layers.2.blocks.2.output.dense,5.587523460388184,5.256499767303467,-0.3310237228870392,0.00034498568857088685,1.0,0.0,-0.005488391034305096,0.08779271692037582,0.484375,0.515625,0.9483164548873901,0.9483164548873901,9.483164253865084e-11,9.483164253865084e-11,0.0,1.0,0.9428281188011169,0.9428281188011169,0.484375,0.0,0.0
5,decoder.layers.2.blocks.3.attention.self.continuous_position_bias_mlp.0,7.884482383728027,7.839128017425537,-0.045354291796684265,7.62940981076099e-05,0.59375,0.3984375,0.003073896747082472,0.01548403687775135,0.44921875,0.54296875,0.03402335196733475,0.06591075658798218,3.4023352711576305e-12,6.591075775441713e-12,0.474609375,0.517578125,0.03709724545478821,0.0708257257938385,0.6141732335090637,0.7027559280395508,0.7578740119934082
5,decoder.layers.2.blocks.3.attention.self.continuous_position_bias_mlp.2,8.338741302490234,8.394369125366211,0.05562790483236313,-0.0002703481586650014,0.3333333432674408,0.6666666865348816,0.17677317559719086,0.35642945766448975,0.1666666716337204,0.8333333730697632,-0.03745570778846741,0.05619838461279869,-3.7455711275613535e-12,5.619838795711818e-12,0.6666666865348816,0.3333333432674408,0.13931748270988464,0.31653231382369995,0.8333333730697632,0.0,0.8333333730697632
5,decoder.layers.2.blocks.3.attention.self.query,6.499288558959961,6.168923377990723,-0.33036547899246216,0.0003415380488149822,1.0,0.0,-0.002622158033773303,0.030249303206801414,0.4921875,0.5078125,0.5714108943939209,0.5714108943939209,5.714109047039173e-11,5.714109047039173e-11,0.0,1.0,0.5687887668609619,0.5687887668609619,0.4921875,0.0,0.0
5,decoder.layers.2.blocks.3.attention.self.key,6.460525035858154,6.119690895080566,-0.34083351492881775,0.00034607754787430167,1.0,0.0,0.00020469000446610153,0.03199078142642975,0.5078125,0.4921875,0.6005937457084656,0.6005937457084656,6.0059381079558e-11,6.0059381079558e-11,0.0,1.0,0.600798487663269,0.600798487663269,0.5078125,0.0,0.0
5,decoder.layers.2.blocks.3.attention.self.value,6.35925817489624,6.058452606201172,-0.3008049726486206,0.00031922943890094757,0.9869791865348816,0.01302083395421505,0.035368021577596664,0.24887558817863464,0.453125,0.546875,0.6177688837051392,0.6210922598838806,6.177688915975921e-11,6.210922748328684e-11,0.0078125,0.9921875,0.6531369090080261,0.6765308380126953,0.4661458432674408,0.015625,0.0494791679084301
5,decoder.layers.2.blocks.3.attention.output.dense,6.249017715454102,5.93137264251709,-0.3176456093788147,0.00032905954867601395,0.9947916865348816,0.0052083334885537624,0.054257363080978394,0.18976949155330658,0.4296875,0.5703125,0.6409621238708496,0.7008087038993835,6.40962144471402e-11,7.00808716613821e-11,0.0026041667442768812,0.9973958730697632,0.6952194571495056,0.7647387385368347,0.4348958432674408,0.0078125,0.03125
5,decoder.layers.2.blocks.3.intermediate.dense,3.5255448818206787,3.3585848808288574,-0.16695986688137054,0.00017811641737353057,0.537109375,0.0,0.0032817802857607603,0.026939168572425842,0.48046875,0.51953125,10.295469284057617,10.295469284057617,1.0295470032062326e-09,1.0295470032062326e-09,0.0,1.0,10.298751831054688,10.298751831054688,0.24609375,0.0,0.0
5,decoder.layers.2.blocks.3.output.dense,5.6655097007751465,5.318778991699219,-0.346731036901474,0.0003484032931737602,1.0,0.0,-0.0006209022249095142,0.11559232324361801,0.4895833432674408,0.5104166865348816,0.9553507566452026,0.9553507566452026,9.553507290815944e-11,9.553507290815944e-11,0.0,1.0,0.9547299146652222,0.9547299146652222,0.4895833432674408,0.0,0.0
5,decoder.layers.2.blocks.4.attention.self.continuous_position_bias_mlp.0,7.712464332580566,7.660109519958496,-0.0523548386991024,7.906836981419474e-05,0.609375,0.3828125,0.00512781273573637,0.019384346902370453,0.482421875,0.509765625,0.11638888716697693,0.13542473316192627,1.1638887770226702e-11,1.3542472698802044e-11,0.412109375,0.580078125,0.12151670455932617,0.14357897639274597,0.6673228144645691,0.5649605989456177,0.6377952694892883
5,decoder.layers.2.blocks.4.attention.self.continuous_position_bias_mlp.2,8.696508407592773,8.784233093261719,0.08772563934326172,-0.00042084872256964445,0.1666666716337204,0.8333333730697632,0.23492680490016937,0.3965843915939331,0.1666666716337204,0.8333333730697632,-0.12449339032173157,0.12449339032173157,-1.2449340169862211e-11,1.2449340169862211e-11,1.0,0.0,0.11043339967727661,0.3684922158718109,1.0,0.1666666716337204,1.0
5,decoder.layers.2.blocks.4.attention.self.query,6.4524149894714355,6.13223934173584,-0.3201751708984375,0.0003388740587979555,0.9973958730697632,0.0026041667442768812,0.0004052769800182432,0.026524271816015244,0.5208333730697632,0.4791666865348816,0.5754649639129639,0.5754649639129639,5.754649534672751e-11,5.754649534672751e-11,0.0,1.0,0.5758702754974365,0.5758702754974365,0.5234375,0.0026041667442768812,0.0026041667442768812
5,decoder.layers.2.blocks.4.attention.self.key,6.444722652435303,6.108111381530762,-0.33661144971847534,0.00034458559821359813,1.0,0.0,0.002709022257477045,0.029278866946697235,0.4583333432674408,0.5416666865348816,0.6034663915634155,0.6034663915634155,6.034663740939195e-11,6.034663740939195e-11,0.0,1.0,0.6061753630638123,0.6061753630638123,0.4583333432674408,0.0,0.0
5,decoder.layers.2.blocks.4.attention.self.value,6.351645469665527,6.038030624389648,-0.3136145770549774,0.0003179627237841487,0.9921875,0.0078125,0.019474631175398827,0.2911970615386963,0.5078125,0.4921875,0.5267859697341919,0.7161455154418945,5.267859759516824e-11,7.161455456428101e-11,0.0078125,0.9921875,0.5462605953216553,0.7873978614807129,0.5104166865348816,0.015625,0.0598958358168602
5,decoder.layers.2.blocks.4.attention.output.dense,6.232267379760742,5.931795120239258,-0.3004724681377411,0.0003196630859747529,0.984375,0.015625,0.025286396965384483,0.2511051893234253,0.4947916865348816,0.5052083730697632,0.6756596565246582,0.6766404509544373,6.756596671042558e-11,6.766404103686341e-11,0.0052083334885537624,0.9947916865348816,0.700946033000946,0.7294553518295288,0.5,0.015625,0.0572916679084301
5,decoder.layers.2.blocks.4.intermediate.dense,4.0474162101745605,3.8530397415161133,-0.1943761110305786,0.00020473547920119017,0.6178385615348816,0.0,-0.0008210401865653694,0.041659142822027206,0.4759114682674408,0.5240885615348816,8.238506317138672,8.238506317138672,8.238506543634116e-10,8.238506543634116e-10,0.0,1.0,8.237686157226562,8.237686157226562,0.30078125,0.0,0.0
5,decoder.layers.2.blocks.4.output.dense,5.739156246185303,5.392756462097168,-0.34639987349510193,0.00034687641891650856,1.0,0.0,0.01510422583669424,0.14320211112499237,0.4453125,0.5546875,0.9291016459465027,0.9291016459465027,9.291016567214427e-11,9.291016567214427e-11,0.0,1.0,0.9442059397697449,0.9646615386009216,0.4453125,0.0,0.010416666977107525
5,decoder.layers.2.blocks.5.attention.self.continuous_position_bias_mlp.0,7.712559223175049,7.654792308807373,-0.057766687124967575,7.554572948720306e-05,0.615234375,0.369140625,0.003375112544745207,0.016057034954428673,0.474609375,0.5078125,0.11513624340295792,0.13483209908008575,1.1513624255388155e-11,1.3483209340692248e-11,0.421875,0.5625,0.11851135641336441,0.14134129881858826,0.6242544651031494,0.5376984477043152,0.5992063879966736
5,decoder.layers.2.blocks.5.attention.self.continuous_position_bias_mlp.2,8.54659652709961,8.560701370239258,0.0141054792329669,-0.0003523152263369411,0.3333333432674408,0.6666666865348816,-0.010675249621272087,0.23598574101924896,0.3333333432674408,0.6666666865348816,-0.07731765508651733,0.07731765508651733,-7.731766615837188e-12,7.731766615837188e-12,1.0,0.0,-0.08799289911985397,0.2811114192008972,1.0,0.3333333432674408,1.0
5,decoder.layers.2.blocks.5.attention.self.query,6.533694267272949,6.196865081787109,-0.3368290662765503,0.00034402994788251817,1.0,0.0,0.0012510449159890413,0.030432548373937607,0.4765625,0.5234375,0.5658436417579651,0.5658436417579651,5.658436219579954e-11,5.658436219579954e-11,0.0,1.0,0.5670946836471558,0.5670946836471558,0.4765625,0.0,0.0
5,decoder.layers.2.blocks.5.attention.self.key,6.470278739929199,6.136144161224365,-0.3341347575187683,0.0003440000000409782,1.0,0.0,0.0017357743345201015,0.03021044284105301,0.4635416865348816,0.5364583730697632,0.5871824026107788,0.5871824026107788,5.871823860470471e-11,5.871823860470471e-11,0.0,1.0,0.588918149471283,0.588918149471283,0.4635416865348816,0.0,0.0
5,decoder.layers.2.blocks.5.attention.self.value,6.3544840812683105,6.061116695404053,-0.2933674156665802,0.0003029585350304842,0.9713541865348816,0.02864583395421505,0.06467588245868683,0.5001491904258728,0.4557291865348816,0.5442708730697632,0.5779926776885986,0.6610676646232605,5.779927231275295e-11,6.610676589469122e-11,0.010416666977107525,0.9895833730697632,0.642668604850769,0.866966724395752,0.484375,0.0390625,0.1666666716337204
5,decoder.layers.2.blocks.5.attention.output.dense,6.300391674041748,5.980191707611084,-0.3201998472213745,0.0003259690711274743,0.9947916865348816,0.0052083334885537624,0.062843456864357,0.20625422894954681,0.4348958432674408,0.5651041865348816,0.6663490533828735,0.6668314337730408,6.663490592639931e-11,6.668314511681928e-11,0.0026041667442768812,0.9973958730697632,0.7291924357414246,0.7367076277732849,0.4401041865348816,0.0078125,0.0234375
5,decoder.layers.2.blocks.5.intermediate.dense,4.125336647033691,3.9206206798553467,-0.2047155797481537,0.0002111430512741208,0.6282552480697632,0.0,0.0031461119651794434,0.03810090944170952,0.5032552480697632,0.4967448115348816,6.686288356781006,6.686288356781006,6.686288744894853e-10,6.686288744894853e-10,0.0,1.0,6.689434051513672,6.689810752868652,0.3001302182674408,0.0,0.0006510416860692203
5,decoder.layers.2.blocks.5.output.dense,5.7310614585876465,5.3930487632751465,-0.33801335096359253,0.00034577384940348566,0.9973958730697632,0.0026041667442768812,-0.013363863341510296,0.13041111826896667,0.4895833432674408,0.5104166865348816,0.914767861366272,0.914767861366272,9.147678448062635e-11,9.147678448062635e-11,0.0,1.0,0.9014039039611816,0.9050180315971375,0.4921875,0.0026041667442768812,0.015625
5,decoder.layers.2.blocks.6.attention.self.continuous_position_bias_mlp.0,7.748177528381348,7.658345699310303,-0.0898314118385315,0.00010453684080857784,0.640625,0.326171875,-0.002302008680999279,0.03315271809697151,0.513671875,0.451171875,-1294.7708740234375,1295.0140380859375,-1.294771010407203e-07,1.2950137318057386e-07,0.392578125,0.57421875,-1294.7734375,1295.0296630859375,0.6639676094055176,0.5696970224380493,0.6525253057479858
5,decoder.layers.2.blocks.6.attention.self.continuous_position_bias_mlp.2,8.69775676727295,8.79742431640625,0.09966771304607391,-0.00041423572110943496,0.1666666716337204,0.8333333730697632,0.34938478469848633,0.4592170715332031,0.3333333432674408,0.6666666865348816,-0.16027086973190308,0.16027086973190308,-1.6027085908421057e-11,1.6027085908421057e-11,1.0,0.0,0.18911397457122803,0.4237338900566101,0.8333333730697632,0.1666666716337204,0.8333333730697632
5,decoder.layers.2.blocks.6.attention.self.query,6.369222640991211,6.051650524139404,-0.31757232546806335,0.00033921291469596326,1.0,0.0,2.3296724975807592e-05,0.0391029492020607,0.4973958432674408,0.5026041865348816,0.602676272392273,0.602676272392273,6.026763116340206e-11,6.026763116340206e-11,0.0,1.0,0.6026995778083801,0.6026995778083801,0.4973958432674408,0.0,0.0
5,decoder.layers.2.blocks.6.attention.self.key,6.400130748748779,6.072865962982178,-0.3272648751735687,0.000342044688295573,1.0,0.0,0.00584903871640563,0.04194757342338562,0.5078125,0.4921875,0.6038686037063599,0.6038686037063599,6.03868621773529e-11,6.03868621773529e-11,0.0,1.0,0.6097176671028137,0.6097176671028137,0.5078125,0.0,0.0
5,decoder.layers.2.blocks.6.attention.self.value,6.622569561004639,6.28439474105835,-0.3381751477718353,0.0002854266786016524,0.9427083730697632,0.0572916679084301,0.05685150623321533,0.8169905543327332,0.4583333432674408,0.5416666865348816,-675.362060546875,676.4988403320312,-6.753620596100518e-08,6.764988569329944e-08,0.0729166716337204,0.9270833730697632,-675.30517578125,676.9436645507812,0.484375,0.1145833358168602,0.2890625
5,decoder.layers.2.blocks.6.attention.output.dense,6.183615684509277,5.928636074066162,-0.2549794316291809,0.0003223945968784392,0.9921875,0.0078125,0.18429768085479736,0.4185762405395508,0.4921875,0.5078125,0.7038272619247437,0.7189750671386719,7.038272742398988e-11,7.189750877989454e-11,0.0052083334885537624,0.9947916865348816,0.888124942779541,0.9477295875549316,0.4947916865348816,0.01302083395421505,0.0625
5,decoder.layers.2.blocks.6.intermediate.dense,4.0782270431518555,3.881650447845459,-0.19657669961452484,0.0002046094014076516,0.6197916865348816,0.0026041667442768812,0.0037268910091370344,0.06289280951023102,0.4850260615348816,0.5149739980697632,5.681702613830566,5.682843208312988,5.681702885951267e-10,5.682843084997558e-10,0.0006510416860692203,0.9993489980697632,5.685429573059082,5.689323425292969,0.2942708432674408,0.0032552084885537624,0.0071614584885537624
5,decoder.layers.2.blocks.6.output.dense,5.6889801025390625,5.345056533813477,-0.3439236581325531,0.00034656329080462456,1.0,0.0,-0.001832087873481214,0.17409086227416992,0.4348958432674408,0.5651041865348816,0.9298040270805359,0.9367045164108276,9.298040115623962e-11,9.367045333830148e-11,0.0026041667442768812,0.9973958730697632,0.9279718399047852,1.0057381391525269,0.4348958432674408,0.0026041667442768812,0.015625
5,decoder.layers.2.blocks.7.attention.self.continuous_position_bias_mlp.0,6.4793195724487305,6.2328267097473145,-0.24649307131767273,0.0001757859135977924,0.671875,0.173828125,0.002536804648116231,0.010550149716436863,0.33984375,0.478515625,-3344.4150390625,4568.732421875,-3.3444152336414845e-07,4.568732663301489e-07,0.181640625,0.666015625,-3344.41259765625,4568.73828125,0.5441527366638184,0.3041474521160126,0.3540229797363281
5,decoder.layers.2.blocks.7.attention.self.continuous_position_bias_mlp.2,7.7731428146362305,7.553409576416016,-0.2197330892086029,0.00010375770943937823,0.6666666865348816,0.3333333432674408,0.03961377963423729,0.5102254748344421,0.5,0.5,0.1346842646598816,0.1682308316230774,1.3468426027229974e-11,1.682308285733125e-11,0.6666666865348816,0.3333333432674408,0.17429804801940918,0.6043338179588318,0.8333333730697632,0.3333333432674408,0.6666666865348816
5,decoder.layers.2.blocks.7.attention.self.query,6.422079086303711,6.086870193481445,-0.33520859479904175,0.0003430178330745548,1.0,0.0,0.002775968750938773,0.03972749039530754,0.46875,0.53125,0.6123398542404175,0.6123398542404175,6.12339831618236e-11,6.12339831618236e-11,0.0,1.0,0.6151158809661865,0.6162711977958679,0.46875,0.0,0.0052083334885537624
5,decoder.layers.2.blocks.7.attention.self.key,6.366457939147949,6.035168647766113,-0.3312896490097046,0.0003431217628531158,1.0,0.0,0.0031319442205131054,0.06333701312541962,0.515625,0.484375,0.6261346340179443,0.6261346340179443,6.261346302549597e-11,6.261346302549597e-11,0.0,1.0,0.6292665004730225,0.6299468874931335,0.515625,0.0,0.0026041667442768812
5,decoder.layers.2.blocks.7.attention.self.value,6.4564056396484375,6.367196559906006,-0.0892098993062973,0.0002565372851677239,0.90625,0.09375,0.21270370483398438,1.0573062896728516,0.4583333432674408,0.5416666865348816,0.5225391387939453,0.6532149314880371,5.225391647156741e-11,6.532149127158604e-11,0.0520833358168602,0.9479166865348816,0.7352428436279297,1.3610880374908447,0.5104166865348816,0.1145833358168602,0.2890625
5,decoder.layers.2.blocks.7.attention.output.dense,5.986261367797852,5.639615535736084,-0.34664589166641235,0.00032980291871353984,0.9947916865348816,0.0052083334885537624,0.12630581855773926,0.240016371011734,0.4348958432674408,0.5651041865348816,-217.14108276367188,218.75274658203125,-2.1714107845127728e-08,2.1875276701166513e-08,0.0052083334885537624,0.9947916865348816,-217.01480102539062,218.8796844482422,0.4401041865348816,0.010416666977107525,0.015625
5,decoder.layers.2.blocks.7.intermediate.dense,3.778228282928467,3.585982322692871,-0.19224564731121063,0.0001990170421777293,0.5970052480697632,0.0,0.000628763809800148,0.029763048514723778,0.4889323115348816,0.5110677480697632,4.291211128234863,4.291211128234863,4.29121127520915e-10,4.29121127520915e-10,0.0,1.0,4.291839599609375,4.291883945465088,0.283203125,0.0,0.0006510416860692203
5,decoder.layers.2.blocks.7.output.dense,5.507302761077881,5.175848007202148,-0.3314550518989563,0.00034489910467527807,1.0,0.0,0.005262050312012434,0.06101980805397034,0.4895833432674408,0.5104166865348816,0.987463116645813,0.987463116645813,9.874630974016085e-11,9.874630974016085e-11,0.0,1.0,0.9927250742912292,1.0028886795043945,0.4895833432674408,0.0,0.0026041667442768812
5,decoder.layers.2.upsample.upsample,6.030704498291016,5.684370040893555,-0.34633439779281616,0.0003388662589713931,0.9973958730697632,0.0026041667442768812,0.13813354074954987,0.2960137724876404,0.3854166865348816,0.6145833730697632,-107.00711059570312,108.54302215576172,-1.070070876352247e-08,1.0854300569462794e-08,0.0078125,0.9921875,-106.86894989013672,108.70704650878906,0.3880208432674408,0.010416666977107525,0.0260416679084301
5,decoder.layers.2.upsample.mixup,6.613059043884277,6.36522102355957,-0.2478378862142563,0.00028809704235754907,0.984375,0.015625,0.70219486951828,0.8396751880645752,0.3020833432674408,0.6979166865348816,0.45637211203575134,0.4763120114803314,4.5637216228300304e-11,4.763120106665575e-11,0.03125,0.96875,1.158566951751709,1.206843376159668,0.3177083432674408,0.046875,0.0572916679084301
5,decoder.layers.3.blocks.0.attention.self.continuous_position_bias_mlp.0,7.097947120666504,6.977166175842285,-0.12078111618757248,0.00016950677672866732,0.716796875,0.244140625,7.028793334029615e-05,0.001329043647274375,0.515625,0.46875,0.42894744873046875,0.4363505244255066,4.2894746782318194e-11,4.363505043403215e-11,0.255859375,0.712890625,0.42901772260665894,0.43651366233825684,0.5059524178504944,0.5080645084381104,0.5059524178504944
5,decoder.layers.3.blocks.0.attention.self.continuous_position_bias_mlp.2,7.954577445983887,7.9520792961120605,-0.0024973552208393812,4.5030999899609014e-05,0.3333333432674408,0.6666666865348816,0.00524483248591423,0.01873141899704933,0.3333333432674408,0.6666666865348816,0.001366509823128581,0.005120769143104553,1.3665097157132544e-13,5.120769260014146e-13,0.3333333432674408,0.6666666865348816,0.006611343007534742,0.015204663388431072,1.0,0.3333333432674408,1.0
5,decoder.layers.3.blocks.0.attention.self.query,6.460237503051758,6.132180690765381,-0.3280574679374695,0.00034302566200494766,1.0,0.0,0.0013803178444504738,0.016867510974407196,0.4635416865348816,0.5364583730697632,0.5789669752120972,0.5789669752120972,5.7896697852610757e-11,5.7896697852610757e-11,0.0,1.0,0.5803472995758057,0.5803472995758057,0.4635416865348816,0.0,0.0
5,decoder.layers.3.blocks.0.attention.self.key,6.438121795654297,6.098913192749023,-0.33920812606811523,0.0003464680048637092,1.0,0.0,0.0032244818285107613,0.013353437185287476,0.4322916865348816,0.5677083730697632,0.6020712852478027,0.6020712852478027,6.020713094745389e-11,6.020713094745389e-11,0.0,1.0,0.6052957773208618,0.6052957773208618,0.4322916865348816,0.0,0.0
5,decoder.layers.3.blocks.0.attention.self.value,6.475839138031006,6.173581123352051,-0.3022581934928894,0.0003244242107030004,1.0,0.0,0.028122222051024437,0.14226803183555603,0.3854166865348816,0.6145833730697632,0.5602004528045654,0.5604311227798462,5.602004277127648e-11,5.604311459350697e-11,0.0052083334885537624,0.9947916865348816,0.588322639465332,0.5966433882713318,0.3854166865348816,0.0052083334885537624,0.010416666977107525
5,decoder.layers.3.blocks.0.attention.output.dense,6.121461391448975,5.801299095153809,-0.32016313076019287,0.00033631216501817107,0.9947916865348816,0.0052083334885537624,0.018121538683772087,0.09435567259788513,0.4791666865348816,0.5208333730697632,0.7386808395385742,0.7386808395385742,7.386808525966515e-11,7.386808525966515e-11,0.0,1.0,0.7568023204803467,0.7568023204803467,0.4739583432674408,0.0052083334885537624,0.0052083334885537624
5,decoder.layers.3.blocks.0.intermediate.dense,2.676614761352539,2.551038980484009,-0.12557564675807953,0.0001287411287194118,0.3932291865348816,0.0,0.0005820412188768387,0.012407551519572735,0.5052083730697632,0.4947916865348816,11.352973937988281,11.353073120117188,1.1352974116363157e-09,1.1353074036435373e-09,0.0013020833721384406,0.9986979365348816,11.353556632995605,11.353556632995605,0.1966145932674408,0.0013020833721384406,0.0
5,decoder.layers.3.blocks.0.output.dense,5.430606365203857,5.081308364868164,-0.3492978513240814,0.0003499206795822829,1.0,0.0,0.02181049808859825,0.06295427680015564,0.4947916865348816,0.5052083730697632,1.071590781211853,1.071590781211853,1.0715908022040921e-10,1.0715908022040921e-10,0.0,1.0,1.093401312828064,1.093401312828064,0.4947916865348816,0.0,0.0
5,decoder.layers.3.blocks.1.attention.self.continuous_position_bias_mlp.0,7.376142978668213,7.242343902587891,-0.13379883766174316,0.00018039936549030244,0.708984375,0.287109375,0.00010107530397363007,0.0022896379232406616,0.478515625,0.517578125,0.2684738337993622,0.2806628942489624,2.684738542590992e-11,2.8066292345751975e-11,0.365234375,0.630859375,0.26857489347457886,0.28058677911758423,0.5058823823928833,0.6352941393852234,0.6470588445663452
5,decoder.layers.3.blocks.1.attention.self.continuous_position_bias_mlp.2,8.10470962524414,8.108884811401367,0.004175345413386822,-4.476867616176605e-05,0.3333333432674408,0.6666666865348816,0.02068333886563778,0.02068333886563778,0.0,1.0,-0.004055343102663755,0.015651658177375793,-4.055343029701203e-13,1.5651658571633198e-12,0.6666666865348816,0.3333333432674408,0.016627995297312737,0.016627995297312737,0.6666666865348816,0.0,0.6666666865348816
5,decoder.layers.3.blocks.1.attention.self.query,6.506690979003906,6.173854351043701,-0.3328358232975006,0.00034140850766561925,0.9947916865348816,0.0052083334885537624,0.003792043775320053,0.013465296477079391,0.4739583432674408,0.5260416865348816,0.5727611780166626,0.5727611780166626,5.7276121345761766e-11,5.7276121345761766e-11,0.0,1.0,0.576553225517273,0.576553225517273,0.4791666865348816,0.0052083334885537624,0.0052083334885537624
5,decoder.layers.3.blocks.1.attention.self.key,6.530845642089844,6.190009117126465,-0.34083670377731323,0.0003440073924139142,1.0,0.0,0.004738610237836838,0.014303484931588173,0.484375,0.515625,0.5764724016189575,0.5764724016189575,5.764724114731834e-11,5.764724114731834e-11,0.0,1.0,0.5812109708786011,0.5812109708786011,0.484375,0.0,0.0
5,decoder.layers.3.blocks.1.attention.self.value,6.279178619384766,5.960214138031006,-0.31896504759788513,0.0003385477466508746,1.0,0.0,0.024928322061896324,0.11400878429412842,0.4583333432674408,0.5416666865348816,0.6486282348632812,0.6486282348632812,6.486282344564387e-11,6.486282344564387e-11,0.0,1.0,0.6735565662384033,0.6735565662384033,0.4583333432674408,0.0,0.0
5,decoder.layers.3.blocks.1.attention.output.dense,6.163623332977295,5.842082500457764,-0.32154080271720886,0.0003367274475749582,0.9947916865348816,0.0052083334885537624,0.0028519215993583202,0.08023843914270401,0.5364583730697632,0.4635416865348816,0.7070484161376953,0.7078421115875244,7.070483781790315e-11,7.078421182526995e-11,0.0052083334885537624,0.9947916865348816,0.7099003195762634,0.7131298780441284,0.5416666865348816,0.010416666977107525,0.015625
5,decoder.layers.3.blocks.1.intermediate.dense,3.5445799827575684,3.3645262718200684,-0.18005357682704926,0.00018750180606730282,0.58984375,0.0,0.002020311076194048,0.032284822314977646,0.49609375,0.50390625,3.2594337463378906,3.2594337463378906,3.2594338339464457e-10,3.2594338339464457e-10,0.0,1.0,3.2614543437957764,3.2614543437957764,0.2799479365348816,0.0,0.0
5,decoder.layers.3.blocks.1.output.dense,5.700970649719238,5.35982608795166,-0.34114426374435425,0.00034679658710956573,1.0,0.0,0.014376949518918991,0.07954086363315582,0.4114583432674408,0.5885416865348816,0.9346193671226501,0.9346193671226501,9.346193263759517e-11,9.346193263759517e-11,0.0,1.0,0.9489962458610535,0.9489962458610535,0.4114583432674408,0.0,0.0
5,decoder.layers.3.blocks.2.attention.self.continuous_position_bias_mlp.0,7.574315547943115,7.433728218078613,-0.1405872106552124,0.00012261865776963532,0.576171875,0.408203125,-2.8040078177582473e-05,0.0007375892600975931,0.529296875,0.447265625,-3608.352783203125,3608.755859375,-3.6083525856156484e-07,3.6087564581066545e-07,0.365234375,0.619140625,-3608.35302734375,3608.756103515625,0.527999997138977,0.7777778506278992,0.7876984477043152
5,decoder.layers.3.blocks.2.attention.self.continuous_position_bias_mlp.2,8.067536354064941,8.097492218017578,0.029955705627799034,-6.377914542099461e-05,0.6666666865348816,0.3333333432674408,0.011844022199511528,0.019094666466116905,0.3333333432674408,0.6666666865348816,-0.002984033664688468,0.005820895545184612,-2.984033918400353e-13,5.820895523402092e-13,0.6666666865348816,0.3333333432674408,0.008859986439347267,0.02269105613231659,0.6666666865348816,1.0,0.6666666865348816
5,decoder.layers.3.blocks.2.attention.self.query,6.579812526702881,6.228387832641602,-0.35142451524734497,0.00034872893593274057,1.0,0.0,0.0014626741176471114,0.012316055595874786,0.4791666865348816,0.5208333730697632,0.5674089193344116,0.5674089193344116,5.674088976448388e-11,5.674088976448388e-11,0.0,1.0,0.5688716173171997,0.5688716173171997,0.4791666865348816,0.0,0.0
5,decoder.layers.3.blocks.2.attention.self.key,6.517037391662598,6.177740097045898,-0.3392969071865082,0.0003457167185842991,1.0,0.0,0.0008264983771368861,0.01282406784594059,0.46875,0.53125,0.5716547966003418,0.5716547966003418,5.716547721301701e-11,5.716547721301701e-11,0.0,1.0,0.5724812746047974,0.5724812746047974,0.46875,0.0,0.0
5,decoder.layers.3.blocks.2.attention.self.value,6.307851314544678,5.955703258514404,-0.35214823484420776,0.00034999530180357397,1.0,0.0,0.013641443103551865,0.08044838905334473,0.4375,0.5625,0.6814083456993103,0.6814083456993103,6.814083325368259e-11,6.814083325368259e-11,0.0,1.0,0.6950497627258301,0.6950497627258301,0.4375,0.0,0.0
5,decoder.layers.3.blocks.2.attention.output.dense,6.124040126800537,5.797549724578857,-0.32649001479148865,0.000340538565069437,1.0,0.0,0.000954852148424834,0.057590167969465256,0.4583333432674408,0.5416666865348816,0.7170259952545166,0.7170259952545166,7.170260218902769e-11,7.170260218902769e-11,0.0,1.0,0.7179808616638184,0.7179808616638184,0.4583333432674408,0.0,0.0
5,decoder.layers.3.blocks.2.intermediate.dense,3.676229476928711,3.509876251220703,-0.16635358333587646,0.00017860419757198542,0.5455729365348816,0.0,0.0008017828222364187,0.012961546890437603,0.4752604365348816,0.5247396230697632,12.47299861907959,12.4730863571167,1.2472998189849704e-09,1.2473084787245625e-09,0.0013020833721384406,0.9986979365348816,12.473799705505371,12.473884582519531,0.25390625,0.0013020833721384406,0.0013020833721384406
5,decoder.layers.3.blocks.2.output.dense,5.711357116699219,5.382821559906006,-0.32853567600250244,0.0003433332312852144,1.0,0.0,-0.006138788536190987,0.04870951175689697,0.5,0.5,0.8964906930923462,0.8964906930923462,8.964906594854938e-11,8.964906594854938e-11,0.0,1.0,0.8903519511222839,0.8908523321151733,0.5,0.0,0.0052083334885537624
5,decoder.layers.3.blocks.3.attention.self.continuous_position_bias_mlp.0,7.161953449249268,7.002937316894531,-0.15901613235473633,0.00016867226804606616,0.736328125,0.25390625,0.00015927561616990715,0.0022873245179653168,0.5,0.486328125,-548.274658203125,548.9484252929688,-5.482746345819578e-08,5.489485133125527e-08,0.26953125,0.720703125,-548.2743530273438,548.9488525390625,0.5188118815422058,0.516765296459198,0.5325443744659424
5,decoder.layers.3.blocks.3.attention.self.continuous_position_bias_mlp.2,8.233623504638672,8.19074535369873,-0.042878471314907074,8.651334792375565e-05,0.6666666865348816,0.3333333432674408,0.03676559776067734,0.04371834546327591,0.3333333432674408,0.6666666865348816,-0.020605547353625298,0.020605547353625298,-2.0605548517460548e-12,2.0605548517460548e-12,1.0,0.0,0.01616004668176174,0.03275733068585396,0.6666666865348816,0.6666666865348816,0.6666666865348816
5,decoder.layers.3.blocks.3.attention.self.query,6.529658317565918,6.203031063079834,-0.32662710547447205,0.0003418118576519191,1.0,0.0,-0.0011160715948790312,0.007195546291768551,0.53125,0.46875,0.5499017834663391,0.5499017834663391,5.499017560750552e-11,5.499017560750552e-11,0.0,1.0,0.5487856864929199,0.5487856864929199,0.53125,0.0,0.0
5,decoder.layers.3.blocks.3.attention.self.key,6.582697868347168,6.232762813568115,-0.3499356210231781,0.0003489241353236139,1.0,0.0,0.0019182616379112005,0.008605292066931725,0.4583333432674408,0.5416666865348816,0.560416042804718,0.560416042804718,5.604160191463592e-11,5.604160191463592e-11,0.0,1.0,0.5623342990875244,0.5623342990875244,0.4583333432674408,0.0,0.0
5,decoder.layers.3.blocks.3.attention.self.value,6.2051520347595215,5.876708984375,-0.3284434974193573,0.00034104438964277506,1.0,0.0,0.04778856039047241,0.14057600498199463,0.4010416865348816,0.5989583730697632,0.6846296191215515,0.6846296191215515,6.846295752538367e-11,6.846295752538367e-11,0.0,1.0,0.7324181795120239,0.7372733354568481,0.4010416865348816,0.0,0.0052083334885537624
5,decoder.layers.3.blocks.3.attention.output.dense,6.042389869689941,5.718371868133545,-0.32401782274246216,0.0003395834646653384,1.0,0.0,0.03366422280669212,0.10967584699392319,0.4270833432674408,0.5729166865348816,0.7564586400985718,0.7564586400985718,7.56458645723157e-11,7.56458645723157e-11,0.0,1.0,0.7901228666305542,0.795287013053894,0.4270833432674408,0.0,0.0052083334885537624
5,decoder.layers.3.blocks.3.intermediate.dense,4.0328288078308105,3.8415355682373047,-0.19129334390163422,0.0002022191183641553,0.609375,0.0,0.0022141137160360813,0.024739541113376617,0.4752604365348816,0.5247396230697632,6.466969966888428,6.466969966888428,6.466970292606788e-10,6.466970292606788e-10,0.0,1.0,6.469183921813965,6.469183921813965,0.28515625,0.0,0.0
5,decoder.layers.3.blocks.3.output.dense,5.762676239013672,5.420690059661865,-0.3419860601425171,0.00034784883609972894,1.0,0.0,0.024214603006839752,0.07784345746040344,0.4479166865348816,0.5520833730697632,0.9038032293319702,0.9038032293319702,9.038031434371874e-11,9.038031434371874e-11,0.0,1.0,0.928017795085907,0.928017795085907,0.4479166865348816,0.0,0.0
5,decoder.layers.3.blocks.4.attention.self.continuous_position_bias_mlp.0,7.125970840454102,6.945221900939941,-0.18074920773506165,0.0001640771224629134,0.69140625,0.30078125,0.00021386316802818328,0.0015138620510697365,0.498046875,0.494140625,-2495.88525390625,2496.708984375,-2.495885098596773e-07,2.4967093281702546e-07,0.349609375,0.6484375,-2495.88525390625,2496.708984375,0.49803149700164795,0.6360078454017639,0.6399217247962952
5,decoder.layers.3.blocks.4.attention.self.continuous_position_bias_mlp.2,8.113059043884277,8.1582670211792,0.04520829766988754,-0.00015866640023887157,0.6666666865348816,0.3333333432674408,0.0026923450641334057,0.018924875184893608,0.6666666865348816,0.3333333432674408,-0.019205862656235695,0.02246997132897377,-1.920586519682521e-12,2.246997293092745e-12,0.6666666865348816,0.3333333432674408,-0.016513517126441002,0.018255416303873062,1.0,0.3333333432674408,1.0
5,decoder.layers.3.blocks.4.attention.self.query,6.434962272644043,6.092535972595215,-0.34242671728134155,0.00034695089561864734,1.0,0.0,0.0010641970438882709,0.008967810310423374,0.4322916865348816,0.5677083730697632,0.6158574223518372,0.6158574223518372,6.158574344938827e-11,6.158574344938827e-11,0.0,1.0,0.6169216632843018,0.6169216632843018,0.4322916865348816,0.0,0.0
5,decoder.layers.3.blocks.4.attention.self.key,6.458528518676758,6.113730430603027,-0.3447990119457245,0.0003478924627415836,1.0,0.0,0.0014138922560960054,0.00826873630285263,0.453125,0.546875,0.6059849858283997,0.6059849858283997,6.059849844142207e-11,6.059849844142207e-11,0.0,1.0,0.6073988676071167,0.6073988676071167,0.453125,0.0,0.0
5,decoder.layers.3.blocks.4.attention.self.value,6.230109214782715,5.899989604949951,-0.3301198482513428,0.00034162047086283565,0.9947916865348816,0.0052083334885537624,0.014091006480157375,0.11262067407369614,0.4583333432674408,0.5416666865348816,0.6975232362747192,0.6975232362747192,6.9752321973926e-11,6.9752321973926e-11,0.0,1.0,0.7116142511367798,0.7116142511367798,0.4635416865348816,0.0052083334885537624,0.0052083334885537624
5,decoder.layers.3.blocks.4.attention.output.dense,6.1626739501953125,5.844674587249756,-0.3179995119571686,0.0003355821536388248,1.0,0.0,0.025860678404569626,0.080574169754982,0.4270833432674408,0.5729166865348816,0.6967968344688416,0.6967968344688416,6.9679678693646e-11,6.9679678693646e-11,0.0,1.0,0.7226574420928955,0.7226574420928955,0.4270833432674408,0.0,0.0
5,decoder.layers.3.blocks.4.intermediate.dense,6.00244665145874,5.674189567565918,-0.3282579779624939,0.0003358151880092919,0.9869791865348816,0.0,0.0032601039856672287,0.03147989511489868,0.4817708432674408,0.5182291865348816,0.8283929824829102,0.8283929824829102,8.283930486019386e-11,8.283930486019386e-11,0.0,1.0,0.8316531181335449,0.8316531181335449,0.4752604365348816,0.0,0.0
5,decoder.layers.3.blocks.4.output.dense,5.8423590660095215,5.520629405975342,-0.3217287063598633,0.0003410980280023068,1.0,0.0,0.041399337351322174,0.08723300695419312,0.40625,0.59375,0.8158490061759949,0.8158490061759949,8.158490549803332e-11,8.158490549803332e-11,0.0,1.0,0.8572484254837036,0.8572484254837036,0.40625,0.0,0.0
5,decoder.layers.3.blocks.5.attention.self.continuous_position_bias_mlp.0,7.297070026397705,7.1195244789123535,-0.17754581570625305,0.00017489245510660112,0.72265625,0.26953125,-3.514960553729907e-05,0.0018482732120901346,0.48828125,0.49609375,-820.6516723632812,821.23828125,-8.206516355357962e-08,8.212383306727133e-08,0.302734375,0.689453125,-820.651611328125,821.2383422851562,0.4880952537059784,0.5610235929489136,0.5669291019439697
5,decoder.layers.3.blocks.5.attention.self.continuous_position_bias_mlp.2,7.9081549644470215,7.906095027923584,-0.0020605723839253187,0.00015779274690430611,0.6666666865348816,0.3333333432674408,-0.040934160351753235,0.05579278990626335,0.6666666865348816,0.3333333432674408,0.01658051274716854,0.02003353089094162,1.658051192003629e-12,2.0033532124874576e-12,0.6666666865348816,0.3333333432674408,-0.024353645741939545,0.03636281564831734,0.3333333432674408,1.0,0.3333333432674408
5,decoder.layers.3.blocks.5.attention.self.query,6.511302947998047,6.1790571212768555,-0.3322463631629944,0.0003422481822781265,1.0,0.0,0.0033520653378218412,0.01711239479482174,0.4375,0.5625,0.5741438865661621,0.5741438865661621,5.741438574569102e-11,5.741438574569102e-11,0.0,1.0,0.5774959325790405,0.5774959325790405,0.4375,0.0,0.0
5,decoder.layers.3.blocks.5.attention.self.key,6.402795314788818,6.088304042816162,-0.3144916892051697,0.0003390138444956392,1.0,0.0,-7.727183401584625e-05,0.014555810019373894,0.5260416865348816,0.4739583432674408,0.5808100700378418,0.5808100700378418,5.808100528303939e-11,5.808100528303939e-11,0.0,1.0,0.5807327628135681,0.5807327628135681,0.5260416865348816,0.0,0.0
5,decoder.layers.3.blocks.5.attention.self.value,6.262260437011719,5.938458442687988,-0.3238028287887573,0.00033789401641115546,1.0,0.0,0.051680631935596466,0.17591476440429688,0.4114583432674408,0.5885416865348816,0.6607614755630493,0.6607614755630493,6.607614455589328e-11,6.607614455589328e-11,0.0,1.0,0.7124420404434204,0.7124420404434204,0.4114583432674408,0.0,0.0
5,decoder.layers.3.blocks.5.attention.output.dense,6.1146955490112305,5.802031517028809,-0.31266462802886963,0.00033431159681640565,1.0,0.0,0.028714127838611603,0.11275072395801544,0.453125,0.546875,0.7110553979873657,0.7110553979873657,7.110553812417209e-11,7.110553812417209e-11,0.0,1.0,0.739769458770752,0.739769458770752,0.453125,0.0,0.0
5,decoder.layers.3.blocks.5.intermediate.dense,6.224786281585693,5.914834499359131,-0.3099512755870819,0.00033460496342740953,1.0,0.0,0.0289775338023901,0.1436084806919098,0.453125,0.546875,0.6618820428848267,0.6626839637756348,6.618820769244138e-11,6.626840048928884e-11,0.0013020833721384406,0.9986979365348816,0.6908594965934753,0.6968057155609131,0.453125,0.0013020833721384406,0.0078125
5,decoder.layers.3.blocks.5.output.dense,6.003282070159912,5.686765670776367,-0.31651628017425537,0.0003404019516892731,1.0,0.0,0.08950880169868469,0.15314435958862305,0.4427083432674408,0.5572916865348816,0.7461661100387573,0.7461661100387573,7.461661150065524e-11,7.461661150065524e-11,0.0,1.0,0.8356749415397644,0.8358467817306519,0.4427083432674408,0.0,0.0052083334885537624
5,decoder.layers.3.blocks.6.attention.self.continuous_position_bias_mlp.0,7.055810928344727,6.919217109680176,-0.136593759059906,0.00018057349370792508,0.728515625,0.263671875,0.0002113967202603817,0.0031992951408028603,0.482421875,0.513671875,0.47140276432037354,0.6479426622390747,4.714027085350736e-11,6.479426717387327e-11,0.361328125,0.63671875,0.47161418199539185,0.6482216715812683,0.5254902243614197,0.602739691734314,0.6105675101280212
5,decoder.layers.3.blocks.6.attention.self.continuous_position_bias_mlp.2,8.018580436706543,8.126705169677734,0.1081247329711914,7.758274296065792e-05,0.6666666865348816,0.3333333432674408,0.09971125423908234,0.2367795705795288,0.3333333432674408,0.6666666865348816,-0.17428523302078247,0.2894144356250763,-1.742852563657582e-11,2.8941442992147515e-11,0.3333333432674408,0.6666666865348816,-0.07457400858402252,0.08676774799823761,0.6666666865348816,0.0,0.3333333432674408
5,decoder.layers.3.blocks.6.attention.self.query,5.831210136413574,5.5343756675720215,-0.2968342900276184,0.0003307037986814976,0.9895833730697632,0.010416666977107525,1.765525221824646,2.238112688064575,0.453125,0.546875,0.8010339736938477,0.8010339736938477,8.01034100161857e-11,8.01034100161857e-11,0.0,1.0,2.566559314727783,2.8515334129333496,0.4635416865348816,0.010416666977107525,0.0625
5,decoder.layers.3.blocks.6.attention.self.key,6.238883018493652,5.91408109664917,-0.32480159401893616,0.0003389588091522455,1.0,0.0,-0.0028398919384926558,0.092646025121212,0.4635416865348816,0.5364583730697632,0.6797692179679871,0.6797692179679871,6.797692270188449e-11,6.797692270188449e-11,0.0,1.0,0.6769293546676636,0.7022442817687988,0.4635416865348816,0.0,0.0052083334885537624
5,decoder.layers.3.blocks.6.attention.self.value,5.960925102233887,5.655129909515381,-0.30579477548599243,0.00032859755447134376,0.9895833730697632,0.010416666977107525,0.12062686681747437,0.4638298451900482,0.4427083432674408,0.5572916865348816,0.7824324369430542,0.7824324369430542,7.824324521621406e-11,7.824324521621406e-11,0.0,1.0,0.9030593633651733,0.9523328542709351,0.453125,0.010416666977107525,0.0729166716337204
5,decoder.layers.3.blocks.6.attention.output.dense,6.023119926452637,5.702532768249512,-0.3205868601799011,0.0003322466218378395,0.9895833730697632,0.010416666977107525,0.09804971516132355,0.2181677520275116,0.5572916865348816,0.4427083432674408,0.7564772963523865,0.7649271488189697,7.564773113477585e-11,7.649272187881806e-11,0.015625,0.984375,0.8545271158218384,0.9080127477645874,0.5677083730697632,0.015625,0.02083333395421505
5,decoder.layers.3.blocks.6.intermediate.dense,6.548305034637451,6.235695838928223,-0.31260931491851807,0.000334015057887882,1.0,0.0,0.006532249506562948,0.029178515076637268,0.4427083432674408,0.5572916865348816,0.5437546968460083,0.5437546968460083,5.4375469404899235e-11,5.4375469404899235e-11,0.0,1.0,0.5502870082855225,0.5502870082855225,0.4427083432674408,0.0,0.0
5,decoder.layers.3.blocks.6.output.dense,5.9369330406188965,5.5910749435424805,-0.3458586633205414,0.00034761312417685986,1.0,0.0,0.032754480838775635,0.07313231378793716,0.390625,0.609375,0.8484303951263428,0.8484303951263428,8.484304231393125e-11,8.484304231393125e-11,0.0,1.0,0.8811849355697632,0.8811849355697632,0.390625,0.0,0.0
5,decoder.layers.3.blocks.7.attention.self.continuous_position_bias_mlp.0,7.398535251617432,7.285884380340576,-0.11265106499195099,0.0001755490666255355,0.724609375,0.26171875,2.536964530008845e-05,0.0019726669415831566,0.458984375,0.52734375,0.12011779099702835,0.3347398042678833,1.2011778724452249e-11,3.347398400133095e-11,0.359375,0.626953125,0.12014316022396088,0.33498406410217285,0.47920793294906616,0.6198019981384277,0.6264822483062744
5,decoder.layers.3.blocks.7.attention.self.continuous_position_bias_mlp.2,7.90181303024292,8.001619338989258,0.09980630874633789,-0.00010913688311120495,0.6666666865348816,0.3333333432674408,-0.0048071942292153835,0.04867967218160629,0.6666666865348816,0.3333333432674408,0.02290990576148033,0.05273764580488205,2.290990747805255e-12,5.273764064339659e-12,0.3333333432674408,0.6666666865348816,0.01810271106660366,0.0782938152551651,1.0,0.6666666865348816,0.6666666865348816
5,decoder.layers.3.blocks.7.attention.self.query,6.462833404541016,6.125997066497803,-0.33683690428733826,0.000344092957675457,1.0,0.0,0.004736894741654396,0.02183735929429531,0.4427083432674408,0.5572916865348816,0.597703218460083,0.597703218460083,5.977032063730903e-11,5.977032063730903e-11,0.0,1.0,0.6024400591850281,0.6024400591850281,0.4427083432674408,0.0,0.0
5,decoder.layers.3.blocks.7.attention.self.key,6.381909370422363,6.0443572998046875,-0.33755168318748474,0.0003454534453339875,1.0,0.0,-0.0030710119754076004,0.022706691175699234,0.5260416865348816,0.4739583432674408,0.622994065284729,0.622994065284729,6.229940868740513e-11,6.229940868740513e-11,0.0,1.0,0.6199230551719666,0.6199230551719666,0.5260416865348816,0.0,0.0
5,decoder.layers.3.blocks.7.attention.self.value,6.612644195556641,6.304589748382568,-0.30805474519729614,0.0003214805037714541,0.9895833730697632,0.010416666977107525,0.01261112466454506,0.18230991065502167,0.4791666865348816,0.5208333730697632,0.5208009481430054,0.5208009481430054,5.208009024038063e-11,5.208009024038063e-11,0.0,1.0,0.5334120392799377,0.5526042580604553,0.4895833432674408,0.010416666977107525,0.0416666679084301
5,decoder.layers.3.blocks.7.attention.output.dense,5.932131767272949,5.610198974609375,-0.3219323754310608,0.0003360642585903406,1.0,0.0,0.04831376299262047,0.1239851713180542,0.4322916865348816,0.5677083730697632,0.8144195079803467,0.8144195079803467,8.144195040582503e-11,8.144195040582503e-11,0.0,1.0,0.8627333045005798,0.8737937808036804,0.4322916865348816,0.0,0.015625
5,decoder.layers.3.blocks.7.intermediate.dense,6.452058792114258,6.142862319946289,-0.309196412563324,0.00033417082158848643,0.9986979365348816,0.0013020833721384406,0.030099105089902878,0.07551966607570648,0.4309895932674408,0.5690104365348816,0.5654229521751404,0.5660893321037292,5.6542295151507105e-11,5.660893281911328e-11,0.0013020833721384406,0.9986979365348816,0.5955221056938171,0.5979415774345398,0.4322916865348816,0.0026041667442768812,0.00390625
5,decoder.layers.3.blocks.7.output.dense,5.69471549987793,5.380183219909668,-0.3145332932472229,0.0003392206854186952,1.0,0.0,0.24620914459228516,0.2608552873134613,0.375,0.625,0.8738045692443848,0.8738045692443848,8.738045703671204e-11,8.738045703671204e-11,0.0,1.0,1.12001371383667,1.12001371383667,0.375,0.0,0.0
5,residual_blocks.0.0.pwconv1,7.114103317260742,6.8504462242126465,-0.26365727186203003,0.000294335070066154,1.0,0.0,0.0016432662960141897,0.02503734827041626,0.4661458432674408,0.5338541865348816,0.3074924349784851,0.3074924349784851,3.074924342927332e-11,3.074924342927332e-11,0.0,1.0,0.30913570523262024,0.30913570523262024,0.4661458432674408,0.0,0.0
5,residual_blocks.0.0.pwconv2,5.969846725463867,5.677955627441406,-0.29189133644104004,0.0003161283675581217,1.0,0.0,0.0018168047536164522,0.05478876829147339,0.4739583432674408,0.5260416865348816,0.800940752029419,0.800940752029419,8.009408414277885e-11,8.009408414277885e-11,0.0,1.0,0.8027576208114624,0.804790198802948,0.4739583432674408,0.0,0.0052083334885537624
5,residual_blocks.0.1.pwconv1,7.095921993255615,6.834922790527344,-0.26099976897239685,0.0002952260838355869,1.0,0.0,0.0010635039070621133,0.02024153061211109,0.4713541865348816,0.5286458730697632,0.3108522891998291,0.3108522891998291,3.108523161099441e-11,3.108523161099441e-11,0.0,1.0,0.3119158148765564,0.3122842311859131,0.4713541865348816,0.0,0.0013020833721384406
5,residual_blocks.0.1.pwconv2,6.127030849456787,5.834971904754639,-0.29205891489982605,0.0003150392440147698,1.0,0.0,-0.0010224566794931889,0.03214268386363983,0.4895833432674408,0.5104166865348816,0.7028367519378662,0.7031320333480835,7.02836816524055e-11,7.031319970707273e-11,0.0052083334885537624,0.9947916865348816,0.7018143534660339,0.7050572633743286,0.4895833432674408,0.0052083334885537624,0.010416666977107525
5,residual_blocks.1.0.pwconv1,6.778802394866943,6.470542907714844,-0.30825936794281006,0.0003265555715188384,1.0,0.0,0.00046997162280604243,0.01977112889289856,0.5013021230697632,0.4986979365348816,0.45049095153808594,0.45049095153808594,4.504909639768684e-11,4.504909639768684e-11,0.0,1.0,0.4509609639644623,0.4509609639644623,0.5013021230697632,0.0,0.0
5,residual_blocks.1.0.pwconv2,6.521577835083008,6.221826076507568,-0.299751877784729,0.00031808731728233397,1.0,0.0,0.0007308110361918807,0.030347533524036407,0.5104166865348816,0.4895833432674408,0.564113438129425,0.564113438129425,5.641134434575257e-11,5.641134434575257e-11,0.0,1.0,0.5648442506790161,0.5648442506790161,0.5104166865348816,0.0,0.0
5,residual_blocks.1.1.pwconv1,6.773319244384766,6.471213340759277,-0.30210644006729126,0.0003249104192946106,1.0,0.0,-0.0002776232431642711,0.018644753843545914,0.48828125,0.51171875,0.44532904028892517,0.44532904028892517,4.4532905141281276e-11,4.4532905141281276e-11,0.0,1.0,0.4450514316558838,0.4450514316558838,0.48828125,0.0,0.0
5,residual_blocks.1.1.pwconv2,6.519652366638184,6.226481914520264,-0.2931700050830841,0.000312139221932739,1.0,0.0,-0.00038700219010934234,0.029048532247543335,0.46875,0.53125,0.5656930804252625,0.5656930804252625,5.6569304796028064e-11,5.6569304796028064e-11,0.0,1.0,0.5653060674667358,0.5653060674667358,0.46875,0.0,0.0
5,residual_blocks.2.0.pwconv1,6.6895647048950195,6.357468605041504,-0.332096129655838,0.00034193176543340087,1.0,0.0,7.013547474343795e-06,0.0004354508710093796,0.5035807490348816,0.4964192807674408,0.49630916118621826,0.49630916118621826,4.963091743137582e-11,4.963091743137582e-11,0.0,1.0,0.49631616473197937,0.49631616473197937,0.5035807490348816,0.0,0.0
5,residual_blocks.2.0.pwconv2,5.744453430175781,5.409473419189453,-0.3349802494049072,0.00034396976116113365,1.0,0.0,5.174583202460781e-05,0.0005602178862318397,0.4739583432674408,0.5260416865348816,0.9159702062606812,0.9159702062606812,9.159702857308716e-11,9.159702857308716e-11,0.0,1.0,0.916022002696991,0.916022002696991,0.4739583432674408,0.0,0.0
5,residual_blocks.2.1.pwconv1,6.693437576293945,6.360415935516357,-0.3330211043357849,0.00034203226095996797,1.0,0.0,6.193558874656446e-06,0.0004060449718963355,0.501953125,0.498046875,0.49655216932296753,0.49655216932296753,4.9655217437827304e-11,4.9655217437827304e-11,0.0,1.0,0.49655836820602417,0.49655836820602417,0.501953125,0.0,0.0
5,residual_blocks.2.1.pwconv2,5.565265655517578,5.2201385498046875,-0.3451271653175354,0.0003472727257758379,1.0,0.0,-1.0397363439551555e-05,0.0005401897360570729,0.4973958432674408,0.5026041865348816,1.0093181133270264,1.0093181133270264,1.0093181151971109e-10,1.0093181151971109e-10,0.0,1.0,1.0093077421188354,1.0093077421188354,0.4973958432674408,0.0,0.0
