{
  "baseline_metrics": {
    "relative_l1_mean": 0.26318034529685974,
    "relative_l1_median": 0.17719757556915283,
    "relative_l1_std": 0.26871201395988464,
    "relative_l1_min": 0.026804538443684578,
    "relative_l1_max": 1.7948561906814575,
    "l1_mean": 68.86231231689453,
    "l1_median": 46.27892303466797,
    "l1_std": 72.17163848876953,
    "l1_min": 6.044553279876709,
    "l1_max": 559.4566650390625,
    "relative_l2_mean": 0.38954925537109375,
    "relative_l2_median": 0.27086585760116577,
    "relative_l2_std": 0.3720110058784485,
    "relative_l2_min": 0.05694273114204407,
    "relative_l2_max": 2.496000289916992,
    "l2_mean": 0.5264236927032471,
    "l2_median": 0.37245941162109375,
    "l2_std": 0.5181623101234436,
    "l2_min": 0.06716052442789078,
    "l2_max": 4.141008377075195,
    "predictions_mean_abs_div": 0.023171517997980118,
    "predictions_median_abs_div": 0.016141176223754883,
    "predictions_max_abs_div": 1.4554252624511719,
    "predictions_std_abs_div": 0.026236696168780327,
    "labels_mean_abs_div": 0.01567895896732807,
    "labels_median_abs_div": 0.010840892791748047,
    "labels_max_abs_div": 1.1231765747070312,
    "labels_std_abs_div": 0.02045663446187973,
    "divergence_ratio": 1.477873492652015
  },
  "ppq_original_metrics": {
    "relative_l1_mean": 30.470487594604492,
    "relative_l1_median": 33.4619140625,
    "relative_l1_std": 13.624968528747559,
    "relative_l1_min": 7.04730224609375,
    "relative_l1_max": 52.01787185668945,
    "l1_mean": 7938.1787109375,
    "l1_median": 8603.958984375,
    "l1_std": 3670.3466796875,
    "l1_min": 2011.759765625,
    "l1_max": 16061.5869140625,
    "relative_l2_mean": 39.865570068359375,
    "relative_l2_median": 43.993934631347656,
    "relative_l2_std": 18.101675033569336,
    "relative_l2_min": 8.8466157913208,
    "relative_l2_max": 68.57974243164062,
    "l2_mean": 53.607967376708984,
    "l2_median": 58.13774108886719,
    "l2_std": 25.131240844726562,
    "l2_min": 12.883878707885742,
    "l2_max": 109.24824523925781,
    "predictions_mean_abs_div": 1.429363489151001,
    "predictions_median_abs_div": 1.1688783168792725,
    "predictions_max_abs_div": 16.232471466064453,
    "predictions_std_abs_div": 1.1349444389343262,
    "labels_mean_abs_div": 0.01567895896732807,
    "labels_median_abs_div": 0.010840892791748047,
    "labels_max_abs_div": 1.1231765747070312,
    "labels_std_abs_div": 0.02045663446187973,
    "divergence_ratio": 91.16443783117712
  },
  "ppq_sobolev_metrics": {
    "relative_l1_mean": 30.30472183227539,
    "relative_l1_median": 33.75951385498047,
    "relative_l1_std": 13.686476707458496,
    "relative_l1_min": 7.018625736236572,
    "relative_l1_max": 51.9707145690918,
    "l1_mean": 7894.9462890625,
    "l1_median": 8629.9853515625,
    "l1_std": 3684.592529296875,
    "l1_min": 1993.2362060546875,
    "l1_max": 16054.8251953125,
    "relative_l2_mean": 39.6497688293457,
    "relative_l2_median": 44.23583221435547,
    "relative_l2_std": 18.140544891357422,
    "relative_l2_min": 8.840677261352539,
    "relative_l2_max": 68.58756256103516,
    "l2_mean": 53.31828308105469,
    "l2_median": 58.41436767578125,
    "l2_std": 25.17667007446289,
    "l2_min": 12.783321380615234,
    "l2_max": 109.09932708740234,
    "predictions_mean_abs_div": 1.3144078254699707,
    "predictions_median_abs_div": 1.037711501121521,
    "predictions_max_abs_div": 16.408489227294922,
    "predictions_std_abs_div": 1.1025433540344238,
    "labels_mean_abs_div": 0.01567895896732807,
    "labels_median_abs_div": 0.010840892791748047,
    "labels_max_abs_div": 1.1231765747070312,
    "labels_std_abs_div": 0.02045663446187973,
    "divergence_ratio": 83.83259499726249
  },
  "comparison_vs_baseline": {
    "l1_mean": {
      "baseline": 68.86231231689453,
      "ppq_orig": 7938.1787109375,
      "ppq_sobolev": 7894.9462890625,
      "ppq_orig_diff": 7869.3163986206055,
      "ppq_orig_ratio": 115.27609869397095,
      "ppq_sobolev_diff": 7826.0839767456055,
      "ppq_sobolev_ratio": 114.64828907764482
    },
    "relative_l1_mean": {
      "baseline": 0.26318034529685974,
      "ppq_orig": 30.470487594604492,
      "ppq_sobolev": 30.30472183227539,
      "ppq_orig_diff": 30.207307249307632,
      "ppq_orig_ratio": 115.77797559357595,
      "ppq_sobolev_diff": 30.04154148697853,
      "ppq_sobolev_ratio": 115.14811943109736
    },
    "l2_mean": {
      "baseline": 0.5264236927032471,
      "ppq_orig": 53.607967376708984,
      "ppq_sobolev": 53.31828308105469,
      "ppq_orig_diff": 53.08154368400574,
      "ppq_orig_ratio": 101.83426034896718,
      "ppq_sobolev_diff": 52.79185938835144,
      "ppq_sobolev_ratio": 101.2839730050101
    },
    "relative_l2_mean": {
      "baseline": 0.38954925537109375,
      "ppq_orig": 39.865570068359375,
      "ppq_sobolev": 39.6497688293457,
      "ppq_orig_diff": 39.47602081298828,
      "ppq_orig_ratio": 102.33768777270582,
      "ppq_sobolev_diff": 39.26021957397461,
      "ppq_sobolev_ratio": 101.78371100073757
    },
    "divergence_ratio": {
      "baseline": 1.477873492652015,
      "ppq_orig": 91.16443783117712,
      "ppq_sobolev": 83.83259499726249,
      "ppq_orig_diff": 89.68656433852512,
      "ppq_orig_ratio": 61.68622570496385,
      "ppq_sobolev_diff": 82.35472150461048,
      "ppq_sobolev_ratio": 56.725149624796245
    }
  }
}