{
  "relative_l1_mean": 0.10381654649972916,
  "relative_l1_median": 0.06219562143087387,
  "relative_l1_std": 0.10020085424184799,
  "relative_l1_min": 0.015048525296151638,
  "relative_l1_max": 0.5546329021453857,
  "l1_mean": 21.284469604492188,
  "l1_median": 12.679784774780273,
  "l1_std": 20.940319061279297,
  "l1_min": 2.8204798698425293,
  "l1_max": 121.62863159179688,
  "relative_l2_mean": 0.14312952756881714,
  "relative_l2_median": 0.08172237873077393,
  "relative_l2_std": 0.1451534628868103,
  "relative_l2_min": 0.01837966777384281,
  "relative_l2_max": 0.8883443474769592,
  "l2_mean": 0.15359032154083252,
  "l2_median": 0.0884958803653717,
  "l2_std": 0.1582963615655899,
  "l2_min": 0.019272789359092712,
  "l2_max": 1.0102280378341675,
  "predictions_mean_abs_div": 0.011926855891942978,
  "predictions_median_abs_div": 0.00969398021697998,
  "predictions_max_abs_div": 0.24096965789794922,
  "predictions_std_abs_div": 0.009751257486641407,
  "labels_mean_abs_div": 0.011199860833585262,
  "labels_median_abs_div": 0.009128212928771973,
  "labels_max_abs_div": 0.11481285095214844,
  "labels_std_abs_div": 0.00907861813902855,
  "divergence_ratio": 1.0649110701167424
}