{
  "relative_l1_mean": 0.10390251874923706,
  "relative_l1_median": 0.06227806955575943,
  "relative_l1_std": 0.09990795701742172,
  "relative_l1_min": 0.01572295092046261,
  "relative_l1_max": 0.5541524887084961,
  "l1_mean": 21.299348831176758,
  "l1_median": 12.717683792114258,
  "l1_std": 20.8763427734375,
  "l1_min": 2.9082114696502686,
  "l1_max": 121.52327728271484,
  "relative_l2_mean": 0.14334560930728912,
  "relative_l2_median": 0.0820680633187294,
  "relative_l2_std": 0.1448429524898529,
  "relative_l2_min": 0.019142137840390205,
  "relative_l2_max": 0.8876932859420776,
  "l2_mean": 0.15380607545375824,
  "l2_median": 0.0886664092540741,
  "l2_std": 0.1579444408416748,
  "l2_min": 0.019695522263646126,
  "l2_max": 1.0094876289367676,
  "predictions_mean_abs_div": 0.011961184442043304,
  "predictions_median_abs_div": 0.009725332260131836,
  "predictions_max_abs_div": 0.23851704597473145,
  "predictions_std_abs_div": 0.00977380946278572,
  "labels_mean_abs_div": 0.011199860833585262,
  "labels_median_abs_div": 0.009128212928771973,
  "labels_max_abs_div": 0.11481285095214844,
  "labels_std_abs_div": 0.00907861813902855,
  "divergence_ratio": 1.0679761572909396
}