{
  "ppq_metrics": {
    "relative_l1_mean": 13.677526473999023,
    "relative_l1_median": 13.538719177246094,
    "relative_l1_std": 6.295151233673096,
    "relative_l1_min": 4.896603107452393,
    "relative_l1_max": 29.067771911621094,
    "l1_mean": 2794.65185546875,
    "l1_median": 2741.67333984375,
    "l1_std": 1318.8690185546875,
    "l1_min": 996.2392578125,
    "l1_max": 5952.51171875,
    "relative_l2_mean": 18.159107208251953,
    "relative_l2_median": 17.98149871826172,
    "relative_l2_std": 8.109987258911133,
    "relative_l2_min": 7.008846759796143,
    "relative_l2_max": 38.07550811767578,
    "l2_mean": 19.42032241821289,
    "l2_median": 19.002582550048828,
    "l2_std": 8.861058235168457,
    "l2_min": 7.440235614776611,
    "l2_max": 40.70604705810547,
    "predictions_mean_abs_div": 0.49066945910453796,
    "predictions_median_abs_div": 0.3836970925331116,
    "predictions_max_abs_div": 8.50268840789795,
    "predictions_std_abs_div": 0.4596332609653473,
    "labels_mean_abs_div": 0.011199860833585262,
    "labels_median_abs_div": 0.009128212928771973,
    "labels_max_abs_div": 0.11481285095214844,
    "labels_std_abs_div": 0.00907861813902855,
    "divergence_ratio": 43.81031711145243
  },
  "dynamic_weight_metrics": {
    "relative_l1_mean": 0.17639629542827606,
    "relative_l1_median": 0.14249202609062195,
    "relative_l1_std": 0.10394233465194702,
    "relative_l1_min": 0.06933583319187164,
    "relative_l1_max": 0.62205970287323,
    "l1_mean": 36.08341598510742,
    "l1_median": 29.616939544677734,
    "l1_std": 21.87073516845703,
    "l1_min": 13.659414291381836,
    "l1_max": 138.51995849609375,
    "relative_l2_mean": 0.2273883819580078,
    "relative_l2_median": 0.17796045541763306,
    "relative_l2_std": 0.14792056381702423,
    "relative_l2_min": 0.08449257165193558,
    "relative_l2_max": 0.9502612948417664,
    "l2_mean": 0.24352169036865234,
    "l2_median": 0.19303607940673828,
    "l2_std": 0.1619797945022583,
    "l2_min": 0.08649992942810059,
    "l2_max": 1.080640196800232,
    "predictions_mean_abs_div": 0.017031198367476463,
    "predictions_median_abs_div": 0.014181986451148987,
    "predictions_max_abs_div": 0.24028074741363525,
    "predictions_std_abs_div": 0.013444602489471436,
    "labels_mean_abs_div": 0.011199860833585262,
    "labels_median_abs_div": 0.009128212928771973,
    "labels_max_abs_div": 0.11481285095214844,
    "labels_std_abs_div": 0.00907861813902855,
    "divergence_ratio": 1.5206615928957337
  },
  "dynamic_weight_activation_metrics": {
    "relative_l1_mean": 0.29364117980003357,
    "relative_l1_median": 0.27009284496307373,
    "relative_l1_std": 0.11004967987537384,
    "relative_l1_min": 0.15400180220603943,
    "relative_l1_max": 0.7311034798622131,
    "l1_mean": 59.935447692871094,
    "l1_median": 54.56311798095703,
    "l1_std": 23.250808715820312,
    "l1_min": 30.384159088134766,
    "l1_max": 161.64402770996094,
    "relative_l2_mean": 0.36086052656173706,
    "relative_l2_median": 0.32477954030036926,
    "relative_l2_std": 0.15711571276187897,
    "relative_l2_min": 0.17521436512470245,
    "relative_l2_max": 1.0648614168167114,
    "l2_mean": 0.3857785165309906,
    "l2_median": 0.3421914279460907,
    "l2_std": 0.17231415212154388,
    "l2_min": 0.17796406149864197,
    "l2_max": 1.2109639644622803,
    "predictions_mean_abs_div": 0.02742382138967514,
    "predictions_median_abs_div": 0.02291516214609146,
    "predictions_max_abs_div": 0.31929564476013184,
    "predictions_std_abs_div": 0.02120709791779518,
    "labels_mean_abs_div": 0.011199860833585262,
    "labels_median_abs_div": 0.009128212928771973,
    "labels_max_abs_div": 0.11481285095214844,
    "labels_std_abs_div": 0.00907861813902855,
    "divergence_ratio": 2.4485858844406487
  },
  "comparison_vs_baseline": {
    "l1_mean": {
      "baseline": 21.284469604492188,
      "ppq": 2794.65185546875,
      "dynamic_weight": 36.08341598510742,
      "dynamic_weight_activation": 59.935447692871094,
      "ppq_diff": 2773.367385864258,
      "ppq_ratio": 131.30004681341904,
      "dynamic_weight_diff": 14.798946380615234,
      "dynamic_weight_ratio": 1.6952931717636108,
      "dynamic_weight_activation_diff": 38.650978088378906,
      "dynamic_weight_activation_ratio": 2.8159239486155023
    },
    "relative_l1_mean": {
      "baseline": 0.10381654649972916,
      "ppq": 13.677526473999023,
      "dynamic_weight": 0.17639629542827606,
      "dynamic_weight_activation": 0.29364117980003357,
      "ppq_diff": 13.573709927499294,
      "ppq_ratio": 131.74707630929487,
      "dynamic_weight_diff": 0.0725797489285469,
      "dynamic_weight_ratio": 1.6991154240238298,
      "dynamic_weight_activation_diff": 0.1898246333003044,
      "dynamic_weight_activation_ratio": 2.828462222040599
    },
    "l2_mean": {
      "baseline": 0.15359032154083252,
      "ppq": 19.42032241821289,
      "dynamic_weight": 0.24352169036865234,
      "dynamic_weight_activation": 0.3857785165309906,
      "ppq_diff": 19.266732096672058,
      "ppq_ratio": 126.44235797711698,
      "dynamic_weight_diff": 0.08993136882781982,
      "dynamic_weight_ratio": 1.5855275770246091,
      "dynamic_weight_activation_diff": 0.23218819499015808,
      "dynamic_weight_activation_ratio": 2.511737150220877
    },
    "relative_l2_mean": {
      "baseline": 0.14312952756881714,
      "ppq": 18.159107208251953,
      "dynamic_weight": 0.2273883819580078,
      "dynamic_weight_activation": 0.36086052656173706,
      "ppq_diff": 18.015977680683136,
      "ppq_ratio": 126.87184480081598,
      "dynamic_weight_diff": 0.08425885438919067,
      "dynamic_weight_ratio": 1.588689530516965,
      "dynamic_weight_activation_diff": 0.21773099899291992,
      "dynamic_weight_activation_ratio": 2.5212165001083577
    },
    "divergence_ratio": {
      "baseline": 1.0649110701167424,
      "ppq": 43.81031711145243,
      "dynamic_weight": 1.5206615928957337,
      "dynamic_weight_activation": 2.4485858844406487,
      "ppq_diff": 42.745406041335684,
      "ppq_ratio": 41.1398832642509,
      "dynamic_weight_diff": 0.4557505227789913,
      "dynamic_weight_ratio": 1.4279704996658555,
      "dynamic_weight_activation_diff": 1.3836748143239064,
      "dynamic_weight_activation_ratio": 2.2993336750362823
    }
  }
}