{
  "ppq_metrics": {
    "relative_l1_mean": 13.677215576171875,
    "relative_l1_median": 13.513330459594727,
    "relative_l1_std": 6.294253826141357,
    "relative_l1_min": 4.88267183303833,
    "relative_l1_max": 29.089399337768555,
    "l1_mean": 2794.583740234375,
    "l1_median": 2735.240234375,
    "l1_std": 1318.6483154296875,
    "l1_min": 993.4469604492188,
    "l1_max": 5941.50390625,
    "relative_l2_mean": 18.158061981201172,
    "relative_l2_median": 18.00235366821289,
    "relative_l2_std": 8.109061241149902,
    "relative_l2_min": 7.0188164710998535,
    "relative_l2_max": 38.089622497558594,
    "l2_mean": 19.41913604736328,
    "l2_median": 18.982666015625,
    "l2_std": 8.859848976135254,
    "l2_min": 7.45081901550293,
    "l2_max": 40.72113800048828,
    "predictions_mean_abs_div": 0.49087682366371155,
    "predictions_median_abs_div": 0.38388359546661377,
    "predictions_max_abs_div": 8.359269142150879,
    "predictions_std_abs_div": 0.45967167615890503,
    "labels_mean_abs_div": 0.011199860833585262,
    "labels_median_abs_div": 0.009128212928771973,
    "labels_max_abs_div": 0.11481285095214844,
    "labels_std_abs_div": 0.00907861813902855,
    "divergence_ratio": 43.82883203412899
  },
  "dynamic_weight_metrics": {
    "relative_l1_mean": 0.1764158308506012,
    "relative_l1_median": 0.142555832862854,
    "relative_l1_std": 0.1038125529885292,
    "relative_l1_min": 0.06970994919538498,
    "relative_l1_max": 0.620939314365387,
    "l1_mean": 36.08536148071289,
    "l1_median": 29.670501708984375,
    "l1_std": 21.839189529418945,
    "l1_min": 13.686935424804688,
    "l1_max": 138.27047729492188,
    "relative_l2_mean": 0.22733785212039948,
    "relative_l2_median": 0.17792139947414398,
    "relative_l2_std": 0.14772160351276398,
    "relative_l2_min": 0.08478620648384094,
    "relative_l2_max": 0.9498875737190247,
    "l2_mean": 0.24345631897449493,
    "l2_median": 0.19248861074447632,
    "l2_std": 0.16174288094043732,
    "l2_min": 0.08665095269680023,
    "l2_max": 1.0802152156829834,
    "predictions_mean_abs_div": 0.017075208947062492,
    "predictions_median_abs_div": 0.014206647872924805,
    "predictions_max_abs_div": 0.23836946487426758,
    "predictions_std_abs_div": 0.013489125296473503,
    "labels_mean_abs_div": 0.011199860833585262,
    "labels_median_abs_div": 0.009128212928771973,
    "labels_max_abs_div": 0.11481285095214844,
    "labels_std_abs_div": 0.00907861813902855,
    "divergence_ratio": 1.5245911577222089
  },
  "dynamic_weight_activation_metrics": {
    "relative_l1_mean": 0.2937189042568207,
    "relative_l1_median": 0.27067333459854126,
    "relative_l1_std": 0.10998942703008652,
    "relative_l1_min": 0.15442682802677155,
    "relative_l1_max": 0.7273210883140564,
    "l1_mean": 59.950992584228516,
    "l1_median": 54.672393798828125,
    "l1_std": 23.237224578857422,
    "l1_min": 30.441076278686523,
    "l1_max": 159.8357696533203,
    "relative_l2_mean": 0.36093467473983765,
    "relative_l2_median": 0.32467901706695557,
    "relative_l2_std": 0.15704011917114258,
    "relative_l2_min": 0.17520153522491455,
    "relative_l2_max": 1.0565180778503418,
    "l2_mean": 0.38585183024406433,
    "l2_median": 0.3433994948863983,
    "l2_std": 0.17221321165561676,
    "l2_min": 0.1783655434846878,
    "l2_max": 1.201475739479065,
    "predictions_mean_abs_div": 0.027420906350016594,
    "predictions_median_abs_div": 0.022893525660037994,
    "predictions_max_abs_div": 0.2854037880897522,
    "predictions_std_abs_div": 0.0212263036519289,
    "labels_mean_abs_div": 0.011199860833585262,
    "labels_median_abs_div": 0.009128212928771973,
    "labels_max_abs_div": 0.11481285095214844,
    "labels_std_abs_div": 0.00907861813902855,
    "divergence_ratio": 2.448325609810827
  },
  "comparison_vs_baseline": {
    "l1_mean": {
      "baseline": 21.299348831176758,
      "ppq": 2794.583740234375,
      "dynamic_weight": 36.08536148071289,
      "dynamic_weight_activation": 59.950992584228516,
      "ppq_diff": 2773.2843914031982,
      "ppq_ratio": 131.20512567706734,
      "dynamic_weight_diff": 14.786012649536133,
      "dynamic_weight_ratio": 1.6942002202382604,
      "dynamic_weight_activation_diff": 38.65164375305176,
      "dynamic_weight_activation_ratio": 2.814686639455987
    },
    "relative_l1_mean": {
      "baseline": 0.10390251874923706,
      "ppq": 13.677215576171875,
      "dynamic_weight": 0.1764158308506012,
      "dynamic_weight_activation": 0.2937189042568207,
      "ppq_diff": 13.573313057422638,
      "ppq_ratio": 131.63507238019355,
      "dynamic_weight_diff": 0.07251331210136414,
      "dynamic_weight_ratio": 1.6978975386984898,
      "dynamic_weight_activation_diff": 0.18981638550758362,
      "dynamic_weight_activation_ratio": 2.8268699141246807
    },
    "l2_mean": {
      "baseline": 0.15380607545375824,
      "ppq": 19.41913604736328,
      "dynamic_weight": 0.24345631897449493,
      "dynamic_weight_activation": 0.38585183024406433,
      "ppq_diff": 19.265329971909523,
      "ppq_ratio": 126.25727553314617,
      "dynamic_weight_diff": 0.0896502435207367,
      "dynamic_weight_ratio": 1.5828784282718866,
      "dynamic_weight_activation_diff": 0.2320457547903061,
      "dynamic_weight_activation_ratio": 2.5086904343876966
    },
    "relative_l2_mean": {
      "baseline": 0.14334560930728912,
      "ppq": 18.158061981201172,
      "dynamic_weight": 0.22733785212039948,
      "dynamic_weight_activation": 0.36093467473983765,
      "ppq_diff": 18.014716371893883,
      "ppq_ratio": 126.6733042527251,
      "dynamic_weight_diff": 0.08399224281311035,
      "dynamic_weight_ratio": 1.5859422079086547,
      "dynamic_weight_activation_diff": 0.21758906543254852,
      "dynamic_weight_activation_ratio": 2.517933241775032
    },
    "divergence_ratio": {
      "baseline": 1.0679761572909396,
      "ppq": 43.82883203412899,
      "dynamic_weight": 1.5245911577222089,
      "dynamic_weight_activation": 2.448325609810827,
      "ppq_diff": 42.76085587683805,
      "ppq_ratio": 41.039148425621676,
      "dynamic_weight_diff": 0.45661500043126924,
      "dynamic_weight_ratio": 1.4275516801686892,
      "dynamic_weight_activation_diff": 1.3803494525198872,
      "dynamic_weight_activation_ratio": 2.2924908885784774
    }
  }
}